:020000040800F2
:10000000D03C0124E9020008C9FF000819E10008FA
:10001000C1FF000899050008A96E01080000000052
:10002000000000000000000000000000B90B010803
:100030009114000800000000E1030108510C0108C0
:100040000303000803030008030300080303000878
:100050000303000803030008030300080303000868
:10006000030300080303000803030008B1080008A5
:10007000C1080008D1080008E1080008F1080008DC
:10008000010900081109000803030008C114000851
:10009000D114000803030008030300080303000849
:1000A0000303000803030008030300080303000818
:1000B0000303000803030008690E01080303000896
:1000C00003030008030300080303000803030008F8
:1000D00089070108C134010803030008030300086D
:1000E000991400080303000800000000030300083F
:1000F00003030008030300080303000821090008A4
:100100000303000803030008790E01080303000835
:1001100003030008291C0108030300080303000867
:1001200031090008410900085109000803030008CB
:100130006109000803030008030300080303000823
:1001400000000000000000000000000000000000AF
:100150000303000803030008030300080303000867
:100160000303000803030008030300080303000857
:100170000303000841000108030300080000000019
:100180000303000803030008391C0108491C010887
:100190000303000803030008030300080303000827
:1001A0000303000803030008030300080000000025
:1001B0000303000803030008030300080303000807
:1001C0000303000803030008000000000000000013
:1001D0000000000000000000030300080000000011
:1001E000000000000000000000000000000000000F
:1001F00000000000000000000303000803030008E3
:1002000003030008030300080000000003030008C4
:1002100003030008030300080303000803030008A6
:1002200003030008000000000303000800000000B2
:100230000303000803030008000000000303000894
:100240000303000803030008030300080303000876
:100250000303000803030008030300080303000866
:100260000303000803030008030300080303000856
:100270000303000803030008030300080000000054
:100280000303000803030008030300080303000836
:100290000000000003030008030300080000000042
:1002A000000000000303000803030008591C0108B4
:1002B000B13401080303000803030008E114000837
:1002C000030300080303000803030008DFF814D049
:1002D00000F0E6F800F070F800480047193A02080C
:1002E00000F0FAF8D03C0124064880470648004751
:1002F000FEE7FEE7FEE7FEE7FEE7FEE7FEE7FEE7D6
:10030000FEE7FEE7290D0108CD0200082DE9F05FA8
:100310000546002092469B46884606468146402474
:100320001BE0284641464746224600F06DF85346FA
:100330005A46C01A914110D311461846224600F081
:1003400054F82D1A67EB01084F4622460120002180
:1003500000F04BF817EB00094E41201EA4F10104F8
:10036000DFDC484631462A464346BDE8F09F40EA76
:1003700001039B0703D009E008C9121F08C0042A23
:10038000FAD203E011F8013B00F8013B521EF9D20A
:100390007047D2B201E000F8012B491EFBD2704732
:1003A0000022F6E710B513460A4604461946FFF741
:1003B000F0FF204610BD00007CB5074800900748BC
:1003C00001900546009C04E02046016808448047EF
:1003D000241DAC42F8D17CBD585E0208605E020864
:1003E0000B460146184600F01FB8202A04DB203ACD
:1003F00000FA02F1002070479140C2F1200320FA78
:1004000003F3194390407047202A04DB203A21FA75
:1004100002F00021704721FA02F3D040C2F120021D
:1004200091400843194670472DE9F04107461546AB
:100430000E46102024F0DAFD040013D06760C4E9F2
:1004400002650948AFF3008000F042F801682160BE
:1004500006490460002008600348AFF300800020D4
:10046000BDE8F0810120FBE7B92D0208100000244F
:1004700070B521F0004303430CD0C1F30A550024AA
:10048000D5EB040564EB0403D617AD1AB34102DBC8
:100490000020014670BD201841EB025170BD0000E4
:1004A0001CB509480090094801900546009C06E0EB
:1004B000E06840F0010394E8070098471034AC422C
:1004C000F6D3FFF707FF0000385E0208585E020807
:1004D000004870470C0000242DE9F84306461548F3
:1004E000AFF30080FFF7F4FF81464D46E846124F18
:1004F00016E026B1E068B04201D0254610E0206841
:1005000028600C48C7F80080AFF30080D4E90101EF
:1005100088470848AFF300803968414500D04D4610
:100520002C68002CE5D1002038600248AFF3008031
:10053000BDE8F883B92D020810000024704770B59B
:100540008C1810F8015B15F0070301D110F8013B7E
:100550002A1106D110F8012B03E010F8016B01F805
:10056000016B5B1EF9D12B0705D40023521E0DD45D
:1005700001F8013BFAE710F8013BCB1A921C03E0AB
:1005800013F8015B01F8015B521EF9D5A142D8D3E3
:10059000002070BD00000000FFE7FEE70000000043
:1005A00080B594B013901291139800684AF200013C
:1005B000C4F20001884227D1FFE7139840F2086196
:1005C000C2F20041086012984863002008900A9027
:1005D0000B9002210C91012107910D910E900F902B
:1005E00045F28800C2F2004009900AA904F008FC14
:1005F0000799089A099804F0BFFA089A09984FF0E9
:10060000007104F0B9FA6DE0139800684AF20041F5
:10061000C4F20001884225D1FFE7139840F2A86197
:10062000C2F20041086012984863002005900A90C9
:100630000B9002210C910D910E900F9045F2281015
:10064000C2F2004006900AA904F0DAFB059A069867
:10065000102104F091FA059A06984FF0007104F009
:100660008BFA3EE0139800684DF20041C4F200019D
:10067000884235D1FFE7139840F2F861C2F2004199
:10068000086012984863002003900A900B900221A2
:1006900001910C91012102910D910E900F9045F264
:1006A000C810C2F2004004900AA904F0A9FB019A04
:1006B000029B049869460B60114604F02DFC029AD7
:1006C0000498114604F048FB0299039A049804F038
:1006D00053FA039A04984FF0007104F04DFAFFE7C3
:1006E000FFE7FFE7139805F0DBFC14B080BD0000C6
:1006F00080B58EB00D90ADF832100B92ADF82A3067
:10070000BDF832000190002002900390BDF82A004D
:10071000082804DCFFE7BDF82A000490FFE7BDF8D5
:100720002A000C2803D1FFE709200490FFE7BDF859
:100730002A00102803D1FFE70A200490FFE7BDF844
:100740002A00142803D1FFE70B200490FFE7BDF82F
:100750002A00182803D1FFE70C200490FFE7BDF81A
:100760002A00202803D1FFE70D200490FFE7BDF801
:100770002A00302803D1FFE70E200490FFE7BDF8E0
:100780002A00402803D1FFE70F200490FFE7002054
:10079000059006900790089009900D980B9A01A972
:1007A00004F06AFA0EB080BD84B08DF80F0002919B
:1007B000ADF806209DF80F000146009123281DD8B2
:1007C0000099DFE801F012131415161B1B1B1B1BED
:1007D0001B1B1B1B1B1B1B1B1B1B1B1B1B1B1B1B69
:1007E0001B1B1B1B1B1B1718191A08E007E006E050
:1007F00005E004E003E002E001E000E0FFE70020A4
:1008000004B07047000000000020704700000000A6
:1008100080B582B044F60C00C2F20040009042F273
:100820008C31C2F200410022019213F0F9F90098D4
:1008300041F68C31C2F2004113F0D2F9019802B0B6
:1008400080BD00000000000080B584B003900291DC
:10085000039944F60C00C2F20040009013F0C0F976
:10086000009813F061F903990298026840F65C0061
:10087000C2F2004001903030FFF779FD01980299F3
:100880000968A0F86010426E0398029909689047C1
:10089000002004B080BD000083B0029001918DF86B
:1008A000032000208DF802009DF9020003B070477C
:1008B00080B544F6D830C2F2004002F025F880BD81
:1008C00080B544F66030C2F2004002F01DF880BDF1
:1008D00080B544F6E820C2F2004002F015F880BD71
:1008E00080B544F6A860C2F2004002F00DF880BD69
:1008F00080B544F63060C2F2004002F005F880BDD9
:1009000080B544F65040C2F2004001F0FDFF80BDCA
:1009100080B544F6C840C2F2004001F0F5FF80BD4A
:1009200080B544F64050C2F2004001F0EDFF80BDBA
:1009300080B544F6B850C2F2004001F0E5FF80BD3A
:1009400080B544F69870C2F2004001F0DDFF80BD32
:1009500080B545F21000C2F2004001F0D5FF80BD25
:1009600080B544F62070C2F2004001F0CDFF80BD9A
:1009700083B002900298016801201022C4F20202A2
:100980009142009000F0A380FFE7029801680120E7
:100990002822C4F202029142009000F09880FFE702
:1009A0000298016801204022C4F2020291420090A4
:1009B00000F08D80FFE70298016801205822C4F200
:1009C00002029142009000F08280FFE702980168E5
:1009D00001207022C4F202029142009077D0FFE71A
:1009E0000298016801208822C4F20202914200901C
:1009F0006DD0FFE7029801680120A022C4F2020234
:100A00009142009063D0FFE7029801680120B8226C
:100A1000C4F202029142009059D0FFE702980168A7
:100A2000012040F21042C4F20202914200904ED0E6
:100A3000FFE702980168012040F22842C4F2020256
:100A40009142009043D0FFE702980168012040F2F4
:100A50004042C4F202029142009038D0FFE702986F
:100A60000168012040F25842C4F202029142009013
:100A70002DD0FFE702980168012040F27042C4F2D5
:100A800002029142009022D0FFE702980168012003
:100A900040F28842C4F202029142009017D0FFE770
:100AA00002980168012040F2A042C4F20202914281
:100AB00000900CD0FFE7029800684FF64831CBF663
:100AC000FD710844B0FA80F040090090FFE70098FB
:100AD000C00740B3FFE70298007810384AF6AB2110
:100AE000CAF6AA21A0FB011000090190019800F0AC
:100AF000070145F21C20C0F60200405C0299C8655F
:100B00000198042807D3FFE702990868042262F3DA
:100B10000900886506E00299086840F2FF329043B8
:100B20008865FFE705E00299086820F0FF00886506
:100B3000FFE70298806D03B07047000000000000DE
:100B400084B0039003980068019003980168012025
:100B500045F20842C5F60202914200904ED0FFE7EE
:100B600003980168012045F21C42C5F60202914239
:100B7000009043D0FFE703980168012045F230421E
:100B8000C5F602029142009038D0FFE70398016851
:100B9000012045F24442C5F60202914200902DD058
:100BA000FFE703980168012045F25842C5F60202AA
:100BB0009142009022D0FFE703980168012045F29E
:100BC0006C42C5F602029142009017D0FFE70398ED
:100BD0000168012045F28042C5F602029142009070
:100BE0000CD0FFE7039800684AF66C31CAF2FD7139
:100BF0000844B0FA80F040090090FFE70098C00771
:100C000010B3FFE70398007808384CF6CD41CCF6D6
:100C1000CC41A0FB011000090290029945F60000AA
:100C2000C5F6020000EB810003990866039945F6BA
:100C30008000C5F602004866029800F01F010120FE
:100C400088400399886635E00398007810384AF6A2
:100C5000AB21CAF6AA21A0FB01100009029001985D
:100C600040F2B841C4F2020188420CD8FFE7019873
:100C700040F21041C4F20201884204D3FFE7029817
:100C800008300290FFE7029940F60000C4F202002B
:100C900000EB810003990866039940F68000C4F2D6
:100CA00002004866029800F01F0101208840039965
:100CB0008866FFE704B0704783B00290029800791D
:100CC00001900198002800F08A80FFE70198082829
:100CD00000F28580FFE702980168012045F2084292
:100CE000C5F60202914200904ED0FFE702980168DB
:100CF000012045F21C42C5F602029142009043D009
:100D0000FFE702980168012045F23042C5F6020271
:100D10009142009038D0FFE702980168012045F227
:100D20004442C5F60202914200902DD0FFE702989E
:100D30000168012045F25842C5F602029142009036
:100D400022D0FFE702980168012045F26C42C5F607
:100D500002029142009017D0FFE70298016801203B
:100D600045F28042C5F60202914200900CD0FFE7A6
:100D7000029800684AF66C31CAF2FD710844B0FA74
:100D800080F040090090FFE70098C00780B1FFE7BE
:100D9000019945F6FC00C5F6020000EB81000299BE
:100DA000C866029945F64010C5F6020008670FE0D4
:100DB000019940F6FC00C4F2020000EB81000299A8
:100DC000C866029940F64010C4F202000867FFE7C7
:100DD0000198411E0120884002994867FFE703B04F
:100DE000704700000000000085B0049000208DF8DE
:100DF0000F000498806918BBFFE70498806A02908E
:100E000003281BD80299DFE801F0020D02180498AC
:100E100090F82F00C00720B1FFE701208DF80F00E8
:100E2000FFE70CE00498C06AB0F1C07F04D1FFE78F
:100E300001208DF80F00FFE701E000E0FFE747E049
:100E400004988069B0F5005F26D1FFE70498806AB6
:100E5000019003281ED80199DFE801F00206021173
:100E600001208DF80F0016E0049890F82F00C007BD
:100E700020B1FFE701208DF80F00FFE70BE0049899
:100E8000C06AB0F1C07F04D1FFE701208DF80F00E8
:100E9000FFE700E0FFE71AE00498806A009003286B
:100EA00004D3FFE70098032804D00EE001208DF85A
:100EB0000F000BE0049890F82F00C00720B1FFE767
:100EC00001208DF80F00FFE700E0FFE7FFE7FFE7F5
:100ED0009DF80F0005B0704789B008900791069201
:100EE00005930898806D04900898806D0390089889
:100EF000016801201022C4F202029142029000F027
:100F00000381FFE70898016801202822C4F2020249
:100F10009142029000F0F880FFE7089801680120F4
:100F20004022C4F202029142029000F0ED80FFE7FD
:100F30000898016801205822C4F2020291420290EE
:100F400000F0E280FFE70898016801207022C4F2F7
:100F500002029142029000F0D780FFE708980168F2
:100F600001208822C4F202029142029000F0CC805B
:100F7000FFE7089801680120A022C4F20202914212
:100F8000029000F0C180FFE7089801680120B822B4
:100F9000C4F202029142029000F0B680FFE7089886
:100FA0000168012040F21042C4F202029142029014
:100FB00000F0AA80FFE708980168012040F228426B
:100FC000C4F202029142029000F09E80FFE708986E
:100FD0000168012040F24042C4F2020291420290B4
:100FE00000F09280FFE708980168012040F2584223
:100FF000C4F202029142029000F08680FFE7089856
:101000000168012040F27042C4F202029142029053
:101010007AD0FFE708980168012040F28842C4F2C4
:101020000202914202906FD0FFE708980168012008
:1010300040F2A042C4F202029142029064D0FFE763
:1010400008980168012040F2B842C4F202029142BD
:10105000029059D0FFE708980168012045F2084244
:10106000C5F60202914202904ED0FFE7089801684F
:10107000012045F21C42C5F602029142029043D083
:10108000FFE708980168012045F23042C5F60202E8
:101090009142029038D0FFE708980168012045F29C
:1010A0004442C5F60202914202902DD0FFE7089813
:1010B0000168012045F25842C5F6020291420290B1
:1010C00022D0FFE708980168012045F26C42C5F67E
:1010D00002029142029017D0FFE7089801680120B0
:1010E00045F28042C5F60202914202900CD0FFE721
:1010F000089800684AF66C31CAF2FD710844B0FAEB
:1011000080F040090290FFE70298C00770B1FFE746
:101110000898416E806E48600898C06E28B1FFE75D
:101120000898016F406F4860FFE7FFE70898016883
:1011300001201022C4F202029142019000F0A3802B
:10114000FFE70898016801202822C4F202029142B8
:10115000019000F09880FFE7089801680120402284
:10116000C4F202029142019000F08D80FFE70898DE
:10117000016801205822C4F202029142019000F05D
:101180008280FFE70898016801207022C4F2020201
:101190009142019077D0FFE70898016801208822EA
:1011A000C4F20202914201906DD0FFE708980168F5
:1011B0000120A022C4F202029142019063D0FFE715
:1011C000089801680120B822C4F2020291420190FD
:1011D00059D0FFE708980168012040F21042C4F29C
:1011E0000202914201904ED0FFE708980168012069
:1011F00040F22842C4F202029142019043D0FFE73C
:1012000008980168012040F24042C4F20202914273
:10121000019038D0FFE708980168012040F2584259
:10122000C4F20202914201902DD0FFE708980168B4
:10123000012040F27042C4F202029142019022D099
:10124000FFE708980168012040F28842C4F20202D8
:101250009142019017D0FFE708980168012040F201
:10126000A042C4F20202914201900CD0FFE708981C
:1012700000684FF64831CBF6FD710844B0FA80F0B3
:1012800040090190FFE70198C00750B3FFE70898B5
:10129000C06D00F01F013F208840049988600898C5
:1012A0000168086820F4802008600598089909689A
:1012B000486008988068402809D1FFE70698089997
:1012C00009688860079808990968C86008E0079865
:1012D000089909688860069808990968C860FFE756
:1012E00082E008980168012045F20842C5F6020232
:1012F000914200904ED0FFE708980168012045F226
:101300001C42C5F602029142009043D0FFE70898C4
:101310000168012045F23042C5F602029142009078
:1013200038D0FFE708980168012045F24442C5F62D
:101330000202914200902DD0FFE708980168012039
:1013400045F25842C5F602029142009022D0FFE7D2
:1013500008980168012045F26C42C5F602029142EC
:10136000009017D0FFE708980168012045F28042FD
:10137000C5F60202914200900CD0FFE70898006881
:101380004AF66C31CAF2FD710844B0FA80F04009A7
:101390000090FFE70098C00720B3FFE70898C06DF2
:1013A00000F01F01012088400399486005980899C2
:1013B0000968486008988068402809D1FFE70698C6
:1013C000089909688860079808990968C86008E062
:1013D0000798089909688860069808990968C8609C
:1013E000FFE700E0FFE7FFE709B0704700000000FB
:1013F00081B000904EF6FC51CEF20001086840F03A
:101400008070086041F6B071CEF2000108684CF6B9
:101410005562CCF2AC521043086041F20401CEF2A6
:1014200000010020086041F20002CEF200021168C3
:1014300041F001011160009944F24022C0F20F0214
:101440004A4340F23871C2F200410A600A6844F629
:10145000D353C1F26203A2FB0332920940F23C7300
:10146000C2F200431A6009684DF68362C4F21B326F
:10147000A1FB0221890C40F24072C2F200421160CD
:1014800040F25471C2F20041086001B070470000A0
:10149000704700000000000080B54FF4806004F049
:1014A000EFFE4FF4805004F0EBFE80BD0000000022
:1014B00081B0EFF3108072B60090FFE7FEE7000006
:1014C00080B545F28800C2F2004003F01DFF80BDE8
:1014D00080B545F22810C2F2004003F015FF80BD30
:1014E00080B545F2C810C2F2004003F00DFF80BD88
:1014F00084B002900298406B009002980068D0F887
:1015000084004FF6FC718843009940EA81000299FB
:101510000968C1F8840002980068D0F8840020F4BB
:101520007F00029A1168926B40EA0240C1F8840081
:101530000298816B00980844009002980068D0F8E7
:1015400088006FF38F00009940EA810002990968D2
:10155000C1F8880002980068D0F8880020F4FE00E6
:10156000029A1168D26B40EA0240C1F888000298E2
:10157000C16B009800EB4100009002980068D0F821
:10158000A0006FF38F00009940EA8100029909687A
:10159000C1F8A00002980068D0F8A00020F4FE0076
:1015A000029A1168126C40EA0240C1F8A000029948
:1015B000086C496C009A00FB0120009002980068BA
:1015C000D0F8B0006FF38F00009940EA81000299D3
:1015D0000968C1F8B00002980068D0F8B00020F4A3
:1015E000FE00029A1168926C40EA0240C1F8B00015
:1015F0000299886CC96C009A00FB01200090029847
:101600000068D0F8AC006FF38F00009940EA8100C9
:1016100002990968C1F8AC000299086D496D009AF9
:1016200000FB0120009002980068D0F8F0006FF3F2
:101630008F00009940EA810002990968C1F8F00022
:1016400002980068D0F8F00020F47C10029A11682B
:10165000926D40EA0240C1F8F0000298816D009856
:1016600000EB4100009002980068D0F8C0006FF3D2
:101670008F00009940EA810002990968C1F8C00012
:1016800002980068D0F8C00020F47C10029A11681B
:10169000D26D40EA0240C1F8C00002980068D0F85C
:1016A000C00020F07C50029A1168126E40EA02607D
:1016B000C1F8C00002994A6B4AF60040C4F200002B
:1016C00000EB8200C86602998A6BC86E00EB82004C
:1016D00008670299CA6B086F00EBC200486702995D
:1016E0000A6C4B6C486F5A4300EB82008867029982
:1016F0008A6CCB6C886F5A4300EB8200C8670299F2
:101700000A6D4B6DC86F5A4300EB8200C1F8800030
:1017100002998A6DD1F8800000EBC200C1F8840004
:101720000299CA6D8B6ED1F884005A4300EB820097
:10173000C1F8880002990A6E8B6ED1F888005A436E
:1017400000EB8200C1F890000298D0F890004DF2B2
:10175000FD31C4F2000188420FD3FFE70299D1F8AE
:101760009C0040F02000C1F89C000299032081F801
:10177000980001208DF80F0017E00298C06E0190CC
:10178000FFE701980299D1F89010884208D2FFE74C
:10179000019900200860FFE7019804300190F0E70C
:1017A000FFE700208DF80F00FFE79DF80F0004B061
:1017B000704700000000000088B007900691059275
:1017C00004930698406848B9FFE706980168826864
:1017D0000069104340EA8140039009E006980168DF
:1017E000826800691043084340F080400390FFE79F
:1017F0000698D0F820C0C16842698369C06940EA90
:101800000C601843104340EA014002900798826E32
:10181000D0F884000499514300EB810001900398B3
:1018200001990860019804300190029801990860BC
:1018300001980430019000200090FFE7009806997D
:10184000CA6845F20C21C0F60201895C88420DD2BB
:10185000FFE7059800994058019908600198043005
:101860000190FFE7009804300090E7E708B0704768
:1018700080B584B04EF60000C1F6F17000680390A8
:101880004EF60400C1F6F170006802904EF60800B2
:10189000C1F6F17000680190019903980844039023
:1018A000039888B1FFE7039840F26C41C2F200410F
:1018B0000091023108220CF0E7FF009902981231E2
:1018C00004220CF0E1FFFFE704B080BD000000003F
:1018D00080B58AB0089004F0EFFE0490089828B90B
:1018E000FFE701208DF8270000F0AABC089890F8C7
:1018F000350002280ED0FFE7089980204865FFE7F1
:101900000899002081F83400FFE701208DF82700B6
:1019100000F096BC0898016801201022C4F202026F
:101920009142039000F0A380FFE70898016801202E
:101930002822C4F202029142039000F09880FFE74F
:101940000898016801204022C4F2020291420390EB
:1019500000F08D80FFE70898016801205822C4F24A
:1019600002029142039000F08280FFE7089801682C
:1019700001207022C4F202029142039077D0FFE767
:101980000898016801208822C4F202029142039063
:101990006DD0FFE7089801680120A022C4F202027E
:1019A0009142039063D0FFE7089801680120B822B4
:1019B000C4F202029142039059D0FFE708980168EF
:1019C000012040F21042C4F20202914203904ED034
:1019D000FFE708980168012040F22842C4F20202A1
:1019E0009142039043D0FFE708980168012040F23C
:1019F0004042C4F202029142039038D0FFE70898B7
:101A00000168012040F25842C4F202029142039060
:101A10002DD0FFE708980168012040F27042C4F21F
:101A200002029142039022D0FFE70898016801204A
:101A300040F28842C4F202029142039017D0FFE7BD
:101A400008980168012040F2A042C4F202029142CB
:101A500003900CD0FFE7089800684FF64831CBF6AA
:101A6000FD710844B0FA80F040090390FFE7039845
:101A7000C00780B1FFE708980168086820F01E00E1
:101A8000086008980168486920F08000486108985B
:101A90000068059009E008980168086820F00E00C9
:101AA0000860089800680590FFE708980168012021
:101AB0001022C4F202029142029000F00381FFE77B
:101AC0000898016801202822C4F202029142029083
:101AD00000F0F880FFE70898016801204022C4F276
:101AE00002029142029000F0ED80FFE70898016841
:101AF00001205822C4F202029142029000F0E280DA
:101B0000FFE70898016801207022C4F202029142A6
:101B1000029000F0D780FFE7089801680120882232
:101B2000C4F202029142029000F0CC80FFE70898D4
:101B300001680120A022C4F202029142029000F04A
:101B4000C180FFE7089801680120B822C4F20202B0
:101B50009142029000F0B680FFE7089801680120EA
:101B600040F21042C4F202029142029000F0AA80B8
:101B7000FFE708980168012040F22842C4F20202FF
:101B80009142029000F09E80FFE7089801680120D2
:101B900040F24042C4F202029142029000F0928070
:101BA000FFE708980168012040F25842C4F202029F
:101BB0009142029000F08680FFE7089801680120BA
:101BC00040F27042C4F20202914202907AD0FFE7E2
:101BD00008980168012040F28842C4F20202914252
:101BE00002906FD0FFE708980168012040F2A04200
:101BF000C4F202029142029064D0FFE708980168A3
:101C0000012040F2B842C4F202029142029059D03F
:101C1000FFE708980168012045F20842C5F6020274
:101C2000914202904ED0FFE708980168012045F2EA
:101C30001C42C5F602029142029043D0FFE7089889
:101C40000168012045F23042C5F60202914202903D
:101C500038D0FFE708980168012045F24442C5F6F4
:101C60000202914202902DD0FFE7089801680120FE
:101C700045F25842C5F602029142029022D0FFE797
:101C800008980168012045F26C42C5F602029142B3
:101C9000029017D0FFE708980168012045F28042C2
:101CA000C5F60202914202900CD0FFE70898006846
:101CB0004AF66C31CAF2FD710844B0FA80F040096E
:101CC0000290FFE70298C00738B1FFE70898016E5D
:101CD000086820F480700860FFE708980068102109
:101CE000C4F20201884200F08180FFE70898006892
:101CF0002821C4F20201884278D0FFE708980068E2
:101D00004021C4F20201884270D0FFE708980068C1
:101D10005821C4F20201884268D0FFE708980068A1
:101D20007021C4F20201884260D0FFE70898006881
:101D30008821C4F20201884258D0FFE70898006861
:101D4000A021C4F20201884250D0FFE70898006841
:101D5000B821C4F20201884248D0FFE70898006821
:101D600040F21041C4F2020188423FD0FFE70898D8
:101D7000006840F22841C4F20201884236D0FFE7F1
:101D80000898006840F24041C4F2020188422DD018
:101D9000FFE70898006840F25841C4F20201884207
:101DA00024D0FFE70898006840F27041C4F20201B5
:101DB00088421BD0FFE70898006840F28841C4F2CF
:101DC0000201884212D0FFE70898006840F2A04163
:101DD000C4F20201884209D0FFE70898006840F287
:101DE000B841C4F20201884207D1FFE708980168B0
:101DF000086820F00100086006E00898016808689B
:101E000020F001000860FFE7FFE705980068C007C1
:101E1000C8B1FFE704F050FC0499401A062811D31A
:101E2000FFE70899202048650899032081F83500CC
:101E3000FFE70899002081F83400FFE701208DF8C2
:101E40002700FDE1E1E70898016801201022C4F2B3
:101E500002029142019000F0A380FFE70898016818
:101E600001202822C4F202029142019000F09880E1
:101E7000FFE70898016801204022C4F20202914263
:101E8000019000F08D80FFE708980168012058223A
:101E9000C4F202029142019000F08280FFE70898AC
:101EA000016801207022C4F202029142019077D0B1
:101EB000FFE70898016801208822C4F202029142DB
:101EC00001906DD0FFE7089801680120A022C4F2BC
:101ED00002029142019063D0FFE708980168012057
:101EE000B822C4F202029142019059D0FFE708984B
:101EF0000168012040F21042C4F2020291420190B6
:101F00004ED0FFE708980168012040F22842C4F251
:101F100002029142019043D0FFE708980168012036
:101F200040F24042C4F202029142019038D0FFE7F1
:101F300008980168012040F25842C4F2020291421E
:101F400001902DD0FFE708980168012040F270420F
:101F5000C4F202029142019022D0FFE70898016882
:101F6000012040F28842C4F202029142019017D04F
:101F7000FFE708980168012040F2A042C4F2020283
:101F8000914201900CD0FFE7089800684FF6483165
:101F9000CBF6FD710844B0FA80F040090190FFE7EC
:101FA0000198C00760B1FFE70898806D0790089816
:101FB000C06D00F01F013F208840079988600BE04A
:101FC0000898806D06900898C06D00F01F010120F0
:101FD000884006994860FFE70898016801201022B0
:101FE000C4F202029142009000F00381FFE70898DA
:101FF000016801202822C4F202029142009000F000
:10200000F880FFE70898016801204022C4F202022C
:102010009142009000F0ED80FFE7089801680120F0
:102020005822C4F202029142009000F0E280FFE7E1
:102030000898016801207022C4F2020291420090C7
:1020400000F0D780FFE70898016801208822C4F2D9
:1020500002029142009000F0CC80FFE708980168EE
:102060000120A022C4F202029142009000F0C1803F
:10207000FFE7089801680120B822C4F202029142E9
:10208000009000F0B680FFE708980168012040F258
:102090001042C4F202029142009000F0AA80FFE7D1
:1020A00008980168012040F22842C4F202029142DD
:1020B000009000F09E80FFE708980168012040F240
:1020C0004042C4F202029142009000F09280FFE789
:1020D00008980168012040F25842C4F2020291427D
:1020E000009000F08680FFE708980168012040F228
:1020F0007042C4F20202914200907AD0FFE7089841
:102100000168012040F28842C4F20202914200902C
:102110006FD0FFE708980168012040F2A042C4F2A6
:1021200002029142009064D0FFE708980168012004
:1021300040F2B842C4F202029142009059D0FFE747
:1021400008980168012045F20842C5F60202914252
:1021500000904ED0FFE708980168012045F21C422C
:10216000C5F602029142009043D0FFE7089801684B
:10217000012045F23042C5F602029142009038D06B
:10218000FFE708980168012045F24442C5F60202C3
:10219000914200902DD0FFE708980168012045F298
:1021A0005842C5F602029142009022D0FFE70898FB
:1021B0000168012045F26C42C5F60202914200908E
:1021C00017D0FFE708980168012045F28042C5F664
:1021D0000202914200900CD0FFE7089800684AF68E
:1021E0006C31CAF2FD710844B0FA80F040090090E9
:1021F000FFE70098C007A0B1FFE70898416E806E26
:1022000048600898C06E58B1FFE70898C16E08682A
:1022100020F4807008600898016F406F4860FFE705
:10222000FFE70899012081F83500FFE708990020B1
:1022300081F83400FFE7FFE700208DF82700FFE773
:102240009DF827000AB080BD80B586B00490049840
:1022500020B9FFE701208DF8170046E3049890F8B5
:102260003500022807D0FFE7049980204865012047
:102270008DF8170039E30498016801201022C4F298
:1022800002029142029000F0A380FFE704980168E7
:1022900001202822C4F202029142029000F09880AC
:1022A000FFE70498016801204022C4F20202914233
:1022B000029000F08D80FFE7049801680120582209
:1022C000C4F202029142029000F08280FFE704987B
:1022D000016801207022C4F202029142029077D07C
:1022E000FFE70498016801208822C4F202029142AB
:1022F00002906DD0FFE7049801680120A022C4F28B
:1023000002029142029063D0FFE704980168012025
:10231000B822C4F202029142029059D0FFE7049819
:102320000168012040F21042C4F202029142029080
:102330004ED0FFE704980168012040F22842C4F221
:1023400002029142029043D0FFE704980168012005
:1023500040F24042C4F202029142029038D0FFE7BC
:1023600004980168012040F25842C4F202029142EE
:1023700002902DD0FFE704980168012040F27042DE
:10238000C4F202029142029022D0FFE70498016851
:10239000012040F28842C4F202029142029017D01A
:1023A000FFE704980168012040F2A042C4F2020253
:1023B000914202900CD0FFE7049800684FF6483134
:1023C000CBF6FD710844B0FA80F040090290FFE7B7
:1023D0000298C007002800F09D80FFE704990420C0
:1023E00081F83500049800681021C4F20201884287
:1023F00000F08180FFE7049800682821C4F2020100
:10240000884278D0FFE7049800684021C4F20201B6
:10241000884270D0FFE7049800685821C4F2020196
:10242000884268D0FFE7049800687021C4F2020176
:10243000884260D0FFE7049800688821C4F2020156
:10244000884258D0FFE704980068A021C4F2020136
:10245000884250D0FFE704980068B821C4F2020116
:10246000884248D0FFE70498006840F21041C4F267
:10247000020188423FD0FFE70498006840F22841FB
:10248000C4F20201884236D0FFE70498006840F2A7
:102490004041C4F2020188422DD0FFE70498006851
:1024A00040F25841C4F20201884224D0FFE7049868
:1024B000006840F27041C4F2020188421BD0FFE77D
:1024C0000498006840F28841C4F20201884212D0A8
:1024D000FFE70498006840F2A041C4F2020188427C
:1024E00009D0FFE70498006840F2B841C4F2020145
:1024F000884207D1FFE704980168086820F00100CE
:10250000086006E004980168086820F0010008608F
:10251000FFE7E5E104980168086820F00E00086014
:10252000049800681021C4F20201884200F0818002
:10253000FFE7049800682821C4F20201884278D09D
:10254000FFE7049800684021C4F20201884270D07D
:10255000FFE7049800685821C4F20201884268D05D
:10256000FFE7049800687021C4F20201884260D03D
:10257000FFE7049800688821C4F20201884258D01D
:10258000FFE704980068A021C4F20201884250D0FD
:10259000FFE704980068B821C4F20201884248D0DD
:1025A000FFE70498006840F21041C4F2020188423B
:1025B0003FD0FFE70498006840F22841C4F20201CE
:1025C000884236D0FFE70498006840F24041C4F2E8
:1025D000020188422DD0FFE70498006840F258417C
:1025E000C4F20201884224D0FFE70498006840F258
:1025F0007041C4F2020188421BD0FFE704980068D2
:1026000040F28841C4F20201884212D0FFE70498E8
:10261000006840F2A041C4F20201884209D0FFE7FD
:102620000498006840F2B841C4F20201884207D120
:10263000FFE704980168086820F00100086006E0E0
:1026400004980168086820F001000860FFE704981A
:10265000016801201022C4F202029142019000F0B0
:102660000381FFE70498016801202822C4F20202D6
:102670009142019000F0F880FFE704980168012082
:102680004022C4F202029142019000F0ED80FFE787
:102690000498016801205822C4F20202914201907C
:1026A00000F0E280FFE70498016801207022C4F284
:1026B00002029142019000F0D780FFE70498016880
:1026C00001208822C4F202029142019000F0CC80E5
:1026D000FFE7049801680120A022C4F2020291429F
:1026E000019000F0C180FFE7049801680120B82242
:1026F000C4F202029142019000F0B680FFE7049814
:102700000168012040F21042C4F20202914201909D
:1027100000F0AA80FFE704980168012040F22842F7
:10272000C4F202029142019000F09E80FFE70498FB
:102730000168012040F24042C4F20202914201903D
:1027400000F09280FFE704980168012040F25842AF
:10275000C4F202029142019000F08680FFE70498E3
:102760000168012040F27042C4F2020291420190DD
:102770007AD0FFE704980168012040F28842C4F251
:102780000202914201906FD0FFE704980168012096
:1027900040F2A042C4F202029142019064D0FFE7ED
:1027A00004980168012040F2B842C4F2020291424A
:1027B000019059D0FFE704980168012045F20842D2
:1027C000C5F60202914201904ED0FFE704980168DD
:1027D000012045F21C42C5F602029142019043D00D
:1027E000FFE704980168012045F23042C5F6020275
:1027F0009142019038D0FFE704980168012045F22A
:102800004442C5F60202914201902DD0FFE70498A0
:102810000168012045F25842C5F60202914201903A
:1028200022D0FFE704980168012045F26C42C5F60A
:1028300002029142019017D0FFE70498016801203D
:1028400045F28042C5F60202914201900CD0FFE7AA
:10285000049800684AF66C31CAF2FD710844B0FA77
:1028600080F040090190FFE70198C00728B3FFE717
:102870000498016E086820F4807008600498806DE8
:1028800003900498C06D00F01F0101208840039957
:1028900048600498416E806E48600498C06E58B1DC
:1028A000FFE70498C16E086820F4807008600498FF
:1028B000016F406F4860FFE7FFE70499012081F84E
:1028C0003500FFE70499002081F83400FFE7049801
:1028D000006D20B1FFE70498016D8847FFE7FFE72F
:1028E000FFE700208DF81700FFE79DF8170006B0FE
:1028F00080BD00000000000081B000900098406D95
:1029000001B070470000000080B590B00F9000202B
:102910000B9040F2B030C2F20040006848F2B511AE
:10292000C1F64E31A0FB0110800A0A900F98806D0D
:1029300009900F98806D0890099800680E9008988B
:1029400000680D900F98016801201022C4F2020265
:102950009142079000F0A380FFE70F9801680120E3
:102960002822C4F202029142079000F09880FFE70B
:102970000F98016801204022C4F2020291420790A0
:1029800000F08D80FFE70F98016801205822C4F203
:1029900002029142079000F08280FFE70F980168E1
:1029A00001207022C4F202029142079077D0FFE723
:1029B0000F98016801208822C4F202029142079018
:1029C0006DD0FFE70F9801680120A022C4F2020237
:1029D0009142079063D0FFE70F9801680120B82269
:1029E000C4F202029142079059D0FFE70F980168A4
:1029F000012040F21042C4F20202914207904ED0F0
:102A0000FFE70F980168012040F22842C4F2020259
:102A10009142079043D0FFE70F980168012040F2F0
:102A20004042C4F202029142079038D0FFE70F986B
:102A30000168012040F25842C4F20202914207901C
:102A40002DD0FFE70F980168012040F27042C4F2D8
:102A500002029142079022D0FFE70F9801680120FF
:102A600040F28842C4F202029142079017D0FFE779
:102A70000F980168012040F2A042C4F20202914284
:102A800007900CD0FFE70F9800684FF64831CBF65F
:102A9000FD710844B0FA80F040090790FFE70798FD
:102AA000C007002800F01385FFE70E980F99C96D45
:102AB00001F01F01C8400007002840F1B080FFE787
:102AC0000F9800681021C4F20201884200F0818052
:102AD000FFE70F9800682821C4F20201884278D0ED
:102AE000FFE70F9800684021C4F20201884270D0CD
:102AF000FFE70F9800685821C4F20201884268D0AD
:102B0000FFE70F9800687021C4F20201884260D08C
:102B1000FFE70F9800688821C4F20201884258D06C
:102B2000FFE70F980068A021C4F20201884250D04C
:102B3000FFE70F980068B821C4F20201884248D02C
:102B4000FFE70F98006840F21041C4F2020188428A
:102B50003FD0FFE70F98006840F22841C4F202011D
:102B6000884236D0FFE70F98006840F24041C4F237
:102B7000020188422DD0FFE70F98006840F25841CB
:102B8000C4F20201884224D0FFE70F98006840F2A7
:102B90007041C4F2020188421BD0FFE70F98006821
:102BA00040F28841C4F20201884212D0FFE70F9838
:102BB000006840F2A041C4F20201884209D0FFE758
:102BC0000F98006840F2B841C4F20201884207D170
:102BD000FFE70F980068006800F00400069006E028
:102BE0000F980068006800F008000690FFE706985C
:102BF000A0B1FFE70F980168086820F004000860A2
:102C00000F98C06D00F01F01082088400999886066
:102C10000F99486D40F001004865FFE7FFE70E9807
:102C20000F99C96D01F01F01C840C007002800F0CE
:102C3000A980FFE70F9800681021C4F202018842C2
:102C400000F08180FFE70F9800682821C4F202019C
:102C5000884278D0FFE70F9800684021C4F2020153
:102C6000884270D0FFE70F9800685821C4F2020133
:102C7000884268D0FFE70F9800687021C4F2020113
:102C8000884260D0FFE70F9800688821C4F20201F3
:102C9000884258D0FFE70F980068A021C4F20201D3
:102CA000884250D0FFE70F980068B821C4F20201B3
:102CB000884248D0FFE70F98006840F21041C4F204
:102CC000020188423FD0FFE70F98006840F2284198
:102CD000C4F20201884236D0FFE70F98006840F244
:102CE0004041C4F2020188422DD0FFE70F980068EE
:102CF00040F25841C4F20201884224D0FFE70F9805
:102D0000006840F27041C4F2020188421BD0FFE724
:102D10000F98006840F28841C4F20201884212D044
:102D2000FFE70F98006840F2A041C4F20201884218
:102D300009D0FFE70F98006840F2B841C4F20201E1
:102D4000884207D1FFE70F980068406900F08000D3
:102D5000059005E00F980068006800200590FFE7E7
:102D6000059870B1FFE70F98C06D00F01F010120BA
:102D70008840099988600F99486D40F002004865C5
:102D8000FFE7FFE70E980F99C96D01F01F01C840DA
:102D90004007002840F1A980FFE70F980068102144
:102DA000C4F20201884200F08180FFE70F980068BA
:102DB0002821C4F20201884278D0FFE70F9800680A
:102DC0004021C4F20201884270D0FFE70F980068EA
:102DD0005821C4F20201884268D0FFE70F980068CA
:102DE0007021C4F20201884260D0FFE70F980068AA
:102DF0008821C4F20201884258D0FFE70F9800688A
:102E0000A021C4F20201884250D0FFE70F98006869
:102E1000B821C4F20201884248D0FFE70F98006849
:102E200040F21041C4F2020188423FD0FFE70F9800
:102E3000006840F22841C4F20201884236D0FFE720
:102E40000F98006840F24041C4F2020188422DD040
:102E5000FFE70F98006840F25841C4F2020188422F
:102E600024D0FFE70F98006840F27041C4F20201DD
:102E700088421BD0FFE70F98006840F28841C4F2F7
:102E80000201884212D0FFE70F98006840F2A0418B
:102E9000C4F20201884209D0FFE70F98006840F2AF
:102EA000B841C4F20201884207D1FFE70F980068D9
:102EB000006800F00200049005E00F9800680068C8
:102EC00000200490FFE7049870B1FFE70F98C06DF1
:102ED00000F01F0104208840099988600F99486D0F
:102EE00040F004004865FFE7FFE70E980F99C96DB1
:102EF00001F01F01C840C006002840F1DE80FFE756
:102F00000F9800681021C4F20201884200F081800D
:102F1000FFE70F9800682821C4F20201884278D0A8
:102F2000FFE70F9800684021C4F20201884270D088
:102F3000FFE70F9800685821C4F20201884268D068
:102F4000FFE70F9800687021C4F20201884260D048
:102F5000FFE70F9800688821C4F20201884258D028
:102F6000FFE70F980068A021C4F20201884250D008
:102F7000FFE70F980068B821C4F20201884248D0E8
:102F8000FFE70F98006840F21041C4F20201884246
:102F90003FD0FFE70F98006840F22841C4F20201D9
:102FA000884236D0FFE70F98006840F24041C4F2F3
:102FB000020188422DD0FFE70F98006840F2584187
:102FC000C4F20201884224D0FFE70F98006840F263
:102FD0007041C4F2020188421BD0FFE70F980068DD
:102FE00040F28841C4F20201884212D0FFE70F98F4
:102FF000006840F2A041C4F20201884209D0FFE714
:103000000F98006840F2B841C4F20201884207D12B
:10301000FFE70F980068006800F00800039006E0E2
:103020000F980068006800F004000390FFE7039821
:10303000002841D0FFE70F98C06D00F01F0110205D
:103040008840099988600F9800680068400300284C
:103050001AD5FFE70F98006800680003002809D41C
:10306000FFE70F98006C20B1FFE70F98016C8847CD
:10307000FFE708E00F98806C20B1FFE70F98816CA4
:103080008847FFE7FFE716E00F9800680068C00573
:10309000002807D4FFE70F980168086820F00800AF
:1030A0000860FFE70F98006C20B1FFE70F98016CF4
:1030B0008847FFE7FFE7FFE7FFE70E980F99C96D25
:1030C00001F01F01C8408006002840F12681FFE77B
:1030D0000F9800681021C4F20201884200F081803C
:1030E000FFE70F9800682821C4F20201884278D0D7
:1030F000FFE70F9800684021C4F20201884270D0B7
:10310000FFE70F9800685821C4F20201884268D096
:10311000FFE70F9800687021C4F20201884260D076
:10312000FFE70F9800688821C4F20201884258D056
:10313000FFE70F980068A021C4F20201884250D036
:10314000FFE70F980068B821C4F20201884248D016
:10315000FFE70F98006840F21041C4F20201884274
:103160003FD0FFE70F98006840F22841C4F2020107
:10317000884236D0FFE70F98006840F24041C4F221
:10318000020188422DD0FFE70F98006840F25841B5
:10319000C4F20201884224D0FFE70F98006840F291
:1031A0007041C4F2020188421BD0FFE70F9800680B
:1031B00040F28841C4F20201884212D0FFE70F9822
:1031C000006840F2A041C4F20201884209D0FFE742
:1031D0000F98006840F2B841C4F20201884207D15A
:1031E000FFE70F980068006800F01000029006E00A
:1031F0000F980068006800F002000290FFE7029854
:10320000002800F08980FFE70F98C06D00F01F01D3
:1032100020208840099988600F9890F8350004288C
:1032200037D1FFE70F980168086820F016000860A2
:103230000F980168486920F0800048610F98006C81
:1032400020B9FFE70F98806C38B1FFE70F9801684D
:10325000086820F008000860FFE70F98C06D00F0D4
:103260001F013F208840099988600F99012081F84B
:103270003500FFE70F99002081F83400FFE70F9831
:10328000006D20B1FFE70F98016D8847FFE700F060
:1032900019BC0F9800680068400300281AD5FFE7A2
:1032A0000F98006800680003002809D4FFE70F9812
:1032B000406C20B1FFE70F98416C8847FFE708E0BA
:1032C0000F98C06B20B1FFE70F98C16B8847FFE7ED
:1032D000FFE720E00F9800680068C005002811D4BF
:1032E000FFE70F980168086820F0100008600F9948
:1032F000012081F83500FFE70F99002081F83400A4
:10330000FFE7FFE70F98C06B20B1FFE70F98C16B95
:103310008847FFE7FFE7FFE7FFE70F98406D0028CA
:1033200000F0D480FFE70F98406DC007002800F040
:10333000C480FFE70F99042081F835000F980068DA
:103340001021C4F20201884200F08180FFE70F984B
:1033500000682821C4F20201884278D0FFE70F9864
:1033600000684021C4F20201884270D0FFE70F9844
:1033700000685821C4F20201884268D0FFE70F9824
:1033800000687021C4F20201884260D0FFE70F9804
:1033900000688821C4F20201884258D0FFE70F98E4
:1033A0000068A021C4F20201884250D0FFE70F98C4
:1033B0000068B821C4F20201884248D0FFE70F98A4
:1033C000006840F21041C4F2020188423FD0FFE79A
:1033D0000F98006840F22841C4F20201884236D0BA
:1033E000FFE70F98006840F24041C4F202018842B2
:1033F0002DD0FFE70F98006840F25841C4F2020157
:10340000884224D0FFE70F98006840F27041C4F270
:10341000020188421BD0FFE70F98006840F2884104
:10342000C4F20201884212D0FFE70F98006840F210
:10343000A041C4F20201884209D0FFE70F9800685A
:1034400040F2B841C4F20201884207D1FFE70F9869
:103450000168086820F00100086006E00F98016824
:10346000086820F001000860FFE7FFE70B980130D3
:103470000B900A99884201D9FFE707E0FFE70F9810
:1034800000680068C0070028F0D1FFE70F980068C7
:103490000068C00728B1FFE70F99032081F83500C5
:1034A00004E00F99012081F83500FFE7FFE70F994D
:1034B000002081F83400FFE7FFE70F98C06C20B1CF
:1034C000FFE70F98C16C8847FFE7FFE7FAE20F9824
:1034D0000168012045F20842C5F6020291420190BE
:1034E0004ED0FFE70F980168012045F21C42C5F657
:1034F00002029142019043D0FFE70F98016801203A
:1035000045F23042C5F602029142019038D0FFE701
:103510000F980168012045F24442C5F6020291422B
:1035200001902DD0FFE70F980168012045F2584225
:10353000C5F602029142019022D0FFE70F98016880
:10354000012045F26C42C5F602029142019017D06B
:10355000FFE70F980168012045F28042C5F602029C
:10356000914201900CD0FFE70F9800684AF66C3149
:10357000CAF2FD710844B0FA80F040090190FFE7FB
:103580000198C007002800F09B82FFE70F980068B1
:1035900000680C900D980F99C96D01F01F01C8408B
:1035A0004007002840F1D780FFE79DF83000400732
:1035B000002840F1D080FFE70F98C06D00F01F0198
:1035C00004208840089948609DF8310000060028D2
:1035D00018D5FFE79DF83200C00748B9FFE70F98FC
:1035E000806C20B1FFE70F98816C8847FFE708E007
:1035F0000F98006C20B1FFE70F98016C8847FFE738
:10360000FFE7A7E09DF830008006002800F19980D0
:10361000FFE70F9800681021C4F20201884200F011
:103620008180FFE70F9800682821C4F202018842D8
:1036300078D0FFE70F9800684021C4F20201884269
:1036400070D0FFE70F9800685821C4F20201884249
:1036500068D0FFE70F9800687021C4F20201884229
:1036600060D0FFE70F9800688821C4F20201884209
:1036700058D0FFE70F980068A021C4F202018842E9
:1036800050D0FFE70F980068B821C4F202018842C9
:1036900048D0FFE70F98006840F21041C4F20201E1
:1036A00088423FD0FFE70F98006840F22841C4F2FB
:1036B0000201884236D0FFE70F98006840F240418F
:1036C000C4F2020188422DD0FFE70F98006840F253
:1036D0005841C4F20201884224D0FFE70F980068E5
:1036E00040F27041C4F2020188421BD0FFE70F98FC
:1036F000006840F28841C4F20201884212D0FFE71C
:103700000F98006840F2A041C4F20201884209D03B
:10371000FFE70F98006840F2B841C4F20201884206
:1037200007D1FFE70F980168086820F008000860DB
:1037300006E00F980168086820F004000860FFE7C1
:10374000FFE70F98006C20B1FFE70F98016C8847E6
:10375000FFE7FFE7B3E10D980F99C96D01F01F0175
:10376000C8408007002840F1E180FFE79DF8300065
:103770008007002840F1DA80FFE70F98C06D00F065
:103780001F0102208840089948609DF8310000061A
:10379000002818D5FFE79DF83200C00748B9FFE7B9
:1037A0000F98406C20B1FFE70F98416C8847FFE706
:1037B00008E00F98C06B20B1FFE70F98C16B8847F6
:1037C000FFE7FFE7B1E09DF830008006002800F138
:1037D000A380FFE70F9800681021C4F2020188421D
:1037E00000F08180FFE70F9800682821C4F20201F1
:1037F000884278D0FFE70F9800684021C4F20201A8
:10380000884270D0FFE70F9800685821C4F2020187
:10381000884268D0FFE70F9800687021C4F2020167
:10382000884260D0FFE70F9800688821C4F2020147
:10383000884258D0FFE70F980068A021C4F2020127
:10384000884250D0FFE70F980068B821C4F2020107
:10385000884248D0FFE70F98006840F21041C4F258
:10386000020188423FD0FFE70F98006840F22841EC
:10387000C4F20201884236D0FFE70F98006840F298
:103880004041C4F2020188422DD0FFE70F98006842
:1038900040F25841C4F20201884224D0FFE70F9859
:1038A000006840F27041C4F2020188421BD0FFE779
:1038B0000F98006840F28841C4F20201884212D099
:1038C000FFE70F98006840F2A041C4F2020188426D
:1038D00009D0FFE70F98006840F2B841C4F2020136
:1038E000884207D1FFE70F980168086820F01400AC
:1038F000086006E00F980168086820F00A00086078
:10390000FFE70F99012081F83500FFE70F990020AC
:1039100081F83400FFE7FFE70F98C06B20B1FFE7A5
:103920000F98C16B8847FFE7FFE7C7E00D980F9935
:10393000C96D01F01F01C8400007002840F1BC809C
:10394000FFE79DF830000007002840F1B580FFE751
:103950000F9800681021C4F20201884200F08180B3
:10396000FFE70F9800682821C4F20201884278D04E
:10397000FFE70F9800684021C4F20201884270D02E
:10398000FFE70F9800685821C4F20201884268D00E
:10399000FFE70F9800687021C4F20201884260D0EE
:1039A000FFE70F9800688821C4F20201884258D0CE
:1039B000FFE70F980068A021C4F20201884250D0AE
:1039C000FFE70F980068B821C4F20201884248D08E
:1039D000FFE70F98006840F21041C4F202018842EC
:1039E0003FD0FFE70F98006840F22841C4F202017F
:1039F000884236D0FFE70F98006840F24041C4F299
:103A0000020188422DD0FFE70F98006840F258412C
:103A1000C4F20201884224D0FFE70F98006840F208
:103A20007041C4F2020188421BD0FFE70F98006882
:103A300040F28841C4F20201884212D0FFE70F9899
:103A4000006840F2A041C4F20201884209D0FFE7B9
:103A50000F98006840F2B841C4F20201884207D1D1
:103A6000FFE70F980168086820F01C00086006E076
:103A70000F980168086820F00E000860FFE70F98B3
:103A8000C06D00F01F01012000FA01F1089A516099
:103A90000F9948650F9981F83500FFE70F990020CD
:103AA00081F83400FFE70F98C06C20B1FFE70F9852
:103AB000C16C8847FFE700E0FFE7FFE7FFE700E0B2
:103AC000FFE7FFE710B080BD10B58EB00C9002F09C
:103AD000F3FD0A900C9828B9FFE701208DF8370014
:103AE00000F09EBC0C98016801201022C4F2020272
:103AF0009142079000F0A380FFE70C980168012035
:103B00002822C4F202029142079000F09880FFE759
:103B10000C98016801204022C4F2020291420790F1
:103B200000F08D80FFE70C98016801205822C4F254
:103B300002029142079000F08280FFE70C98016832
:103B400001207022C4F202029142079077D0FFE771
:103B50000C98016801208822C4F202029142079069
:103B60006DD0FFE70C9801680120A022C4F2020288
:103B70009142079063D0FFE70C9801680120B822BA
:103B8000C4F202029142079059D0FFE70C980168F5
:103B9000012040F21042C4F20202914207904ED03E
:103BA000FFE70C980168012040F22842C4F20202AB
:103BB0009142079043D0FFE70C980168012040F242
:103BC0004042C4F202029142079038D0FFE70C98BD
:103BD0000168012040F25842C4F20202914207906B
:103BE0002DD0FFE70C980168012040F27042C4F22A
:103BF00002029142079022D0FFE70C980168012051
:103C000040F28842C4F202029142079017D0FFE7C7
:103C10000C980168012040F2A042C4F202029142D5
:103C200007900CD0FFE70C9800684FF64831CBF6B0
:103C3000FD710844B0FA80F040090790FFE707984B
:103C4000C007002800F07881FFE70C98406A08B1AF
:103C5000FFE7FFE70C99022081F83500FFE70C9998
:103C6000002081F83400FFE70C9800681021C4F2AE
:103C70000201884200F08180FFE70C98006828214B
:103C8000C4F20201884278D0FFE70C980068402116
:103C9000C4F20201884270D0FFE70C9800685821F6
:103CA000C4F20201884268D0FFE70C9800687021D6
:103CB000C4F20201884260D0FFE70C9800688821B6
:103CC000C4F20201884258D0FFE70C980068A02196
:103CD000C4F20201884250D0FFE70C980068B82176
:103CE000C4F20201884248D0FFE70C98006840F215
:103CF0001041C4F2020188423FD0FFE70C980068EF
:103D000040F22841C4F20201884236D0FFE70C9805
:103D1000006840F24041C4F2020188422DD0FFE722
:103D20000C98006840F25841C4F20201884224D045
:103D3000FFE70C98006840F27041C4F2020188422B
:103D40001BD0FFE70C98006840F28841C4F20201E2
:103D5000884212D0FFE70C98006840F2A041C4F2FC
:103D60000201884209D0FFE70C98006840F2B84190
:103D7000C4F20201884207D1FFE70C980168086885
:103D800020F00100086006E00C980168086820F047
:103D900001000860FFE7FFE70C9800680068C007B3
:103DA00098B1FFE702F088FC0A99401A06280BD365
:103DB000FFE70C99202048650C99032081F8350015
:103DC00001208DF837002BE3E6E70C9800680068C7
:103DD0000B900B9848F23F01CFF6106108400B9012
:103DE0000C998868D1F80CC00B694A6940EA0C004C
:103DF000184310438A691043CA691043096A014392
:103E00000B9808430B900C98406A042808D1FFE7F0
:103E10000C99C86A096B01430B9808430B90FFE7A4
:103E20000C984068292807D3FFE70C9841680120C7
:103E30002F29069036D3FFE70C9840683F2807D318
:103E4000FFE70C9841680120432906902AD3FFE739
:103E50000C984068472807D3FFE70C984168012079
:103E6000492906901ED3FFE70C9840684F2807D3D6
:103E7000FFE70C98416801205329069012D3FFE711
:103E80000C98416800207429059008D3FFE70C982E
:103E900041680020782938BF01200590FFE7059888
:103EA0000690FFE70698C00728B1FFE70B9840F49B
:103EB00080100B90FFE70B980C99096808600C982C
:103EC000006840690B900B9820F007000B900C984D
:103ED000416A0B9808430B900C98406A04281AD149
:103EE000FFE70C98816A0B9808430B900C98C06A06
:103EF00080B1FFE70C98FCF777FF50B1FFE70C9912
:103F0000402048650C99012081F835008DF8370074
:103F100086E2FFE7FFE70B980C99096848610C9867
:103F2000FCF726FD09900C98C06D00F01F013F20A2
:103F300088400999886026E10C980168012045F2C3
:103F40000842C5F60202914204904ED0FFE70C9859
:103F50000168012045F21C42C5F60202914204901C
:103F600043D0FFE70C980168012045F23042C5F6C6
:103F700002029142049038D0FFE70C9801680120BA
:103F800045F24442C5F60202914204902DD0FFE76B
:103F90000C980168012045F25842C5F60202914290
:103FA000049022D0FFE70C980168012045F26C4292
:103FB000C5F602029142049017D0FFE70C98016801
:103FC000012045F28042C5F60202914204900CD0D5
:103FD000FFE70C9800684AF66C31CAF2FD7108449C
:103FE000B0FA80F040090490FFE70498C007002869
:103FF00000F0BD80FFE70C980168012045F20842FF
:10400000C5F60202914203904ED0FFE70C9801687A
:10401000012045F21C42C5F602029142039043D0B2
:10402000FFE70C980168012045F23042C5F6020214
:104030009142039038D0FFE70C980168012045F2C7
:104040004442C5F60202914203902DD0FFE70C983E
:104050000168012045F25842C5F6020291420390E0
:1040600022D0FFE70C980168012045F26C42C5F6AA
:1040700002029142039017D0FFE70C9801680120DB
:1040800045F28042C5F60202914203900CD0FFE750
:104090000C9800684AF66C31CAF2FD710844B0FA17
:1040A00080F040090390FFE70398C00708B1FFE7DD
:1040B000FFE70C99022081F83500FFE70C990020FA
:1040C00081F83400FFE70C98006800680B900B98AB
:1040D0006FF310100B900C988068402803D1FFE715
:1040E0001020029008E00C9880688038B0FA80F0C8
:1040F000400980030290FFE702980C99CA680B6997
:10410000D1F814C0D1F818E0CC694EEA040E4CEA9C
:104110000E0C43EA0C031A4340EAD200096A40EA53
:1041200011110B9808430B900B980C9909680860C3
:104130000C9908684AF6F832CAF2FD7210444CF63F
:10414000CD42CCF6CC42A0FB02026FF0030000EAA5
:104150009200C8650C98FCF70BFC08900C98C06D99
:1041600000F01F0101208840089948600AE00C997E
:10417000402048650C99032081F8350001208DF816
:1041800037004DE1FFE70C98016801201022C4F2CE
:1041900002029142019000F00381FFE70C98016850
:1041A00001202822C4F202029142019000F0F8801E
:1041B000FFE70C98016801204022C4F202029142FC
:1041C000019000F0ED80FFE70C9801680120582273
:1041D000C4F202029142019000F0E280FFE70C98E5
:1041E000016801207022C4F202029142019000F0A5
:1041F000D780FFE70C98016801208822C4F20202F0
:104200009142019000F0CC80FFE70C9801680120FA
:10421000A022C4F202029142019000F0C180FFE7A7
:104220000C9801680120B822C4F202029142019068
:1042300000F0B680FFE70C980168012040F21042C0
:10424000C4F202029142019000F0AA80FFE70C98AC
:104250000168012040F22842C4F20202914201901A
:1042600000F09E80FFE70C980168012040F2404278
:10427000C4F202029142019000F09280FFE70C9894
:104280000168012040F25842C4F2020291420190BA
:1042900000F08680FFE70C980168012040F2704230
:1042A000C4F20202914201907AD0FFE70C980168B3
:1042B000012040F28842C4F20202914201906FD084
:1042C000FFE70C980168012040F2A042C4F202020C
:1042D0009142019064D0FFE70C980168012040F200
:1042E000B842C4F202029142019059D0FFE70C9803
:1042F0000168012045F20842C5F602029142019090
:104300004ED0FFE70C980168012045F21C42C5F62B
:1043100002029142019043D0FFE70C98016801200E
:1043200045F23042C5F602029142019038D0FFE7D3
:104330000C980168012045F24442C5F60202914200
:1043400001902DD0FFE70C980168012045F25842FA
:10435000C5F602029142019022D0FFE70C98016855
:10436000012045F26C42C5F602029142019017D03D
:10437000FFE70C980168012045F28042C5F6020271
:10438000914201900CD0FFE70C9800684AF66C311E
:10439000CAF2FD710844B0FA80F040090190FFE7CD
:1043A0000198C00790B3FFE70C98FCF7C9FB0C9885
:1043B0008068802804D1FFE70C9900204860FFE75F
:1043C0000C990879096E08600C98416E806E4860FF
:1043D0000C98406888B1FFE70C98406808280CD812
:1043E000FFE70C98FCF768FC0C98C16E0020086091
:1043F0000C98016F406F486007E00C990020C86678
:104400000C9908670C994867FFE7FFE70C990020B3
:1044100048650C9A012182F835108DF83700FFE7C6
:104420009DF837000EB010BD80B588B0069005919C
:104430000492039300208DF80B00069820B9FFE743
:1044400001208DF81F006CE3FFE7069890F8340018
:10445000012804D1FFE702208DF81F0061E30699CF
:10446000012081F83400FFE7FFE7069890F8350057
:10447000012840F04383FFE70699022081F83500C8
:10448000069900204865069800681021C4F20201D0
:10449000884200F08180FFE7069800682821C4F276
:1044A0000201884278D0FFE7069800684021C4F2F4
:1044B0000201884270D0FFE7069800685821C4F2D4
:1044C0000201884268D0FFE7069800687021C4F2B4
:1044D0000201884260D0FFE7069800688821C4F294
:1044E0000201884258D0FFE706980068A021C4F274
:1044F0000201884250D0FFE706980068B821C4F254
:104500000201884248D0FFE70698006840F2104157
:10451000C4F2020188423FD0FFE70698006840F2EB
:104520002841C4F20201884236D0FFE706980068AD
:1045300040F24041C4F2020188422DD0FFE70698C4
:10454000006840F25841C4F20201884224D0FFE7DB
:104550000698006840F27041C4F2020188421BD004
:10456000FFE70698006840F28841C4F202018842E1
:1045700012D0FFE70698006840F2A041C4F20201A1
:10458000884209D0FFE70698006840F2B841C4F2BB
:104590000201884207D1FFE706980168086820F009
:1045A0000100086006E006980168086820F0010034
:1045B0000860FFE706980599049A039BFCF78CFCBA
:1045C0000698016801201022C4F202029142019073
:1045D00000F0A380FFE70698016801202822C4F2BA
:1045E00002029142019000F09880FFE7069801686E
:1045F00001204022C4F202029142019000F08D801D
:10460000FFE70698016801205822C4F20202914295
:10461000019000F08280FFE7069801680120702277
:10462000C4F202029142019077D0FFE70698016838
:1046300001208822C4F20202914201906DD0FFE76E
:10464000069801680120A022C4F202029142019062
:1046500063D0FFE7069801680120B822C4F2020285
:104660009142019059D0FFE706980168012040F27D
:104670001042C4F20202914201904ED0FFE7069828
:104680000168012040F22842C4F2020291420190E6
:1046900043D0FFE706980168012040F24042C4F28F
:1046A00002029142019038D0FFE70698016801208C
:1046B00040F25842C4F20202914201902DD0FFE72D
:1046C00006980168012040F27042C4F20202914251
:1046D000019022D0FFE706980168012040F288424D
:1046E000C4F202029142019017D0FFE706980168D8
:1046F000012040F2A042C4F20202914201900CD08B
:10470000FFE7069800684FF64831CBF6FD71084484
:10471000B0FA80F040090190FFE70198C007A8B106
:10472000FFE70698006800680B2161F344000699D2
:10473000096808600698006C38B1FFE706980168C0
:10474000086840F008000860FFE714E00698006879
:104750000068052161F3430006990968086006981E
:10476000006C38B1FFE706980168086840F0040063
:104770000860FFE7FFE70698016801201022C4F2F5
:1047800002029142009000F00381FFE70698016861
:1047900001202822C4F202029142009000F0F88029
:1047A000FFE70698016801204022C4F2020291420C
:1047B000009000F0ED80FFE7069801680120582284
:1047C000C4F202029142009000F0E280FFE70698F6
:1047D000016801207022C4F202029142009000F0B0
:1047E000D780FFE70698016801208822C4F2020200
:1047F0009142009000F0CC80FFE70698016801200C
:10480000A022C4F202029142009000F0C180FFE7B2
:10481000069801680120B822C4F202029142009079
:1048200000F0B680FFE706980168012040F21042D0
:10483000C4F202029142009000F0AA80FFE70698BD
:104840000168012040F22842C4F202029142009025
:1048500000F09E80FFE706980168012040F2404288
:10486000C4F202029142009000F09280FFE70698A5
:104870000168012040F25842C4F2020291420090C5
:1048800000F08680FFE706980168012040F2704240
:10489000C4F20202914200907AD0FFE706980168C4
:1048A000012040F28842C4F20202914200906FD08F
:1048B000FFE706980168012040F2A042C4F202021C
:1048C0009142009064D0FFE706980168012040F211
:1048D000B842C4F202029142009059D0FFE7069814
:1048E0000168012045F20842C5F60202914200909B
:1048F0004ED0FFE706980168012045F21C42C5F63C
:1049000002029142009043D0FFE70698016801201F
:1049100045F23042C5F602029142009038D0FFE7DE
:1049200006980168012045F24442C5F60202914210
:1049300000902DD0FFE706980168012045F258420B
:10494000C5F602029142009022D0FFE70698016866
:10495000012045F26C42C5F602029142009017D048
:10496000FFE706980168012045F28042C5F6020281
:10497000914200900CD0FFE7069800684AF66C312F
:10498000CAF2FD710844B0FA80F040090090FFE7D8
:104990000098C007D0B1FFE70698006E0068C0031A
:1049A000002807D5FFE70698016E086840F480707C
:1049B0000860FFE70698C06E38B1FFE70698C16E41
:1049C000086840F480700860FFE7FFE70698006819
:1049D0001021C4F20201884200F08180FFE70698AE
:1049E00000682821C4F20201884278D0FFE70698C7
:1049F00000684021C4F20201884270D0FFE70698A7
:104A000000685821C4F20201884268D0FFE7069886
:104A100000687021C4F20201884260D0FFE7069866
:104A200000688821C4F20201884258D0FFE7069846
:104A30000068A021C4F20201884250D0FFE7069826
:104A40000068B821C4F20201884248D0FFE7069806
:104A5000006840F21041C4F2020188423FD0FFE7F3
:104A60000698006840F22841C4F20201884236D01C
:104A7000FFE70698006840F24041C4F20201884214
:104A80002DD0FFE70698006840F25841C4F20201B9
:104A9000884224D0FFE70698006840F27041C4F2D3
:104AA000020188421BD0FFE70698006840F2884167
:104AB000C4F20201884212D0FFE70698006840F273
:104AC000A041C4F20201884209D0FFE706980068BD
:104AD00040F2B841C4F20201884207D1FFE70698CC
:104AE0000168086840F00100086006E00698016867
:104AF000086840F001000860FFE70DE006994FF4F8
:104B000000604865FFE70699002081F83400FFE760
:104B100001208DF80B00FFE79DF80B008DF81F00BA
:104B2000FFE79DF81F0008B080BD000000000000F6
:104B300080B584B0039001F0BFFD0290039801900E
:104B40000198013048B1FFE740F2A850C2F200409E
:104B50000178019808440190FFE7FFE701F0ACFD00
:104B60000299401A0199884201D2FFE7F6E704B0A2
:104B700080BD00000000000085B00390029101920A
:104B8000039890F898008DF803009DF80300012821
:104B900005D0FFE79DF8030002285DD1FFE70298EA
:104BA00003990968896D084207D1FFE703980168F6
:104BB000C86D40F00100C86515E0029803990968C6
:104BC000896D08400299884207D1FFE70398016880
:104BD000C86D40F00200C86504E003980168032036
:104BE000C865FFE7FFE79DF809008007002809D5A1
:104BF000FFE7019A03980168D1F8E0001043C1F87B
:104C0000E000FFE79DF809004007002809D5FFE70D
:104C1000019A03980168D1F8E4001043C1F8E40058
:104C2000FFE7FFE702984FF6FF71C3F6CF7100EA86
:104C3000010203980168486D10434865029A4AF6DC
:104C40001401C4F20001086840EA92700860FFE7AE
:104C500000208DF813000AE00399D1F89C0040F081
:104C60000200C1F89C0001208DF81300FFE79DF8B9
:104C7000130005B07047000080B586B00490039122
:104C800002920398406808B9FFE700E0FFE7049844
:104C900090F89800022845D1FFE704980068D0F802
:104CA000C00010F07C5F0BD1FFE70499D1F89C00A5
:104CB00040F02000C1F89C0001208DF817003CE076
:104CC00004980068D0F8C400800200280BD5FFE7E4
:104CD0000499D1F89C0040F40070C1F89C000120B8
:104CE0008DF8170029E004980068D0F8C400C0F3DC
:104CF0000440019004980399029A019BFCF75CFD23
:104D00000199012000FA01F1049A1268C2F8D0104A
:104D1000019988400499C1F89400FFE700208DF8BC
:104D200017000AE00499D1F89C0040F00800C1F88F
:104D30009C0001208DF81700FFE79DF8170006B0D2
:104D400080BD00000000000082B00190009102B020
:104D5000704700000000000084B0029001910092B2
:104D6000019808B9FFE700E0FFE7029890F8980083
:104D7000012836D1FFE7019870B9FFE70298006873
:104D8000D0F8F00020F07C50009940EA01600299D0
:104D90000968C1F8F00020E0019801280ED1FFE772
:104DA00002980068D0F8A00020F0FE40009940EA88
:104DB000016002990968C1F8A0000DE0029800683E
:104DC000D0F8B00020F0FE40009940EA016002995E
:104DD0000968C1F8B000FFE7FFE700208DF80F0079
:104DE0000AE00299D1F89C0040F00400C1F89C0050
:104DF00001208DF80F00FFE79DF80F0004B0704709
:104E000087B005900491059890F898008DF80300FC
:104E10009DF80300012805D0FFE79DF80300022854
:104E20006AD1FFE70498C068072801D1FFE7FFE7D0
:104E30000498006878BBFFE70498C068072801D091
:104E4000FFE7FFE70498C06807280CD1FFE7049A42
:104E500010699169D269000440EA0220084340F0D9
:104E6000605003900CE004998868CB680A6949692E
:104E7000800740EAC36040EA024008430390FFE72E
:104E80000598C06E0499496800EB81000190039871
:104E9000019908602CE00498C068072801D0FFE75A
:104EA000FFE70498C168006940EA417003900498E4
:104EB000C068072804D1FFE704988069029006E0E3
:104EC00004988168406940EA81700290FFE7059884
:104ED000006F0499496800EBC100019003980199A3
:104EE0000860019804300190029801990860FFE77A
:104EF00000208DF81B000AE00599D1F89C0040F0D5
:104F00000200C1F89C0001208DF81B00FFE79DF80E
:104F10001B0007B07047000085B0DDF814C0039097
:104F2000029101920093039890F89800012812D101
:104F3000FFE702980001019940EA8100009940EAE8
:104F400041000599084303990968C1F880000020D1
:104F50008DF813000AE00399D1F89C0040F004009A
:104F6000C1F89C0001208DF81300FFE79DF81300A5
:104F700005B070470000000081B0009001B070479C
:104F800080B582B0019000919DF803008007002851
:104F900036D5FFE7019801F0ABF8019801F080F8F1
:104FA000019800684AF20001C4F20001884206D16B
:104FB000FFE7019801210022FFF7DEFD1FE00198C5
:104FC00000684AF20041C4F20001884206D1FFE7BE
:104FD000019810210022FFF7CFFD0FE00198006833
:104FE0004DF20041C4F20001884206D1FFE701986A
:104FF00001210022FFF7C0FDFFE7FFE7FFE7FFE722
:1050000002B080BD000000008AB0089007910692AF
:10501000059300200190089890F898008DF80300FF
:105020009DF80300022840F05C81FFE707984028C4
:1050300051D1FFE708980068D0F8A00010F4FE0FE7
:105040000BD1FFE70899D1F89C0040F02000C1F88F
:105050009C0001208DF827004EE108980068D0F8E8
:10506000A400400658B9FFE70899D1F89C0040F425
:105070008070C1F89C0001208DF827003CE1089861
:105080000068D0F8A40000F080710120B0EB116F2F
:105090000DD1FFE708980068D0F8A0100120B0EB10
:1050A000D17F03D1FFE701200190FFE7FFE70898D8
:1050B0000068D0F8A40000F47C51019800EB1120A6
:1050C00001900898426C406F0199514300EB8100B8
:1050D0000490FFE770E00798412851D1FFE7089856
:1050E0000068D0F8B00010F4FE0F0BD1FFE708996C
:1050F000D1F89C0040F02000C1F89C0001208DF800
:105100002700F9E008980068D0F8B400400658B9C4
:10511000FFE70899D1F89C0040F48070C1F89C002A
:1051200001208DF82700E7E008980068D0F8B40067
:1051300000F080710120B0EB116F0DD1FFE70898EE
:105140000068D0F8B0100120B0EBD17F03D1FFE7A9
:1051500001200190FFE7FFE708980068D0F8B4004D
:1051600000F47C51019800EB112001900898C26C6A
:10517000806F0199514300EB81000490FFE71AE032
:1051800007980899096D88420BD3FFE70899D1F871
:105190009C0040F02000C1F89C0001208DF8270001
:1051A000AAE00898426DC06F0799514300EB810057
:1051B0000490FFE7FFE7FFE70498006800F08040F5
:1051C000069948600698406838B9FFE70498006877
:1051D000C0F38A400699086006E00498006820F051
:1051E000604006990860FFE70498006800F00050EE
:1051F000069988600498006800F0004006990861EC
:10520000049804300490049800880699C8610498B2
:105210000068C0F303400699C8600498006800F471
:105220008010069948610498006800F400100699FF
:10523000886104980068C0F30660069908620498C3
:105240000068C00F069948620498043004900498DE
:10525000039000200290FFE702980699CA6845F281
:105260000C21C0F60201895C88420AD2FFE703984C
:10527000029A805C05998854FFE7029801300290F9
:10528000EAE70798402806D1FFE7019808990968DE
:10529000C1F8A80021E00798412806D1FFE701984E
:1052A00008990968C1F8B80016E007981F2808D8BF
:1052B000FFE707990120884008990968C1F898001C
:1052C00009E0079800F01F0101208840089909684B
:1052D000C1F89C00FFE7FFE7FFE700208DF82700FB
:1052E0000AE00899D1F89C0040F00800C1F89C0041
:1052F00001208DF82700FFE79DF827000AB07047CE
:1053000081B0009001B0704780B594B013904AF618
:105310001000C4F200000068800712904AF61400E2
:10532000C4F200000168129800EA8170129013988C
:105330000068006D00F47040119013980068416D92
:1053400011980840119013980068006D00F00F004C
:10535000109013980068416D1098084010901398B1
:105360000068006D00F0F0000F9013980068416D28
:105370000F9808400F9013980068006D00F071506E
:105380000E9013980068416D0E9808400E90139887
:105390000068006D00F060700D9013980068416D1A
:1053A0000D9808400D9013980068406D0390139875
:1053B0000068006D01909DF80D00C007B8B1FFE7CF
:1053C0009DF80500C00788B1FFE7FFE71398016863
:1053D0004FF4807008654AF61001C4F20001002005
:1053E0000860FFE71398FFF78BFFFFE7FFE79DF8E3
:1053F0000D0000F004010020B0EB910F28D0FFE772
:105400009DF8050000F004010020B0EB910F1ED0C4
:10541000FFE713980068D0F8DC000B901398006841
:10542000D0F8E4100B9808400B90FFE71398016840
:105430004FF4806008654AF61001C4F200010020B4
:105440000860FFE713980B9900F0F2FEFFE7FFE713
:105450001298B8B1FFE7FFE712984FF6FF71C3F655
:10546000CF7108401399096808651298800F4AF6B1
:105470001001C4F200010860FFE713981299FFF7CA
:1054800063FCFFE71198B8B1FFE7FFE711984FF60B
:10549000FF71C3F6CF710840139909680865119828
:1054A000800F4AF61001C4F200010860FFE713986C
:1054B000119900F0D1FEFFE71098B8B1FFE7FFE7C0
:1054C00010984FF6FF71C3F6CF7108401399096821
:1054D00008651098800F4AF61001C4F200010860B8
:1054E000FFE71398109900F023FDFFE70F98B8B17C
:1054F000FFE7FFE70F984FF6FF71C3F6CF71084043
:105500001399096808650F98800F4AF61001C4F2D4
:1055100000010860FFE713980F9900F065FDFFE7B1
:105520009DF80D0000F008010020B0EBD10F1BD05A
:10553000FFE79DF8050000F008010020B0EBD10F57
:1055400011D0FFE7FFE7139801684FF4006008658A
:105550004AF61001C4F2000100200860FFE713982A
:1055600000F082FEFFE7FFE79DF80D0000F002016A
:105570000020B0EB510F28D0FFE79DF8050000F0A8
:1055800002010020B0EB510F1ED0FFE71398006816
:10559000D0F8D8000C9013980068D0F8E0100C9860
:1055A00008400C90FFE7139801684FF400700865FD
:1055B0004AF61001C4F2000100200860FFE71398CA
:1055C0000C9900F03DFEFFE7FFE79DF80E0000F0AC
:1055D00008010020B0EBD10F1BD0FFE79DF80600BB
:1055E00000F008010020B0EBD10F11D0FFE7FFE77A
:1055F000139801684FF4002008654AF61001C4F2C0
:10560000000100200860FFE7139800F08DFCFFE721
:10561000FFE79DF80E00C007B8B1FFE79DF8060050
:10562000C00788B1FFE7FFE7139801684FF48030A7
:1056300008654AF61001C4F2000100200860FFE787
:10564000139800F0F1FDFFE7FFE79DF80E0000F072
:1056500004010020B0EB910F1BD0FFE79DF806007E
:1056600000F004010020B0EB910F11D0FFE7FFE73D
:10567000139801684FF4802008654AF61001C4F2BF
:10568000000100200860FFE7139800F0C9FDFFE764
:10569000FFE79DF80E0000F002010020B0EB510F73
:1056A0001FD0FFE79DF8060000F002010020B0EBDC
:1056B000510F15D0FFE7FFE7139801684FF4003052
:1056C00008654AF61001C4F2000100200860FFE7F7
:1056D0001399D1F89C0040F08000C1F89C00FFE7CE
:1056E000FFE70D98B8B1FFE7FFE70D984FF6FF71A0
:1056F000C3F6CF7108401399096808650D98800FAB
:105700004AF61001C4F200010860FFE713980D99F2
:10571000FFF736FCFFE70E98D0B1FFE7FFE70E98E2
:105720004FF6FF71C3F6CF710840139909680865F9
:105730000E98800F4AF61001C4F200010860FFE7DE
:105740000E9A1399D1F89C001043C1F89C00FFE712
:10575000139800684AF20001C4F20001884240F048
:10576000B980FFE71398406880688007002800F040
:10577000B080FFE713984068006A00F00F000A90BD
:1057800013984068416A0A9808400A901398406844
:10579000006A00F03000099013984068416A099847
:1057A0000840099013984068006A00F4C07008909F
:1057B00013984068416A0898084008901398406818
:1057C000006A00F4FC40079013984068416A07980B
:1057D0000840079013984068006A00F4F020069093
:1057E00013984068416A06980840069013984068EC
:1057F000406A029013984068006A00900A9848B185
:10580000FFE70A9813994968086213980A9900F00B
:10581000EFFCFFE7099848B1FFE709981399496839
:1058200008621398099900F0F3FCFFE79DF808005F
:1058300000F040010020B0EB911F1FD0FFE79DF862
:10584000000000F040010020B0EB911F15D0FFE7F1
:1058500013984068C06B000C059013984068C06BAB
:1058600000F03F00049013984168402008621398AC
:105870000599049A00F0C4FCFFE7FFE7089848B1D7
:10588000FFE708981399496808621398089900F08F
:10589000A7FCFFE7079860B1FFE7079813994968ED
:1058A0000862079A1399D1F89C001043C1F89C0034
:1058B000FFE7069860B1FFE7069813994968086208
:1058C000069A1399D1F89C001043C1F89C00FFE799
:1058D000FFE7FFE71398D0F89C0020B1FFE713988B
:1058E000FFF74AFBFFE714B080BD00000000000096
:1058F00080B598B0169045F2B011C0F6020101A82B
:105900004C22FAF734FD169820B9FFE701208DF8F4
:105910005F00D9E1169800684AF20001C4F2000164
:10592000884206D1FFE71699086800F58070486044
:10593000FFE716988068B0F5407F01D1FFE7FFE7E9
:105940001698006C08B1FFE7FFE71698806C08B165
:10595000FFE7FFE71698006D08B1FFE7FFE716982D
:10596000006E08B1FFE7FFE71699C86D096E08449D
:1059700008B1FFE7FFE7169890F8980040B9FFE7F5
:105980001699002081F89900169800F0A1F9FFE718
:1059900016980168886920F01000886100F08CFE7C
:1059A0001590FFE71698006880690007002817D552
:1059B000FFE700F081FE1599401A0B280FD3FFE78F
:1059C0001699D1F89C0040F00100C1F89C0016998E
:1059D000032081F8980001208DF85F0074E1E1E771
:1059E00016980168886940F00100886100F064FE43
:1059F0001590FFE7169800688069C007B8B9FFE7FF
:105A000000F05AFE1599401A0B280FD3FFE716999C
:105A1000D1F89C0040F00100C1F89C0016990320C9
:105A200081F8980001208DF85F004DE1E2E71698BB
:105A30000168886940F0020088611698007C01289E
:105A400007D1FFE716980168886920F04000886157
:105A500006E016980168886940F040008861FFE719
:105A60001698407C012807D1FFE7169801688869DD
:105A700040F48040886106E016980168886920F447
:105A800080408861FFE71698807C012807D1FFE7F6
:105A900016980168886920F48050886106E016989D
:105AA0000168886940F480508861FFE716980068B3
:105AB000806920F44070169A1168926810438861DA
:105AC00016980168886920F0A4008861169801681A
:105AD000086920F0100008611698C068012807D1F5
:105AE000FFE716980168886940F0040088612BE0A0
:105AF0001698C06830B3FFE71698C068022819D01E
:105B0000FFE716980168886940F080008861169860
:105B10000168086940F0100008611698C068032801
:105B200007D1FFE716980168886940F02000886176
:105B3000FFE706E016980168886940F02000886158
:105B4000FFE700E0FFE7FFE7169A116853699069E5
:105B5000D2F81CE0A0F1010C6FF0FF0000EB0E206A
:105B600040EA4C60126A013A10430022CFF6FF72FD
:105B700002EB03421043C86116988068B0F5407F7D
:105B80001CD1FFE7169A1168536A906AD2F82CE08C
:105B900001386FF0FF0C0CEB0E2C40EA0C00D2F831
:105BA00030C06FF00F0202EB0C1210430022CFF650
:105BB000FF7202EB03421043C860FFE71698006EC5
:105BC00048B1FFE716980168426ED1F8C000104353
:105BD000C1F8C000FFE71699C86D096E084480B18E
:105BE000FFE716980068D0F8C80020F00700169A62
:105BF0001168936E01AA52F823201043C1F8C8001F
:105C0000FFE71698006C80B1FFE716980068D0F89F
:105C1000BC0020F00700169A1168536C01AA52F8D4
:105C200023201043C1F8BC00FFE71698806C88B1B0
:105C3000FFE716980068D0F8BC0020F07000169AB4
:105C40001168D36C01AA52F8232040EA0210C1F86F
:105C5000BC00FFE71698006D88B1FFE71698006852
:105C6000D0F8BC0020F4E060169A1168536D01AAC8
:105C700052F8232040EA0220C1F8BC00FFE7169842
:105C800000684AF20001C4F20001884207D1FFE730
:105C900016984168886820F003008860FFE716992D
:105CA0000020C1F894001699C1F89C0016990120B3
:105CB00081F898001698FBF71BFC8DF853009DF8AF
:105CC00053008DF85F00FFE79DF85F0018B080BDBE
:105CD00080B5C0B03F9000203E903D903C903B90FE
:105CE0003A900CA8B821FAF75BFB3F9800684AF29B
:105CF0000001C4F20001884255D1FFE700200D9059
:105D00004FF400400C904FF0805027900CA802F008
:105D100073FA18B1FFE7FBF7CBFBFFE740F2907097
:105D2000C2F200400168013101600068012810D111
:105D3000FFE7FFE744F2EC40C5F60200016841F4DA
:105D400080710160006800F480700B900B98FFE791
:105D5000FFE7FFE744F2E040C5F60200016841F0CA
:105D600008010160006800F008000A900A98FFE747
:105D700003203A9002203B90002104913C913D90F9
:105D800009203E9040F60040C5F602003AA900F016
:105D900093FA049A13200590114600F04DFD0598E2
:105DA00000F03EFDBEE03F9800684AF20041C4F2B8
:105DB0000001884255D1FFE700200D904FF40040CC
:105DC0000C904FF0805027900CA802F015FA18B1F3
:105DD000FFE7FBF76DFBFFE740F29070C2F2004077
:105DE0000168013101600068012810D1FFE7FFE779
:105DF00044F2EC40C5F60200016841F48071016094
:105E0000006800F4807009900998FFE7FFE7FFE75A
:105E100044F2E040C5F60200016841F00201016071
:105E2000006800F0020008900898FFE760203A90B0
:105E300002203B90002102913C913D9009203E9030
:105E400040F20040C5F602003AA900F035FA029A85
:105E500014200390114600F0EFFC039800F0E0FCE2
:105E60005FE03F9800684DF20041C4F200018842B3
:105E700056D1FFE700200D904FF400400C904FF0FA
:105E8000805027900CA802F0B7F918B1FFE7FBF794
:105E90000FFBFFE740F29070C2F200400168013151
:105EA00001600068012810D1FFE7FFE744F2EC40F1
:105EB000C5F60200016841F480710160006800F4D9
:105EC000807007900798FFE7FFE7FFE744F2E040A4
:105ED000C5F60200016841F008010160006800F0A9
:105EE000080006900698FFE74FF440503A900220D1
:105EF0003B90002100913C913D9005203E9040F662
:105F00000040C5F602003AA900F0D6F9009A9F2099
:105F10000190114600F090FC019800F081FCFFE731
:105F2000FFE7FFE740B080BD81B0009001B070474F
:105F300080B588B007900691079800684AF2000182
:105F4000C4F20001884212D1FFE7079840F20861CD
:105F5000C2F2004104910A1D059201F12C03402177
:105F6000FFF752F804990598496B884737E007987E
:105F700000684AF20041C4F20001884212D1FFE7F2
:105F8000079840F2A861C2F2004102910A1D0392F3
:105F900001F12C034021FFF737F802990398496B70
:105FA00088471BE0079800684DF20041C4F20001E9
:105FB000884212D1FFE7079840F2F861C2F200412F
:105FC00000910A1D019201F12C034021FFF71CF8FA
:105FD00000990198496B8847FFE7FFE7FFE708B0A2
:105FE00080BD00000000000080B588B007900691D9
:105FF000079800684AF20001C4F20001884212D1F9
:10600000FFE7079840F20861C2F2004104910A1DBF
:10601000059201F12C034121FEF7F6FF0499059842
:10602000496B884737E0079800684AF20041C4F29C
:106030000001884212D1FFE7079840F2A861C2F23E
:10604000004102910A1D039201F12C034121FEF748
:10605000DBFF02990398496B88471BE007980068AB
:106060004DF20041C4F20001884212D1FFE70798C7
:1060700040F2F861C2F2004100910A1D019201F163
:106080002C034121FEF7C0FF00990198496B884716
:10609000FFE7FFE7FFE708B080BD00000000000059
:1060A00082B00090009890F89800012811D1FFE785
:1060B0000099022081F8980000980168886920F012
:1060C0000100886100990020C1F89C008DF807004C
:1060D0000AE00099D1F89C0040F00400C1F89C004F
:1060E00001208DF80700FFE79DF8070002B0704718
:1060F00083B0019000200090019890F89800022849
:106100005CD1FFE701980168886940F0010088616F
:10611000FFE7019800688069C007B8B9FFE70098F9
:1061200033280FD3FFE70199D1F89C0040F001001C
:10613000C1F89C000199032081F8980001208DF896
:106140000B0046E0009801300090E2E7002000904C
:1061500001980168886920F010008861FFE70198C4
:10616000006880690007002817D5FFE700983328EA
:106170000FD3FFE70199D1F89C0040F00100C1F86E
:106180009C000199032081F8980001208DF80B00F4
:106190001FE0009801300090E1E7019801688869EC
:1061A00040F00200886101990020C1F89400019A32
:1061B000012182F898108DF80B000AE00199D1F8BE
:1061C0009C0040F00800C1F89C0001208DF80B00F5
:1061D000FFE79DF80B0003B07047000000000000CF
:1061E00082B00190009102B07047000000000000F2
:1061F00082B00190009102B07047000000000000E2
:1062000083B002900191009203B07047000000003B
:1062100082B00190009102B07047000000000000C1
:1062200081B0009001B0704781B0009001B070471C
:1062300082B00190009102B07047000000000000A1
:1062400082B00190009145F6A441C2F20041086875
:106250000130086002B0704782B00190009102B036
:10626000704700000000000081B0009001B070474E
:1062700081B0ADF8020001B07047000000000000DE
:1062800080B582B0ADF806008820C5F60000006831
:10629000BDF8061008420BD0FFE7BDF806008821C4
:1062A000C5F600010860BDF80600FFF7E1FFFFE753
:1062B00002B080BD000000008FB00E900D91002054
:1062C0000C908020C5F600000990FFE70D9800684B
:1062D0000C99C840002800F0C181FFE70D980068C4
:1062E0000C9A0121914008400B900B98002800F077
:1062F000B181FFE70D98406800F00300012807D046
:10630000FFE70D98406800F0030002282FD1FFE757
:106310000E9880680A900C984100032000FA01F161
:106320000A9888430A900D98C0680C99490000FAB1
:1063300001F10A9808430A900A980E9988600E980D
:1063400040680A900C99012000FA01F10A988843EC
:106350000A900D984068C0F300100C9900FA01F102
:106360000A9808430A900A980E994860FFE70D982A
:10637000406800F00300032818D0FFE70E98C068BB
:106380000A900C984100032000FA01F10A98884312
:106390000A900D9880680C99490000FA01F10A985A
:1063A00008430A900A980E99C860FFE70D98406864
:1063B00000F00300022826D1FFE70E980C996FF039
:1063C000030202EA51010844006A0A900C9800F0A6
:1063D000070081000F2000FA01F10A9888430A9013
:1063E0000D9800690C9901F00701890000FA01F18C
:1063F0000A9808430A900A980E990C9B02EA5302E5
:1064000011440862FFE70E9800680A900C9841005A
:10641000032000FA01F10A9888430A900D98406819
:1064200000F003000C99490000FA01F10A980843B2
:106430000A900A980E9908600D98807980070028C4
:1064400000F00781FFE7FFE744F2F440C5F60200E1
:10645000016841F002010160006800F0020008904C
:106460000898FFE70C9820F0030040F20841C5F6B9
:10647000000140580A900C9800F0030081000F20A2
:1064800000FA01F10A9888430A900E980021C5F697
:106490000201884203D1FFE7002007906CE00E98CC
:1064A00040F20041C5F60201884203D1FFE7012016
:1064B00006905EE00E9840F60001C5F602018842A3
:1064C00003D1FFE70220059050E00E9840F600410E
:1064D000C5F60201884203D1FFE70320049042E0A1
:1064E0000E9841F20001C5F60201884203D1FFE790
:1064F0000420039034E00E9841F20041C5F60201F9
:10650000884203D1FFE70520029026E00E9841F66D
:106510000001C5F60201884203D1FFE70620019081
:1065200018E00E9841F60041C5F60201884203D1F9
:10653000FFE7072000900AE00E9942F20042C5F6FC
:1065400002020A20914208BF09200090FFE700984C
:106550000190FFE701980290FFE702980390FFE7A0
:1065600003980490FFE704980590FFE705980690CC
:10657000FFE706980790FFE707980C9901F00301E1
:10658000890000FA01F10A9808430A900A980C99C8
:1065900021F0030140F20842C5F6000288504FF096
:1065A000B04000680A900B990A9888430A900D98A9
:1065B0008079C006002805D5FFE70B990A980843A3
:1065C0000A90FFE70A984FF0B04108600420C5F632
:1065D000000000680A900B990A9888430A900D9869
:1065E00080798006002805D5FFE70B990A980843B3
:1065F0000A90FFE70A980421C5F60001086009988F
:1066000040680A900B990A9888430A900D988079FF
:106610008007002805D5FFE70B990A9808430A90E0
:10662000FFE70A9809994860099800680A900B9951
:106630000A9888430A900D988079C00728B1FFE72F
:106640000B990A9808430A90FFE70A98099908608D
:10665000FFE7FFE70C9801300C9037E60FB070476A
:1066600083B00290ADF80610029840690090009A3D
:10667000BDF8060002EA0001904340EA0140029999
:10668000886103B07047000082B00190ADF802103D
:106690008DF801209DF8010028B1FFE7BDF8020048
:1066A0000199886105E0BDF8020000040199886144
:1066B000FFE702B07047000045F6C040C2F200405C
:1066C000006870470000000040F2A850C2F200408D
:1066D000027845F6C041C2F20041086810440860E3
:1066E000704700000000000080B582B0032000F079
:1066F000BBF803F019F844F21842C5F6020211681B
:10670000C1F3032345F2FC11C0F60201CB5C03F098
:106710001F03D84000900098126802F00F02895CB5
:1067200001F01F01C84040F2B431C2F200410860DC
:10673000009840F2B031C2F200410860072000F03A
:1067400013F820B1FFE701208DF8070005E000F005
:106750004FF800208DF80700FFE79DF8070002B012
:1067600080BD00000000000080B582B0009040F2C3
:10677000A850C2F20040007820B9FFE701208DF850
:10678000070030E040F2B030C2F20040006840F252
:10679000A851C2F200410A784FF47A71B1FBF2F1CC
:1067A000B0FBF1F004F0F0FF20B1FFE701208DF81D
:1067B000070018E000980F280DD8FFE700994FF068
:1067C000FF30002200F038F8009840F2AC51C2F2DD
:1067D0000041086003E001208DF8070003E000207D
:1067E0008DF80700FFE79DF8070002B080BD0000AC
:1067F00080B582B0FFE744F2F440C5F602000168BC
:1068000041F002010160006800F00200019001986F
:10681000FFE7042000F028F802B080BD000000006F
:1068200080B582B0ADF80600BDF906001CF038FA5C
:1068300002B080BD0000000080B586B0ADF8160043
:10684000049103921CF044FA0290BDF916000190E5
:1068500002980499039A09F0BBFB014601981CF0C9
:106860003FFA06B080BD000080B582B0019001986B
:106870001CF05AFA02B080BD82B001900198006805
:10688000009001990120C1F8D8040199002081F8F5
:10689000CC04009A916941F000619161009A516DB8
:1068A0000323C1F200031943516502B07047000091
:1068B00082B001908DF8031002B070470000000014
:1068C00082B00190ADF80210BDF80200019909688C
:1068D0004862002002B0704784B003908DF80B101E
:1068E000ADF8082003980068406A00909DF80B00FE
:1068F00048B9FFE7BDF80810009840EA0140039945
:106900000968886233E003980068816A009800EBA8
:106910001140009000208DF80700FFE79DF8070068
:106920009DF80B100139884213D2FFE703980068E5
:106930009DF8071000EB8100D0F80411009800EBDF
:1069400011400090FFE79DF8070001308DF8070027
:10695000E4E7BDF80810009840EA0140039909688F
:106960009DF80B2001EB8201C1F80001FFE7002038
:1069700004B070470000000080B582B0019001981B
:10698000D0F8E0040EF0FCF802B080BD000000007A
:1069900080B582B001908DF80310019AD2F8E0041E
:1069A0009DF8031001EBC10302EB8302126A0DF0A4
:1069B00043FF02B080BD000080B582B001908DF829
:1069C0000310019AD2F8E0049DF8031001EBC10313
:1069D00002EB8302D2F860220DF0F6FF02B080BD18
:1069E00080B582B001900198D0F8E0040EF0D0F8A4
:1069F00002B080BD0000000080B584B003908DF827
:106A00000B109DF80B00000600280CD5FFE703983B
:106A10009DF80B1001F00F0101EBC10100EB8100AB
:106A2000143001900CE003989DF80B1001F00F0159
:106A300001EBC10100EB810000F515700190FFE74B
:106A40000398006801990FF04FFE8DF80A009DF839
:106A50000A0004B080BD000080B584B002908DF8BB
:106A600007109DF80700000600280FD5FFE70298E1
:106A70009DF8071001F00F0101EBC10100EB81004F
:106A8000143000900099012048700FE002989DF8A2
:106A9000071001F00F0101EBC10100EB810000F5CF
:106AA00015700090009900204870FFE79DF80700DE
:106AB00000F00F0000990870FFE7029890F8940426
:106AC000012804D1FFE702208DF80F0014E002999D
:106AD000012081F89404FFE7FFE70298006800991D
:106AE0000FF0FAF8FFE70299002081F89404FFE71D
:106AF00000208DF80F00FFE79DF80F0004B080BD67
:106B000080B584B002908DF807109DF8070000F062
:106B10000F0002990979884204D9FFE701208DF816
:106B20000F004DE09DF80700000600280FD5FFE795
:106B300002989DF8071001F00F0101EBC10100EB75
:106B40008100143000900099012048700FE00298F5
:106B50009DF8071001F00F0101EBC10100EB81006E
:106B600000F515700090009900204870FFE700992B
:106B7000002088709DF8070000F00F000099087051
:106B8000FFE7029890F89404012804D1FFE702205F
:106B90008DF80F0014E00299012081F89404FFE7BA
:106BA000FFE70298006800990FF006FBFFE70299E3
:106BB000002081F89404FFE700208DF80F00FFE724
:106BC0009DF80F0004B080BD82B001908DF80310D5
:106BD00001989DF8031001F00F0101EBC10100EBDA
:106BE0008100D0F8680202B0704700000000000089
:106BF00080B586B004908DF80F10ADF80C208DF89C
:106C00000B3000208DF80A009DF80F0000060028C8
:106C10000FD5FFE704989DF80F1001F00F0101EB6D
:106C2000C10100EB810014300190019901204870EE
:106C30000FE004989DF80F1001F00F0101EBC10166
:106C400000EB810000F5157001900199002048705B
:106C5000FFE79DF80F0000F00F0001990870BDF8E4
:106C60000C00019988609DF80B000199087101984A
:106C7000407820B1FFE7019908784883FFE79DF845
:106C80000B00022804D1FFE7019900204871FFE7BB
:106C9000FFE7049890F89404012804D1FFE702204C
:106CA0008DF8170015E00499012081F89404FFE79E
:106CB000FFE70498006801990EF0D2FEFFE70499FF
:106CC000002081F89404FFE79DF80A008DF8170072
:106CD000FFE79DF8170006B080BD0000000000002F
:106CE00080B586B005908DF8131003920293059835
:106CF0009DF8131001F00F0101EBC10100EB8100C1
:106D000000F51570019003980199C86002980199E7
:106D10000861019900204861019948709DF81300AD
:106D200000F00F000199087005988079012804D1BE
:106D3000FFE703980199C861FFE7059A1068019978
:106D400092790FF0DDFA002006B080BD000000004F
:106D500080B584B002908DF807109DF8070000F010
:106D60000F0002990979884204D9FFE701208DF8C4
:106D70000F0058E09DF80700000600280FD5FFE738
:106D800002989DF8071001F00F0101EBC10100EB23
:106D90008100143000900099012048700DE00298A5
:106DA0009DF8071001EBC10100EB810000F51570A3
:106DB0000090009900204870FFE70099012088703A
:106DC0009DF8070000F00F0000990870FFE7029897
:106DD00090F89404012804D1FFE702208DF80F00F9
:106DE00021E00299012081F89404FFE7FFE702986F
:106DF000006800990FF030FA9DF80700000740B9CD
:106E0000FFE7029A1068917902F29C420FF084F930
:106E1000FFE7FFE70299002081F89404FFE70020D4
:106E20008DF80F00FFE79DF80F0004B080BD000053
:106E300080B586B005908DF81310039202930598E3
:106E40009DF8131001F00F0101EBC10100EB81006F
:106E50001430019003980199C86002980199086163
:106E60000199002048610199012048709DF81300A4
:106E700000F00F000199087005988079012804D16D
:106E8000FFE703980199C861FFE7059A1068019927
:106E900092790FF035FA002006B080BD00000000A6
:106EA00080B58CB00B900B9800680A900A980990F6
:106EB0000B9800680FF058FD002840F03384FFE77E
:106EC0000B9800680FF0C0FD10B9FFE700F02ABC76
:106ED0000998D0F80808C0F30D200B99C1F8D40424
:106EE0000B9800680FF0B0FD8007002807D5FFE77A
:106EF0000B980168486900F002004861FFE70B98B1
:106F000000680FF0A1FDC006002862D5FFE70B98CE
:106F10000168886920F0100088610A98006A029070
:106F20000B98029901F00F0101EBC10100EB810008
:106F300000F515700890029800F4F0110220B0EBF3
:106F4000514F23D1FFE7BDF8080047F6F071084222
:106F50001BD0FFE70A980899C968029AC2F30A127F
:106F60000FF082FD029847F6F07100EA0103089ADB
:106F7000D06800EB1310D060029800EA0102089973
:106F8000486900EB12104861FFE71BE0029800F42B
:106F9000F0110620B0EB514F12D1FFE70A980B9980
:106FA00001F29C4108220FF05FFD029847F6F07154
:106FB00000EA01020899486900EB1210486100E0FC
:106FC000FFE7FFE70B980168886940F010008861CF
:106FD000FFE70B9800680FF037FD0003002840F131
:106FE000A680FFE7002004900B9800680FF0D8FC03
:106FF0000690FFE70698002800F09880FFE79DF8CC
:107000001800C007002800F08A80FFE70B9800688E
:107010009DF810100FF000FD05909DF81400C007BA
:1070200060B1FFE70998049900EB41110120C1F814
:10703000080B0B98049909F053F8FFE79DF814002A
:10704000000700280CD5FFE70998049900EB4111CF
:107050000820C1F8080B0B98049908F0F9FFFFE726
:107060009DF81400C006002808D5FFE70998049988
:1070700000EB41111020C1F8080BFFE79DF8140048
:10708000800700282DD5FFE70A98406900060028F0
:1070900008D5FFE70999D1F8040840F48060C1F8E9
:1070A0000408FFE70B98049901EBC10100EB810094
:1070B00000F5157008900898C078012809D1FFE7FD
:1070C00008990020C8700B989DF8101000F03CFB48
:1070D000FFE70998049900EB41110220C1F8080B61
:1070E000FFE79DF814008006002808D5FFE70998FF
:1070F000049900EB41112020C1F8080BFFE79DF82F
:1071000015008006002809D5FFE70998049900EBCF
:1071100041114FF40050C1F8080BFFE7FFE7049856
:107120000130049006984008069063E7FFE70B984B
:1071300000680FF089FC4003002840F1C680FFE79B
:107140000B9800680FF018FC069000200490FFE7F1
:107150000698002800F0B880FFE79DF81800C007E7
:10716000002800F0AA80FFE70B9800689DF8101037
:107170000FF02AFC05909DF81400C00700283ED0AF
:10718000FFE7049800F00F01012000FA01F10391DC
:10719000039B099AD2F834189943C2F83418099914
:1071A000049A01EB4211C1F808090B988079012873
:1071B0001FD1FFE70B98049901EBC10100EB81019E
:1071C000CA69086A10440862049888B9FFE70B98F6
:1071D000049901EBC10100EB8100406A40B9FFE76F
:1071E0000B99086801F29C4201210EF095FFFFE720
:1071F000FFE70B989DF81010FFF7CAFBFFE79DF81B
:1072000014000007002808D5FFE70998049900EB4F
:1072100041110820C1F80809FFE79DF81400C006D5
:10722000002808D5FFE70998049900EB41111020C8
:10723000C1F80809FFE79DF814004006002808D5AA
:10724000FFE70998049900EB41114020C1F80809B3
:10725000FFE79DF814008007002822D5FFE70A9871
:1072600004990FF019FB0B98049901EBC10100EB95
:107270008100143008900898C078012809D1FFE7F0
:1072800008990020C8700B989DF8101000F04CFA77
:10729000FFE70998049900EB41110220C1F80809A1
:1072A000FFE79DF814000006002805D5FFE70B98BE
:1072B000049908F0F9FFFFE7FFE704980130049014
:1072C00006984008069043E7FFE70B9800680FF028
:1072D000BBFBC00F00B3FFE70999D1F8040820F009
:1072E0000100C1F804080B9890F8CC04012808D1DB
:1072F000FFE70B98002180F8CC140B98FFF7D8FA21
:1073000003E00B9800F0B8FBFFE70B9801684869B1
:1073100000F000404861FFE70B9800680FF094FB15
:107320000005002811D5FFE70998D0F80808C00724
:1073300020B1FFE70B9800F033FCFFE70B980168E2
:10734000486900F400604861FFE70B9800680FF09F
:107350007BFB0001002820D5FFE70B9801684869F6
:1073600000F0006048610B9890F8CC0480B9FFE70A
:107370000B98012180F8CC140B980068406DC0F385
:1073800083000B9AC2F8D0040B98FFF791FA03E040
:107390000B9800F005FCFFE7FFE70B9800680FF083
:1073A00053FBC004002840F18680FFE70999D1F81B
:1073B000040820F00100C1F804080B9800681021AF
:1073C0000FF06AFA00200790FFE707980B990979F8
:1073D000884231D2FFE70998079900EB41114FF637
:1073E0007F30C1F808090999079A01EB4212D2F8D7
:1073F000001921F40011C2F800190999079A01EB4C
:107400004211C1F8080B0998079900EB4111D1F816
:10741000000B20F40010C1F8000B0998079900EB4D
:107420004111D1F8000B40F00060C1F8000BFFE7FC
:10743000079801300790C8E70999D1F81C0840F077
:107440000110C1F81C080B98C07B78B1FFE70999BF
:10745000D1F8840840F00B00C1F884080999D1F8EC
:10746000440840F00B00C1F844080FE00999D1F836
:10747000140842F22B021043C1F814080999D1F8FC
:10748000100840F00B00C1F81008FFE70999D1F887
:10749000000820F4FE60C1F800080B9A106891798A
:1074A00002F29C420EF038FE0B980168486900F425
:1074B00080504861FFE70B9800680FF0C5FA800420
:1074C00000281FD5FFE70B9800680EF039FB0B98DA
:1074D00000680FF021FA0B99C8710B9800680190B1
:1074E00002F0CEF8014601980B9AD2790FF0B8FB62
:1074F0000B9800F095FA0B980168486900F4005069
:107500004861FFE70B9800680FF09EFA000700281B
:107510000AD5FFE70B9800F0BBFA0B9801684869A1
:1075200000F008004861FFE70B9800680FF08CFA44
:107530000006002825D5FFE70A99886920F0800019
:10754000886101200490FFE704980B99097988422B
:1075500016D2FFE70B98049901EBC10100EB810003
:1075600090F85702012806D1FFE70B989DF81010FC
:10757000FFF742FAFFE7FFE7049801300490E3E7E2
:10758000FFE70B9800680FF05FFAC00200283CD5B7
:10759000FFE701200490FFE704980B9909798842DE
:1075A0002CD2FFE70998049900EB4110D0F80009AC
:1075B00002900B98049901EBC10100EB8100007E61
:1075C000012816D1FFE79DF80B000006002810D512
:1075D000FFE70B98049901EBC10100EB8101012049
:1075E000C8750B989DF8101041F08001FFF704FA60
:1075F000FFE7FFE7049801300490CDE70B9801689E
:10760000486900F480104861FFE70B9800680FF0AC
:107610001BFA8002002855D5FFE701200490FFE700
:1076200004980B990979884245D2FFE70998049993
:1076300000EB4110D0F8000B02900B98049901EB7D
:10764000C10100EB810090F8580201282ED1FFE71C
:107650009DF80B000006002828D5FFE7029800F4EB
:1076600080300B99D1F8D41401F0010188421DD16A
:10767000FFE70B98049901EBC10100EB81010120A8
:1076800081F857020A99886940F0800088610A9859
:1076900040690006002808D4FFE70999D1F80408DA
:1076A00040F40070C1F8040805E0FFE7FFE7049824
:1076B00001300490B4E70B980168486900F40010A9
:1076C0004861FFE70B9800680FF0BEF94000002802
:1076D0000AD5FFE70B98FFF74FF90B980168486947
:1076E00000F080404861FFE70B9800680FF0ACF9AC
:1076F0004007002815D5FFE70B9800684068029006
:107700009DF808004007002804D5FFE70B98FFF715
:1077100067F9FFE7029A0B980168486810434860D0
:10772000FFE7FFE70CB080BD80B582B001908DF817
:1077300003100198D0F8E0049DF803100DF0CCFA86
:1077400002B080BD0000000080B582B001908DF8CD
:1077500003100198D0F8E0049DF803100DF0F4FA3E
:1077600002B080BD0000000080B58CB00A900A987D
:1077700020B9FFE701208DF82F000EE10A9890F85C
:10778000950440B9FFE70A99002081F894040A980B
:1077900000F00AF9FFE70A99032081F895040A9896
:1077A00000680EF0ADFC0A9B1868197C8DF820105B
:1077B00059689A68DB680793069205910599069ABD
:1077C000079BDDF820C0EE46CEF800C00EF0D0F9E1
:1077D00040B1FFE70A99022081F8950401208DF855
:1077E0002F00DAE00A98006800210FF099F940B103
:1077F000FFE70A99022081F8950401208DF82F00F7
:10780000CBE000208DF82700FFE79DF827000A99BC
:107810000979884241DAFFE70A989DF8271001EBC1
:10782000C10100EB8101012048759DF827000A99EC
:1078300000EBC00201EB820108759DF827000A9950
:1078400000EBC00201EB8201C8850A989DF8271061
:1078500001EBC10100EB8101002008760A999DF837
:10786000272002EBC20201EB8201C8610A999DF850
:10787000272002EBC20201EB820108620A999DF8FF
:10788000272002EBC20201EB82014862FFE79DF86C
:10789000270001308DF82700B7E700208DF827007A
:1078A000FFE79DF827000A99097988423EDAFFE749
:1078B0000A989DF8271001EBC10100EB810100201F
:1078C00081F855029DF827100A9A01EBC10302EBDB
:1078D000830282F854120A999DF8272002EBC20213
:1078E00001EB820181F858020A999DF8272002EBEA
:1078F000C20201EB8201C1F85C020A999DF82720BF
:1079000002EBC20201EB8201C1F860020A999DF804
:10791000272002EBC20201EB8201C1F86402FFE7FB
:107920009DF8270001308DF82700BAE70A9B1868F8
:10793000197C8DF8101059689A68DB6803930292DD
:1079400001910199029A039BDDF810C0EE46CEF832
:1079500000C00EF08DFA40B1FFE70A99022081F8CD
:10796000950401208DF82F0017E00A990020487433
:107970000A99012081F895040A98007B012804D116
:10798000FFE70A98FEF778FFFFE70A9800680EF015
:1079900057FA00208DF82F00FFE79DF82F000CB05C
:1079A00080BD00000000000080B5B2B0319002A898
:1079B000B821F8F7F5FC319800680021C4F2040101
:1079C00088422BD1FFE7002003904FF480200290E3
:1079D0004FF44010239002A800F00EFC18B1FFE70E
:1079E000F9F766FDFFE700F04FF9FFE744F2D840F2
:1079F000C5F60200016841F000710160006800F006
:107A0000007001900198FFE74D2000900022114680
:107A1000FEF712FF0098FEF703FFFFE732B080BDCC
:107A200080B582B0019001208DF803000198C079E3
:107A300020B9FFE700208DF803000CE00198C07921
:107A4000022804D1FFE701208DF8030002E0F9F7D6
:107A50002FFDFFE7FFE70198D0F8E0049DF8031041
:107A60000DF07AFA0198D0F8E0040DF0F1F902B0C7
:107A700080BD00000000000080B582B00190019838
:107A8000D0F8E0040DF034FA02B080BD0000000030
:107A900080B582B001900198D0F8E0040DF03CFA76
:107AA00002B080BD0000000080B584B002908DF867
:107AB0000710FFE7029890F89404012804D1FFE72B
:107AC00002208DF80F0019E00299012081F894043A
:107AD000FFE7FFE79DF807000299487402980068E5
:107AE0009DF807100FF08CF8FFE70299002081F84D
:107AF0009404FFE700208DF80F00FFE79DF80F00CA
:107B000004B080BD0000000080B582B001900199F2
:107B1000D1F8E00401F29C410DF04AFA02B080BDB8
:107B200080B584B00290029800680190FFE7029847
:107B300090F89404012804D1FFE702208DF80F008B
:107B400028E00299012081F89404FFE7FFE70198FB
:107B5000C068400600280BD5FFE70298407B01284B
:107B600006D1FFE70199886B40F480308863FFE716
:107B7000029800680EF048FE029800680EF048F97E
:107B8000FFE70299002081F89404FFE700208DF8B8
:107B90000F00FFE79DF80F0004B080BD000000005B
:107BA00080B582B001900198D0F8E0040DF088FA19
:107BB00001980168D1F8000E40F00100C1F8000EF4
:107BC0000198C07A48B1FFE74EF61051CEF200019D
:107BD000086840F006000860FFE702B080BD0000C2
:107BE00080B584B0029044F60C00C5F6020000682F
:107BF00000F004010020B0EB910F13D1FFE744F631
:107C00000C00C5F60200006800F0070002998842E7
:107C100004D0FFE701208DF80F002EE000208DF842
:107C20000F002AE044F60C01C5F60201086820F0B6
:107C30000700029A10430860FEF73EFD0190FFE73F
:107C400044F60400C5F60200006800F4005100206C
:107C5000B0EB513F0DD1FFE7FEF72EFD0199401A21
:107C6000B0F57A7F04D9FFE701208DF80F0004E01A
:107C7000E6E700208DF80F00FFE79DF80F0004B045
:107C800080BD00000000000044F60C01C5F60201B2
:107C9000086840F080700860704700000000000035
:107CA00080B501F0EDFC44F22041C5F602010968FF
:107CB000C1F3021245F2FC11C0F60201895C01F029
:107CC0001F01C84080BD000088B0079044F22840E2
:107CD000C5F60200016801F0030106910068C0F3D7
:107CE0000530059044F22C40C5F602000068C0F350
:107CF00000100490049844F23C41C5F60201096862
:107D000089B2C908484300EE100AB8EE400A8DED6A
:107D1000020A0598002800F01181FFE706980090FC
:107D200048B1FFE70098012865D0FFE700980228D6
:107D300000F08380A3E044F20040C5F60200006832
:107D400000F020010020B0EB511F31D0FFE744F2DA
:107D50000040C5F602000068C0F3C10149F200000E
:107D6000C0F2D030C84003909DED030AB8EE400A3F
:107D70009DED051AB8EE411A80EE010A44F2384032
:107D8000C5F6020000686FF35F2001EE100AB8EE3E
:107D9000411A9DED022A9FED6F3A02EE031AB7EEEB
:107DA000002A31EE021A20EE010A8DED010A21E0CF
:107DB0009DED050AB8EE401A9FED680A80EE010AB3
:107DC00044F23840C5F6020000686FF35F2001EE10
:107DD000100AB8EE411A9DED022A9FED5E3A02EEBE
:107DE000031AB7EE002A31EE021A20EE010A8DEDD9
:107DF000010AFFE765E09DED050AB8EE401A9FED28
:107E0000560A80EE010A44F23840C5F602000068C6
:107E10006FF35F2001EE100AB8EE411A9DED022AC1
:107E20009FED4C3A02EE031AB7EE002A31EE021A29
:107E300020EE010A8DED010A43E09DED050AB8EE42
:107E4000401A9FED430A80EE010A44F23840C5F61D
:107E5000020000686FF35F2001EE100AB8EE411ACD
:107E60009DED022A9FED3B3A02EE031AB7EE002A7F
:107E700031EE021A20EE010A8DED010A21E09DED9E
:107E8000050AB8EE401A9FED340A80EE010A44F26A
:107E90003840C5F6020000686FF35F2001EE100A5B
:107EA000B8EE411A9DED022A9FED2A3A02EE031A1E
:107EB000B7EE002A31EE021A20EE010A8DED010A1A
:107EC000FFE79DED010A44F23840C5F60200016863
:107ED00089B2490A01EE101AB8EE411AB7EE002A2B
:107EE00031EE021A80EE010A0799BCEEC00A81ED5C
:107EF000000A9DED010A0168C1F3064101EE101A66
:107F0000B8EE411A31EE021A80EE010A0799BCEE72
:107F1000C00A81ED010A9DED010A0068C0F3066008
:107F200001EE100AB8EE411A31EE021A80EE010A93
:107F30000798BCEEC00A80ED020A07E0079900200E
:107F400008600799486007998860FFE708B07047A4
:107F5000001BB74B000000390024744A0024744C05
:107F600088B0079044F22840C5F60200016801F08D
:107F7000030106910068C0F30550059044F22C40BF
:107F8000C5F602000068C0F300200490049844F293
:107F90004441C5F60201096889B2C908484300EEA8
:107FA000100AB8EE400A8DED020A0598002800F08C
:107FB0001181FFE70698009048B1FFE7009801287B
:107FC00065D0FFE70098022800F08380A3E044F228
:107FD0000040C5F60200006800F020010020B0EB70
:107FE000511F31D0FFE744F20040C5F6020000689F
:107FF000C0F3C10149F20000C0F2D030C840039084
:108000009DED030AB8EE400A9DED051AB8EE411A3F
:1080100080EE010A44F24040C5F6020000686FF3AA
:108020005F2001EE100AB8EE411A9DED022A9FED85
:108030006F3A02EE031AB7EE002A31EE021A20EE72
:10804000010A8DED010A21E09DED050AB8EE401A06
:108050009FED680A80EE010A44F24040C5F6020036
:1080600000686FF35F2001EE100AB8EE411A9DED33
:10807000022A9FED5E3A02EE031AB7EE002A31EEB5
:10808000021A20EE010A8DED010AFFE765E09DED81
:10809000050AB8EE401A9FED560A80EE010A44F236
:1080A0004040C5F6020000686FF35F2001EE100A41
:1080B000B8EE411A9DED022A9FED4C3A02EE031AEA
:1080C000B7EE002A31EE021A20EE010A8DED010A08
:1080D00043E09DED050AB8EE401A9FED430A80EE9D
:1080E000010A44F24040C5F6020000686FF35F20C9
:1080F00001EE100AB8EE411A9DED022A9FED3B3ABF
:1081000002EE031AB7EE002A31EE021A20EE010A3F
:108110008DED010A21E09DED050AB8EE401A9FEDB4
:10812000340A80EE010A44F24040C5F602000068BD
:108130006FF35F2001EE100AB8EE411A9DED022A9E
:108140009FED2A3A02EE031AB7EE002A31EE021A28
:1081500020EE010A8DED010AFFE79DED010A44F2D0
:108160004040C5F60200016889B2490A01EE101AC2
:10817000B8EE411AB7EE002A31EE021A80EE010A7B
:108180000799BCEEC00A81ED000A9DED010A016865
:10819000C1F3064101EE101AB8EE411A31EE021A8F
:1081A00080EE010A0799BCEEC00A81ED010A9DED3F
:1081B000010A0068C0F3066001EE100AB8EE411A29
:1081C00031EE021A80EE010A0798BCEEC00A80ED7B
:1081D000020A07E00799002008600799486007999C
:1081E0008860FFE708B07047001BB74B00000039FC
:1081F0000024744A0024744C80B59AB01890002072
:108200008DF857008DF856001898C07800070028A0
:1082100048D5FFE71898406E149078B1FFE714989E
:10822000B0F5801F13D0FFE71498B0F5001F16D0EB
:10823000FFE71498B0F5401F19D019E044F22C4123
:10824000C5F60201086840F40030086014E0189890
:108250000830022108F0C8F88DF857000CE0189893
:108260002830022108F0A8F98DF8570004E003E057
:1082700001208DF85700FFE79DF8570060B9FFE730
:1082800044F25041C5F60201086820F44010189AE3
:10829000526E1043086004E09DF857008DF85600B8
:1082A000FFE7FFE718984078C007002840D0FFE7B5
:1082B0001898806D1390042820D81399DFE801F0F6
:1082C000030C141C1D0044F22C41C5F60201086881
:1082D00040F40030086015E018980830002108F0DC
:1082E00083F88DF857000DE018982830002108F029
:1082F00063F98DF8570005E004E003E001208DF8F4
:108300005700FFE79DF8570060B9FFE744F250417E
:10831000C5F60201086820F00700189A926D104314
:10832000086004E09DF857008DF85600FFE7FFE76E
:10833000189840784007002856D5FFE71898D0F8DD
:10834000A4001290C8B1FFE71298B0F5001F1DD02D
:10835000FFE71298B0F5800F20D0FFE71298B0F534
:10836000C00F23D0FFE71298B0F5000F1FD0FFE732
:108370001298B0F5200F1BD01BE044F22C41C5F63B
:108380000201086840F40030086016E018980830D0
:10839000002108F029F88DF857000EE018982830D1
:1083A000002108F009F98DF8570006E005E004E027
:1083B00003E001208DF85700FFE79DF8570068B9EA
:1083C000FFE744F25841C5F60201086820F4600056
:1083D000189AD2F8A4201043086004E09DF85700D2
:1083E0008DF85600FFE7FFE718984078000700284F
:1083F00056D5FFE71898D0F8A8001190C8B1FFE74C
:108400001198B0F1807F1DD0FFE71198B0F1007F87
:1084100020D0FFE71198B0F1407F23D0FFE71198FB
:10842000B0F1806F1FD0FFE71198B0F1A06F1BD0A3
:108430001BE044F22C41C5F60201086840F400300C
:10844000086016E018980830002107F0CDFF8DF87D
:1084500057000EE018982830002108F0ADF88DF88C
:10846000570006E005E004E003E001208DF8570026
:10847000FFE79DF8570068B9FFE744F25841C5F699
:108480000201086820F0E060189AD2F8A820104392
:10849000086004E09DF857008DF85600FFE7FFE7FD
:1084A0001898C078800700283ED5FFE71898C06C60
:1084B0001090F0B1FFE71098102808D0FFE710984F
:1084C00020280DD0FFE71098302811D012E044F298
:1084D0002C41C5F60201086840F4003008600DE048
:1084E00018980830022107F07FFF8DF8570005E04B
:1084F00004E003E001208DF85700FFE79DF85700E6
:1085000060B9FFE744F24C41C5F60201086820F06B
:108510003000189AD26C1043086004E09DF85700B0
:108520008DF85600FFE7FFE718984078C00600284E
:108530004ED5FFE71898C06D0F90A0B1FFE70F98D8
:10854000B0F5805F18D0FFE70F98B0F5005F1BD043
:10855000FFE70F98B0F5405F1ED0FFE70F98B0F52A
:10856000804F1AD01AE044F22C41C5F60201086887
:1085700040F40030086015E018980830002107F03A
:1085800033FF8DF857000DE018982830002108F0CF
:1085900013F88DF8570005E004E003E001208DF8A2
:1085A0005700FFE79DF8570060B9FFE744F25041DC
:1085B000C5F60201086820F4E040189AD26D104315
:1085C000086004E09DF857008DF85600FFE7FFE7CC
:1085D00018984078800600284CD5FFE71898006E60
:1085E0000E90C8B1FFE70E98B0F5803F15D0FFE7B9
:1085F0000E98B0F5003F18D0FFE70E98B0F5403F59
:108600001BD0FFE70E98B0F5802F17D0FFE70E982C
:10861000B0F5A02F13D013E016E018980830012110
:1086200007F0E2FE8DF857000EE01898283001217F
:1086300007F0C2FF8DF8570006E005E004E003E014
:1086400001208DF85700FFE79DF8570060B9FFE75C
:1086500044F25041C5F60201086820F4E020189A5F
:10866000126E1043086004E09DF857008DF8560024
:10867000FFE7FFE718984078400600284ED5FFE74F
:108680001898D0F8AC000D90C8B1FFE70D98B0F184
:10869000805F15D0FFE70D98B0F1005F18D0FFE7BD
:1086A0000D98B0F1405F1BD0FFE70D98B0F1804FFF
:1086B00017D0FFE70D98B0F1A04F13D013E016E0EC
:1086C00018980830012107F08FFE8DF857000EE052
:1086D00018982830012107F06FFF8DF8570006E049
:1086E00005E004E003E001208DF85700FFE79DF866
:1086F000570068B9FFE744F25841C5F6020108681F
:1087000020F0E040189AD2F8AC201043086004E052
:108710009DF857008DF85600FFE7FFE7189840785E
:10872000000600283BD5FFE71898C06E0C90D8B122
:10873000FFE70C98B0F1805F05D0FFE70C98B0F12F
:10874000005F09D011E044F22C41C5F6020108682F
:1087500040F4003008600CE018980830012107F060
:1087600043FE8DF8570004E003E001208DF8570028
:10877000FFE79DF8570060B9FFE744F25041C5F6A6
:108780000201086820F04050189AD26E1043086029
:1087900004E09DF857008DF85600FFE7FFE71898B2
:1087A000C078C007002837D0FFE71898806C0B907E
:1087B000032817D80B99DFE801F014020B1344F2D9
:1087C0002C41C5F60201086840F4003008600DE055
:1087D00018980830022107F007FE8DF8570005E0D1
:1087E00004E003E001208DF85700FFE79DF85700F3
:1087F00060B9FFE744F24C41C5F60201086820F079
:108800000300189A926C1043086004E09DF857002A
:108810008DF85600FFE7FFE718988078400600289B
:1088200040F1B480FFE744F60001C5F60201086894
:1088300040F480700860FDF73FFF1690FFE744F6B4
:108840000000C5F602000068C00500280CD4FFE750
:10885000FDF732FF1699401A652804D3FFE703207D
:108860008DF8570000E0EAE79DF85700002840F037
:108870008780FFE744F27040C5F60200006800F40C
:1088800040701899D1F8B01001F44071884213D0AB
:10889000FFE744F27041C5F60201086820F4407019
:1088A0001790086840F480300860086820F4803031
:1088B000086017980860FFE71898D0F8B000B0F586
:1088C000807F1FD1FFE7FDF7F7FE1690FFE744F228
:1088D0007040C5F60200006800F002010020B0EB15
:1088E000510F0ED1FFE7FDF7E7FE1699401A41F24E
:1088F0008931884204D3FFE703208DF8570000E058
:10890000E5E7FFE79DF85700A0BBFFE7FFE71898F2
:10891000D0F8B00000F44070B0F5407F13D1FFE70D
:1089200044F21041C5F60201086820F47C50189A00
:10893000D2F8B0204FF6F043C0F6FF731A4040EA79
:108940001210086008E044F21041C5F60201086800
:1089500020F47C500860FFE71898D0F8B0206FF33F
:108960001F3244F27041C5F60201086810430860E6
:10897000FFE704E09DF857008DF85600FFE704E09C
:108980009DF857008DF85600FFE7FFE7189800683C
:10899000C007002800F04C80FFE71898806F0A900D
:1089A00028282BD80A99DFE801F015292929292937
:1089B000292916292929292929291E292929292945
:1089C000292926292929292929292729292929291C
:1089D0002929280016E018980830012107F004FD25
:1089E0008DF857000EE018982830012107F0E4FDBB
:1089F0008DF8570006E005E004E003E001208DF863
:108A00005700FFE79DF8570060B9FFE744F2544173
:108A1000C5F60201086820F03800189A926F1043DA
:108A2000086004E09DF857008DF85600FFE7FFE767
:108A3000189800788007002839D5FFE71898406F0C
:108A40000990052819D80999DFE801F003040C14EE
:108A5000151616E018980830012107F0C5FC8DF8AE
:108A600057000EE018982830012107F0A5FD8DF879
:108A7000570006E005E004E003E001208DF8570010
:108A8000FFE79DF8570060B9FFE744F25441C5F68F
:108A90000201086820F00700189A526F104308601E
:108AA00004E09DF857008DF85600FFE7FFE718989F
:108AB0000078400700283BD5FFE71898D0F89000D1
:108AC0000890052819D80899DFE801F003040C1470
:108AD000151616E018980830012107F085FC8DF86E
:108AE00057000EE018982830012107F065FD8DF839
:108AF000570006E005E004E003E001208DF8570090
:108B0000FFE79DF8570068B9FFE744F25841C5F602
:108B10000201086820F00700189AD2F8902010434C
:108B2000086004E09DF857008DF85600FFE7FFE766
:108B300018980078800600284ED5FFE71898D0F8DE
:108B40008C000790C8B1FFE70798B0F1805F15D09F
:108B5000FFE70798B0F1005F18D0FFE70798B0F182
:108B6000405F1BD0FFE70798B0F1804F17D0FFE7B9
:108B70000798B0F1A04F13D013E016E01898083012
:108B8000002107F031FC8DF857000EE018982830CE
:108B9000022107F011FD8DF8570006E005E004E022
:108BA00003E001208DF85700FFE79DF8570068B9F2
:108BB000FFE744F25441C5F60201086820F0E040A6
:108BC000189AD2F88C201043086004E09DF85700F2
:108BD0008DF85600FFE7FFE7189800784006002858
:108BE0004ED5FFE71898D0F898000690C8B1FFE777
:108BF0000698B0F5806F15D0FFE70698B0F5006FC6
:108C000018D0FFE70698B0F5406F1BD0FFE7069835
:108C1000B0F5805F17D0FFE70698B0F5A05F13D0DE
:108C200013E016E018980830002107F0DDFB8DF8FE
:108C300057000EE018982830022107F0BDFC8DF88F
:108C4000570006E005E004E003E001208DF857003E
:108C5000FFE79DF8570068B9FFE744F25841C5F6B1
:108C60000201086820F4E050189AD2F898201043C6
:108C7000086004E09DF857008DF85600FFE7FFE715
:108C800018980078000600284ED5FFE71898D0F80D
:108C90009C000590C8B1FFE70598B0F5005F15D0BE
:108CA000FFE70598B0F5804F18D0FFE70598B0F5BD
:108CB000C04F1BD0FFE70598B0F5004F17D0FFE776
:108CC0000598B0F5204F13D013E016E0189808303F
:108CD000002107F089FB8DF857000EE01898283026
:108CE000022107F069FC8DF8570006E005E004E07A
:108CF00003E001208DF85700FFE79DF8570068B9A1
:108D0000FFE744F25841C5F60201086820F46040CC
:108D1000189AD2F89C201043086004E09DF8570090
:108D20008DF85600FFE7FFE7189800780007002845
:108D300020D5FFE71898D0F88000B0F5805F0CD1FF
:108D4000FFE718982830022107F036FC20B1FFE732
:108D500001208DF85600FFE7FFE744F25441C5F6C5
:108D60000201086820F44050189AD2F8802010437D
:108D70000860FFE718980078C006002820D5FFE7B4
:108D80001898D0F89400B0F5807F0CD1FFE71898C0
:108D90002830022107F010FC20B1FFE701208DF8F8
:108DA0005600FFE7FFE744F25841C5F602010868A4
:108DB00020F44070189AD2F8942010430860FFE71E
:108DC00018988078000700283CD5FFE71898D0F85D
:108DD000A000049050B1FFE70498B0F5803F0DD09B
:108DE000FFE70498B0F5003F10D010E01898083065
:108DF000002107F0F9FA8DF857000CE01898283098
:108E0000022107F0D9FB8DF8570004E003E00120B0
:108E10008DF85700FFE79DF8570068B9FFE744F267
:108E20005841C5F60201086820F44030189AD2F87B
:108E3000A0201043086004E09DF857008DF856000C
:108E4000FFE7FFE718988078400700283FD5FFE745
:108E50001898D0F884000390B0F5801F0AD0FFE77F
:108E60000398B0F5001F0ED0FFE70398B0F5401F40
:108E700011D011E044F22C41C5F60201086840F41B
:108E8000003008600CE018982830012107F094FBAE
:108E90008DF8570004E003E001208DF85700FFE74C
:108EA0009DF8570068B9FFE744F25441C5F6020146
:108EB000086820F44010189AD2F884201043086003
:108EC00004E09DF857008DF85600FFE7FFE718987B
:108ED0008078C007A8B3FFE71898006D029028B10A
:108EE000FFE70298B0F5803F09D010E044F22C4132
:108EF000C5F60201086840F4003008600BE01898DD
:108F00000830022107F070FA8DF8570003E00120C5
:108F10008DF85700FFE79DF8570060B9FFE744F26E
:108F20004C41C5F60201086820F48030189A126D91
:108F30001043086004E09DF857008DF85600FFE7E5
:108F4000FFE71898C078800600280CD5FFE718982E
:108F50002830022107F030FB20B1FFE701208DF817
:108F60005600FFE7FFE718988078800700283AD579
:108F7000FFE71898C06F0190D0B1FFE70198B0F5F6
:108F8000807F0AD0FFE70198B0F5007F0ED0FFE7A1
:108F90000198B0F5407F0AD00BE044F22C41C5F6B1
:108FA0000201086840F40030086006E005E004E0D3
:108FB00003E001208DF85700FFE79DF8570060B9E6
:108FC000FFE744F25441C5F60201086820F44070FE
:108FD000189AD26F1043086004E09DF857008DF88E
:108FE0005600FFE7FFE718988078C00600280CD5E8
:108FF000FFE744F25041C5F60201086820F0004046
:10900000189A126F10430860FFE71898807880065E
:1090100000280CD5FFE744F25041C5F6020108686C
:1090200020F08070189A926E10430860FFE718983D
:10903000C0784006002811D5FFE7FFE744F2104151
:10904000C5F60201086820F4004008601898D0F8BE
:10905000B420086810430860FFE7FFE71898C0785D
:10906000000600280CD5FFE744F24C41C5F602018A
:10907000086820F04050189A526D10430860FFE7CE
:1090800018988078000600280DD5FFE744F2544177
:10909000C5F60201086820F44000189AD2F888202A
:1090A00010430860FFE718980079C00790B1FFE708
:1090B00018980830002107F097F98DF857009DF8AF
:1090C000570008B9FFE704E09DF857008DF85600F7
:1090D000FFE7FFE7189800798007002812D5FFE71F
:1090E00018980830012107F07FF98DF857009DF896
:1090F000570008B9FFE704E09DF857008DF85600C7
:10910000FFE7FFE7189800794007002812D5FFE72E
:1091100018980830022107F067F98DF857009DF87C
:10912000570008B9FFE704E09DF857008DF8560096
:10913000FFE7FFE7189800790007002812D5FFE73E
:1091400018982830002107F037FA8DF857009DF85D
:10915000570008B9FFE704E09DF857008DF8560066
:10916000FFE7FFE718980079C006002812D5FFE74F
:1091700018982830012107F01FFA8DF857009DF844
:10918000570008B9FFE704E09DF857008DF8560036
:10919000FFE7FFE7189800798006002812D5FFE75F
:1091A00018982830022107F007FA8DF857009DF82B
:1091B000570008B9FFE704E09DF857008DF8560006
:1091C000FFE7FFE79DF8560020B9FFE700208DF884
:1091D000670003E001208DF86700FFE79DF8670056
:1091E0001AB080BD0000000080B586B004900391E5
:1091F000049820B9FFE701208DF817003CE203989E
:1092000042F20001C5F20021096801F00F01884215
:1092100016D9FFE742F20000C5F20020016821F0F4
:109220000F01039A11430160006800F00F000399D9
:10923000884204D0FFE701208DF817001CE2FFE709
:10924000049800784007002819D5FFE704980069C2
:1092500044F21841C5F60201096801F07001884224
:109260000CD9FFE744F21841C5F60201086820F066
:109270007000049A126910430860FFE7FFE7049842
:1092800000780007002819D5FFE70498406944F2E8
:109290001C41C5F60201096801F0700188420CD931
:1092A000FFE744F21C41C5F60201086820F0700097
:1092B000049A526910430860FFE7FFE704980078BA
:1092C000C006002819D5FFE70498806944F21C41C4
:1092D000C5F60201096801F4E06188420CD9FFE794
:1092E00044F21C41C5F60201086820F4E060049ACB
:1092F000926910430860FFE7FFE704980078800652
:10930000002819D5FFE70498C06944F22041C5F64A
:109310000201096801F0700188420CD9FFE744F2AC
:109320002041C5F60201086820F07000049AD26955
:1093300010430860FFE7FFE70498007880070028E3
:1093400019D5FFE70498C06844F21841C5F6020138
:10935000096801F00F0188420CD9FFE744F2184177
:10936000C5F60201086820F00F00049AD268104385
:109370000860FFE7FFE704980078C007002800F0C6
:109380008C80FFE744F21841C5F60201086820F41A
:109390007060049A9268104308600498406802283C
:1093A00011D1FFE744F20040C5F60200006800F466
:1093B00000310020B0EB514F04D1FFE701208DF8C0
:1093C000170059E13EE004984068032811D1FFE7F7
:1093D00044F20040C5F60200006800F00071002071
:1093E000B0EB516F04D1FFE701208DF8170043E186
:1093F00027E004984068012811D1FFE744F20040BB
:10940000C5F60200006800F480710020B0EB112F57
:1094100004D1FFE701208DF817002DE110E044F2A0
:109420000040C5F60200006800F004010020B0EB27
:10943000910F04D1FFE701208DF817001CE1FFE731
:10944000FFE7FFE744F21041C5F60201086820F08B
:109450000700049A526810430860FDF72DF9019047
:10946000FFE744F21040C5F60200006800F0380043
:1094700004994968B0EBC10F0ED0FFE7FDF71CF966
:109480000199401A41F28931884204D3FFE7032051
:109490008DF81700F0E0E4E7FFE704980078800714
:1094A000002819D5FFE70498C06844F21841C5F6B2
:1094B0000201096801F00F0188420CD2FFE744F273
:1094C0001841C5F60201086820F00F00049AD2681E
:1094D00010430860FFE7FFE7039842F20001C5F27E
:1094E0000021096801F00F01884216D2FFE742F21D
:1094F0000000C5F20020016821F00F01039A11431A
:109500000160006800F00F000399884204D0FFE773
:1095100001208DF81700AFE0FFE7049800784007BE
:10952000002819D5FFE70498006944F21841C5F6F0
:109530000201096801F0700188420CD2FFE744F291
:109540001841C5F60201086820F07000049A1269FB
:1095500010430860FFE7FFE7049800780007002841
:1095600019D5FFE70498406944F21C41C5F6020191
:10957000096801F0700188420CD2FFE744F21C41F7
:10958000C5F60201086820F07000049A5269104381
:109590000860FFE7FFE704980078C006002819D5A7
:1095A000FFE70498806944F21C41C5F6020109688E
:1095B00001F4E06188420CD2FFE744F21C41C5F699
:1095C0000201086820F4E060049A92691043086080
:1095D000FFE7FFE7049800788006002819D5FFE729
:1095E0000498C06944F22041C5F60201096801F0FF
:1095F000700188420CD2FFE744F22041C5F6020117
:10960000086820F07000049AD26910430860FFE7F0
:10961000FFE700F089F844F21842C5F6020211682B
:10962000C1F3032345F2FC11C0F60201CB5C03F049
:109630001F03D84000900098126802F00F02895C66
:1096400001F01F01C84040F2B431C2F2004108608D
:10965000009840F2B031C2F20041086040F2AC50D4
:10966000C2F200400068FDF77FF88DF80B009DF80E
:109670000B008DF81700FFE79DF8170006B080BDBE
:1096800080B582B000F050F844F21842C5F60202EC
:109690001168C1F3032345F2FC11C0F60201CB5C53
:1096A00003F01F03D84001900198126802F00F02E6
:1096B000895C01F01F0120FA01F140F2B430C2F2DE
:1096C00000400160019940F2B032C2F200421160E4
:1096D000006802B080BD000080B5FFF7D1FF44F202
:1096E0001C41C5F602010968C1F3021245F2FC11E2
:1096F000C0F60201895C01F01F01C84080BD000076
:1097000080B5FFF7BDFF44F21C41C5F602010968B0
:10971000C1F3022245F2FC11C0F60201895C01F09E
:109720001F01C84080BD00008AB044F21040C5F659
:109730000200006800F0380001460191182800F28C
:109740005F810199DFE811F019005C015C015C01A7
:109750005C015C015C015C013A005C015C015C0144
:109760005C015C015C015C0140005C015C015C012E
:109770005C015C015C015C01460044F20040C5F6FE
:109780000200006800F020010020B0EB511F0ED055
:10979000FFE744F20040C5F602000068C0F3C101D3
:1097A00049F20000C0F2D030C840029005E049F212
:1097B0000000C0F2D0300290FFE727E140F6001031
:1097C000C0F23D00029021E143F20060C0F26E1051
:1097D00002901BE144F22840C5F60200016801F046
:1097E000030108910068C0F30510079044F22C4073
:1097F000C5F60200006800F001000690069844F2E9
:109800003441C5F60201096889B2C908484300EE2F
:10981000100AB8EE400A8DED040A0798002800F0FF
:10982000EB80FFE70898009048B1FFE70098012817
:1098300065D0FFE70098022800F08380A3E044F29F
:109840000040C5F60200006800F020010020B0EBE7
:10985000511F31D0FFE744F20040C5F60200006816
:10986000C0F3C10149F20000C0F2D030C8400590F9
:109870009DED050AB8EE400A9DED071AB8EE411AB3
:1098800080EE010A44F23040C5F6020000686FF332
:109890005F2001EE100AB8EE411A9DED042A9FEDFB
:1098A0005E3A02EE031AB7EE002A31EE021A20EEFB
:1098B000010A8DED030A21E09DED070AB8EE401A7A
:1098C0009FED570A80EE010A44F23040C5F60200CF
:1098D00000686FF35F2001EE100AB8EE411A9DEDAB
:1098E000042A9FED4D3A02EE031AB7EE002A31EE3C
:1098F000021A20EE010A8DED030AFFE765E09DEDF7
:10990000070AB8EE401A9FED450A80EE010A44F2BC
:109910003040C5F6020000686FF35F2001EE100AC8
:10992000B8EE411A9DED042A9FED3B3A02EE031A70
:10993000B7EE002A31EE021A20EE010A8DED030A7D
:1099400043E09DED070AB8EE401A9FED320A80EE23
:10995000010A44F23040C5F6020000686FF35F2050
:1099600001EE100AB8EE411A9DED042A9FED2A3A45
:1099700002EE031AB7EE002A31EE021A20EE010AB7
:109980008DED030A21E09DED070AB8EE401A9FED28
:10999000230A80EE010A44F23040C5F60200006856
:1099A0006FF35F2001EE100AB8EE411A9DED042A14
:1099B0009FED193A02EE031AB7EE002A31EE021AB1
:1099C00020EE010A8DED030AFFE744F23040C5F6B0
:1099D0000200006881B2012000EB512009909DED4A
:1099E000030A9DED091AB8EE411A80EE010ABCEE99
:1099F000C00A8DED020A02E000200290FFE705E0B8
:109A000040F60010C0F23D000290FFE702980AB055
:109A1000704700BF001BB74B000000390024744A98
:109A20000024744C0000000080B58CB00A900A98A5
:109A300028B9FFE701208DF82F0000F001BD0A983A
:109A40000078C007002800F0B980FFE744F210401A
:109A5000C5F60200006800F03800069044F2284085
:109A6000C5F6020000680590069810280AD0FFE7A6
:109A7000069818281CD1FFE7059800F0030002287B
:109A800016D1FFE744F20040C5F60200006800F47A
:109A900000310020B0EB514F09D0FFE70A98406831
:109AA00028B9FFE701208DF82F0000F0C9BC84E041
:109AB000FFE70A984068B0F5803F09D1FFE744F21C
:109AC0000041C5F60201086840F48030086032E0C9
:109AD0000A98406868B9FFE744F20041C5F6020100
:109AE000086820F480300860086820F4802008604E
:109AF00020E00A984068B0F5A02F0DD1FFE744F2AE
:109B00000041C5F60201086840F48020086008683A
:109B100040F4803008600CE044F20041C5F60201D8
:109B2000086820F480300860086820F4802008600D
:109B3000FFE7FFE7FFE7FFE70A984068F0B1FFE7BC
:109B4000FCF7BAFD0990FFE744F20040C5F60200B9
:109B5000006800F400310020B0EB514F0DD1FFE759
:109B6000FCF7AAFD0999401A652805D3FFE70320F1
:109B70008DF82F0000F064BCE6E71DE0FCF79CFDCB
:109B80000990FFE744F20040C5F60200006800F4C7
:109B900000310020B0EB514F0DD0FFE7FCF78CFDFA
:109BA0000999401A652805D3FFE703208DF82F0097
:109BB00000F046BCE6E7FFE7FFE7FFE70A9800781A
:109BC0008007002840F1C580FFE744F21040C5F649
:109BD0000200006800F03800049044F22840C5F606
:109BE000020000680390049850B1FFE70498182819
:109BF00050D1FFE79DF80C00800700284AD1FFE70D
:109C000044F20040C5F60200006800F004010020A4
:109C1000B0EB910F09D0FFE70A98C06828B9FFE7B9
:109C200001208DF82F0000F00BBC44F20041C5F676
:109C30000201086820F019000A9AD26810430860EF
:109C4000FCF73AFD0990FFE744F20040C5F6020038
:109C5000006800F004010020B0EB910F0CD1FFE789
:109C6000FCF72AFD0999401A032804D3FFE70320D3
:109C70008DF82F00E4E3E7E744F20441C5F6020162
:109C8000086820F0FE400A9A126940EA0260086003
:109C9000FFE75DE00A98C068A0B3FFE744F2004127
:109CA000C5F60201086820F019000A9AD26810432C
:109CB0000860FCF701FD0990FFE744F20040C5F69B
:109CC0000200006800F004010020B0EB910F0CD1FD
:109CD000FFE7FCF7F1FC0999401A032804D3FFE7DA
:109CE00003208DF82F00ABE3E7E744F20441C5F60B
:109CF0000201086820F0FE400A9A126940EA0260F8
:109D0000086024E044F20041C5F60201086820F032
:109D100001000860FCF7D0FC0990FFE744F2004026
:109D2000C5F60200006800F004010020B0EB910FBE
:109D30000CD0FFE7FCF7C0FC0999401A032804D3B4
:109D4000FFE703208DF82F007AE3E7E7FFE7FFE75F
:109D5000FFE70A980078C006002840F1A080FFE7DE
:109D600044F21040C5F60200006800F0380002908E
:109D700044F22840C5F602000068019002980828C5
:109D80000AD0FFE7029818282BD1FFE7019800F0CE
:109D90000300012825D1FFE744F20040C5F6020088
:109DA000006800F480710020B0EB112F09D0FFE7AC
:109DB0000A98C069802804D0FFE701208DF82F00A1
:109DC0003EE3FFE744F20C41C5F60201086820F0CB
:109DD0007C500A9A126A40EA02600860FFE7FFE7D7
:109DE0005CE00A98C06998B3FFE744F20041C5F609
:109DF0000201086840F080000860FCF75DFC0990F3
:109E0000FFE744F20040C5F60200006800F48071EC
:109E10000020B0EB112F0CD1FFE7FCF74DFC0999A6
:109E2000401A032804D3FFE703208DF82F0007E32F
:109E3000E7E7FFE744F20C41C5F60201086820F0AD
:109E40007C500A9A126A40EA02600860FFE724E048
:109E500044F20041C5F60201086820F08000086065
:109E6000FCF72AFC0990FFE744F20040C5F6020027
:109E7000006800F480710020B0EB112F0CD0FFE7D8
:109E8000FCF71AFC0999401A032804D3FFE70320C2
:109E90008DF82F00D4E2E7E7FFE7FFE7FFE70A9836
:109EA0000078000700284FD5FFE70A98406928B3DB
:109EB000FFE744F27441C5F60201086840F0010072
:109EC0000860FCF7F9FB0990FFE744F27440C5F61F
:109ED0000200006800F002010020B0EB510F0CD12D
:109EE000FFE7FCF7E9FB0999401A032804D3FFE7D1
:109EF00003208DF82F00A3E2E7E724E044F2744149
:109F0000C5F60201086820F001000860FCF7D4FBE8
:109F10000990FFE744F27440C5F60200006800F0C3
:109F200002010020B0EB510F0CD0FFE7FCF7C4FB9F
:109F30000999401A032804D3FFE703208DF82F0066
:109F40007EE2E7E7FFE7FFE70A980078800600284F
:109F50004FD5FFE70A98806928B3FFE744F2004134
:109F6000C5F60201086840F480500860FCF7A4FBC5
:109F70000990FFE744F20040C5F60200006800F4D3
:109F800000510020B0EB513F0CD1FFE7FCF794FBF0
:109F90000999401A032804D3FFE703208DF82F0006
:109FA0004EE2E7E724E044F20041C5F6020108680A
:109FB00020F480500860FCF77FFB0990FFE744F233
:109FC0000040C5F60200006800F400510020B0EB2C
:109FD000513F0CD0FFE7FCF76FFB0999401A0328AB
:109FE00004D3FFE703208DF82F0029E2E7E7FFE71E
:109FF000FFE70A9800784007002840F1A780FFE7B4
:10A0000044F60001C5F60201086840F4807008605B
:10A01000FCF752FB0990FFE744F60000C5F602008A
:10A020000068C00500280CD4FFE7FCF745FB099940
:10A03000401A652804D3FFE703208DF82F00FFE1C5
:10A04000EAE7FFE70A988068012809D1FFE744F2B0
:10A050007041C5F60201086840F00100086031E077
:10A060000A98806868B9FFE744F27041C5F60201BA
:10A07000086820F001000860086820F0040008600B
:10A080001FE00A98806805280DD1FFE744F270416F
:10A09000C5F60201086840F004000860086840F056
:10A0A000010008600CE044F27041C5F60201086846
:10A0B00020F001000860086820F004000860FFE755
:10A0C000FFE7FFE7FFE70A988068F8B1FFE7FCF7D2
:10A0D000F3FA0990FFE744F27040C5F60200006809
:10A0E00000F002010020B0EB510F0ED1FFE7FCF7AA
:10A0F000E3FA0999401A41F28931884204D3FFE713
:10A1000003208DF82F009BE1E5E71EE0FCF7D4FA71
:10A110000990FFE744F27040C5F60200006800F0C5
:10A1200002010020B0EB510F0ED0FFE7FCF7C4FA9C
:10A130000999401A41F28931884204D3FFE703208C
:10A140008DF82F007CE1E5E7FFE7FFE70A98406A1A
:10A15000002800F07181FFE744F21040C5F60200CC
:10A16000006800F03800182800F0E080FFE70A9847
:10A17000406A022840F0B480FFE744F20041C5F68F
:10A180000201086820F080700860FCF795FA0990D9
:10A19000FFE744F20040C5F60200006800F00071DD
:10A1A0000020B0EB516F0CD0FFE7FCF785FA09995E
:10A1B000401A032804D3FFE703208DF82F003FE166
:10A1C000E7E7FFE744F22841C5F60201086840F2DC
:10A1D000F33290430A9B9A6ADB6A42EA0312104305
:10A1E00008600A99086BD1F834C08B6BCA6B0138D0
:10A1F0006FF35F204FF60061CFF6FF7101EB4C214A
:10A2000089B208440021CFF6FF7101EB034101F44C
:10A21000FE0108444FF07F4101EB026101F0FE4175
:10A22000084444F23041C5F602010860FFE744F2F9
:10A230002C41C5F602010091086820F00100086079
:10A2400044F23442C5F6020210684FF6F8739843A0
:10A250000A9B9B6C40EAC3001060086820F00C0069
:10A260000A9A126C10430860086820F002000A9AEB
:10A27000526C10430860086840F480300860086839
:10A2800040F400300860086840F4802008600868E6
:10A2900040F00100086044F20041C5F60201086880
:10A2A00040F080700860FCF707FA0990FFE744F27D
:10A2B0000040C5F60200006800F000710020B0EB1D
:10A2C000516F0CD1FFE7FCF7F7F90999401A032801
:10A2D00004D3FFE703208DF82F00B1E0E7E724E087
:10A2E00044F20041C5F60201086820F08070086061
:10A2F000FCF7E2F90990FFE744F20040C5F60200DE
:10A30000006800F000710020B0EB516F0CD0FFE747
:10A31000FCF7D2F90999401A032804D3FFE7032078
:10A320008DF82F008CE0E7E7FFE784E044F2284057
:10A33000C5F602000068089044F23040C5F60200FD
:10A34000006807900A98406A012837D0FFE708980C
:10A3500000F003000A99896A88422FD1FFE7089824
:10A3600000F47C710A98C06AB0EB111F26D1FFE798
:10A3700007986FF35F200A99096B013988421DD154
:10A38000FFE7BDF81C100A98406B0138B0EB512F65
:10A3900014D1FFE7079800F4FE010A98806B01389A
:10A3A000B0EB114F0AD1FFE7079800F0FE410A9881
:10A3B000C06B0138B0EB116F04D0FFE701208DF8BE
:10A3C0002F003DE044F23440C5F60200006880B240
:10A3D000C00808900A98806C0899884229D0FFE745
:10A3E00044F22C41C5F60201086820F00100086023
:10A3F000FCF762F90990FFE7FCF75EF90999401A4A
:10A4000008B9FFE7F8E744F23441C5F602010868ED
:10A410004FF6F87290430A9A926C40EAC2000860C4
:10A4200044F22C41C5F60201086840F001000860C2
:10A43000FFE7FFE7FFE7FFE700208DF82F00FFE7CA
:10A440009DF82F000CB080BD81B0009001B0704726
:10A4500080B588B007900798006800690690079853
:10A46000006840690590069805990840049007988F
:10A4700000688068039000200290079890F881009F
:10A480008DF8070007980068303000909DF815009F
:10A490000007002810D5FFE79DF8180000070028E6
:10A4A0000AD5FFE707980168886940F40060886171
:10A4B000079800F0C1FB91E19DF8100040060028CC
:10A4C00015D4FFE79DF81000800600280FD4FFE7A1
:10A4D0009DF810004007002809D5FFE70798416F55
:10A4E00088470798016F884701200290FFE79DF891
:10A4F00010004006002811D4FFE79DF81000C007A7
:10A5000060B1FFE79DF810004007002806D4FFE780
:10A510000798016F884701200290FFE79DF810001F
:10A520008006002812D4FFE79DF81000800700285D
:10A530000CD5FFE79DF810004007002806D4FFE780
:10A540000798416F884701200290FFE7029808B101
:10A55000FFE743E19DF810000007002840F18980E3
:10A56000FFE707980168886940F00800886107984C
:10A570000168886940F0100088610798016888695F
:10A5800040F40060886107980168086920F00800BD
:10A59000086107980068806810F4404F3AD1FFE7DF
:10A5A000FFE70798B0F86A0098B3FFE70798C0681C
:10A5B00010280BD3FFE707980068006B0799496ED6
:10A5C00008600799486E043048661BE00798C06829
:10A5D00008280AD3FFE7009800880799496E088089
:10A5E0000799486E023048660BE00798006890F8BB
:10A5F00030000799496E08700799486E0130486627
:10A60000FFE7FFE70799B1F86A000138A1F86A008F
:10A61000C7E7FFE7079806F0BFF80799012081F820
:10A6200081000798D0F8840020B1FFE70798FFF772
:10A630000BFFD3E09DF80700052804D1FFE707983A
:10A6400001F042F814E09DF80700042804D1FFE768
:10A65000079800F0EDFA0AE09DF80700032804D1FE
:10A66000FFE7079801F02CF800E0FFE7FFE7FFE7BE
:10A67000B4E0BDF8100010F4587F00F0AF80FFE7A1
:10A680009DF81000400600280ED5FFE70799D1F885
:10A69000840040F00400C1F88400079801688869CC
:10A6A00040F040008861FFE79DF811008007002816
:10A6B0000ED5FFE70799D1F8840040F00100C1F8FA
:10A6C000840007980168886940F400708861FFE79A
:10A6D0009DF81100C00770B1FFE70799D1F8840019
:10A6E00040F00800C1F8840007980168886940F4C8
:10A6F00080708861FFE79DF81000800600280ED565
:10A70000FFE70799D1F8840040F08000C1F8840089
:10A7100007980168886940F020008861FFE7079882
:10A72000D0F88400002858D0FFE70798016808682F
:10A7300020F00100086007980168086940F26B3258
:10A7400090430861039800F44040B0F5404F3BD17E
:10A75000FFE707980168886820F440408860079800
:10A76000C06FB0B1FFE70798C16F40F6B100C0F607
:10A77000010008650798C06FF7F766FD40B1FFE775
:10A780000799D1F8840040F04000C1F88400FFE749
:10A79000FFE70798806FB0B1FFE70798816F40F639
:10A7A000B100C0F6010008650798806FF7F74CFD0F
:10A7B00040B1FFE70799D1F8840040F04000C1F8AC
:10A7C0008400FFE7FFE707E00799012081F8810097
:10A7D0000798FFF739FEFFE7FFE7FFE708B080BD06
:10A7E00080B586B00490049820B9FFE701208DF869
:10A7F00017003AE10498406A08B9FFE7FFE70499B7
:10A80000002088620498006843F20001C4F201014C
:10A8100088421BD0FFE70498006843F60001C4F2A9
:10A820000001884212D0FFE70498006843F6004117
:10A83000C4F20001884209D0FFE70498C0681028DC
:10A8400004D3FFE701208DF817000EE1049806F00D
:10A8500097F802900498006843F20001C4F20101E5
:10A86000884216D0FFE70498006843F60001C4F25E
:10A87000000188420DD0FFE70498006843F60041CC
:10A88000C4F20001884204D0FFE7029808281FD8CC
:10A89000FFE70498006843F20001C4F20101884216
:10A8A00012D0FFE70498006843F60001C4F20001EB
:10A8B000884209D0FFE70498006843F60041C4F2DB
:10A8C0000001884208D1FFE70298112804D3FFE76E
:10A8D00001208DF81700C8E0049890F8810040B975
:10A8E000FFE70499002081F88000049800F0C4F884
:10A8F000FFE70499022081F8810004980168086844
:10A9000020F00100086004980068806800F4F810E6
:10A91000039004988069B0F1806F1BD1FFE7049821
:10A920004068B0F5800F04D1FFE70498806B50B108
:10A93000FFE70498406868B9FFE70498806BB0F1BE
:10A94000805F07D1FFE704980168086840F48050F1
:10A950000860FFE7049880794006002810D5FFE7DB
:10A960000498C06807280BD3FFE7049800680068C4
:10A9700020F48070049A1168126D1043086006E09C
:10A9800004980168086820F480700860FFE7049B61
:10A990001968DA68D869D3F828C040EA0C00DDF8F5
:10A9A0000CC040EA0C00DB6B184310438860049A2B
:10A9B0000192506B516A0843916B084391690843B7
:10A9C0001168D2F804C09368D2F810E040EA0E0093
:10A9D000D2F814E040EA0E00D2F820E040EA0E007F
:10A9E00040EA0C00D2F84CC040EA0C001843936CCB
:10A9F0001843926D1043C8600498406898B9FFE707
:10AA0000049800688068012161F3CC2004990968EA
:10AA10008860049800688068022161F34A200499E4
:10AA200009688860FFE704980168086D20F001005C
:10AA3000086504988079400600280BD5FFE7049844
:10AA40000068C06820F00040049A1168526D1043FD
:10AA5000C860FFE704990020C1F88400049A01212E
:10AA600082F881108DF81700FFE79DF8170006B0F7
:10AA700080BD00000000000080B5C0B03F90002005
:10AA80003E903D903C903B903A900CA8B821F5F751
:10AA900087FC3F98006843F60001C4F20001884239
:10AAA00040F0C480FFE700200D904FF480510C91DE
:10AAB00023900CA8FDF7A0FB18B1FFE7F6F7F8FC10
:10AAC000FFE7FFE744F2E840C5F60200016841F401
:10AAD00080410160006800F480400B900B98FFE714
:10AAE000FFE744F2E040C5F60200016841F00401CE
:10AAF0000160006800F004000A900A98FFE7FFE791
:10AB000044F2E040C5F60200016841F00201016034
:10AB1000006800F0020009900998FFE706203A90CB
:10AB2000022003903B90002007903C90032004906B
:10AB30003D90052005903E9040F60000C5F60200CD
:10AB40003AA90691FBF7B8FBDDF80CC0049A05980A
:10AB50000699079B4FF4005ECDF8E8E0CDF8ECC015
:10AB60003C933D923E9040F20040C5F60200FBF758
:10AB7000A3FB079944F6E820C2F200400890402267
:10AB8000C4F202020260272242608160C1604FF479
:10AB90008062026141618161C1614FF440320262B1
:10ABA0004162F8F791FF18B1FFE7F6F781FCFFE784
:10ABB000FFE73F9844F6E821C2F20041C1673F98A1
:10ABC0008863FFE744F66030C2F20040029028211B
:10ABD000C4F202010160282141604021816000210E
:10ABE000C1604FF48062026141618161C1614FF4D3
:10ABF000003202624162F8F767FF18B1FFE7F6F72B
:10AC000057FCFFE7FFE73F9844F66031C2F200418E
:10AC100081673F988863FFE7242001900022114656
:10AC2000FBF70AFE0198FBF7FBFDFFE740B080BD94
:10AC300081B0009001B0704781B0009001B07047C2
:10AC400080B590B0DDF848C00E900D910C92ADF833
:10AC50002E300E98006820300A900E980068303030
:10AC600009900E98C16B012000EB5110ADF8120055
:10AC7000FBF722FD0890BDF82E00ADF81600BDF8D8
:10AC80002E00ADF814000E9890F88100012804D031
:10AC9000FFE702208DF83F0050E30D9838B1FFE741
:10ACA0000C9820B1FFE7BDF82E0020B9FFE7012086
:10ACB0008DF83F0042E3FFE70E9890F880000128EE
:10ACC00004D1FFE702208DF83F0037E30E99012001
:10ACD00081F88000FFE7FFE70E99052081F88100E9
:10ACE0000E990020C1F884000C990E9A5166BDF8A7
:10ACF0002E100E9AA2F86A10BDF82E100E9AA2F825
:10AD000068100D990E9AD165BDF82E100E9AA2F812
:10AD10006210BDF82E100E9AA2F860100E99086706
:10AD20000E9948670E980068C06820F4C0200E99FC
:10AD30000968C8600E98006843F20001C4F201017E
:10AD4000884212D0FFE70E98006843F60001C4F273
:10AD50000001884209D0FFE70E98006843F60041E1
:10AD6000C4F20001884203D1FFE71020079002E0FF
:10AD700008200790FFE70E98006840684FF6FF71C3
:10AD80008843BDF82E1008440E99096848600E9853
:10AD90000168086840F0010008600E984068B0F54E
:10ADA000800F07D1FFE70E980168086840F4007033
:10ADB0000860FFE70E98C0681028C0F0B580FFE774
:10ADC000079880080790FFE7BDF816100120039050
:10ADD00039B9FFE7BDF81400002818BF012003901F
:10ADE000FFE70398C007002800F09D80FFE70E985A
:10ADF000006840698007002822D5FFE7BDF81600EB
:10AE0000F0B1FFE7BDF81400BDF81610079A114421
:10AE1000884215D2FFE70E980168C06D006808628D
:10AE20000E99C86D0430C8650E99B1F862000138FA
:10AE3000A1F862000E98B0F86200ADF81600FFE7C6
:10AE40000E98006840690690BDF81400002869D08B
:10AE5000FFE70E9800684069C007B0B1FFE70E98A1
:10AE60000068006B0E99496E08600E99486E0430B8
:10AE700048660E99B1F86A000138A1F86A000E9888
:10AE8000B0F86A00ADF814004BE0BDF81400BDF84E
:10AE9000121088421CDAFFE79DF81900000600280E
:10AEA00016D5FFE70E980068006B0E99496E086092
:10AEB0000E99486E043048660E99B1F86A00013860
:10AEC000A1F86A000E98B0F86A00ADF8140027E007
:10AED000FBF7F2FB0899401A1299884204D3FFE766
:10AEE0001298013018B9FFE71298C0B9FFE70E9821
:10AEF00005F052FC0E99D1F8840040F48070C1F83E
:10AF000084000E99012081F88100FFE70E9900204E
:10AF100081F88000FFE703208DF83F000EE2FFE795
:10AF2000FFE7FFE750E7DCE10E98C0680828C0F0B3
:10AF3000DE80FFE7079840080790FFE7BDF816108E
:10AF40000120029039B9FFE7BDF81400002818BFAE
:10AF500001200290FFE70298C007002800F0C68099
:10AF6000FFE70E98006840698007002822D5FFE7B8
:10AF7000BDF81600F0B1FFE7BDF81400BDF81610DB
:10AF8000079A1144884215D2FFE70E98C06D0088D9
:10AF90000A9908800E99C86D0230C8650E99B1F8FB
:10AFA00062000138A1F862000E98B0F86200ADF8B6
:10AFB0001600FFE70E98006840690690BDF814007F
:10AFC000002800F09280FFE70E9800684069C007F3
:10AFD000A8B1FFE7099800880E99496E08800E997C
:10AFE000486E023048660E99B1F86A000138A1F83F
:10AFF0006A000E98B0F86A00ADF8140074E0BDF86D
:10B000001400BDF81210884224DAFFE79DF81900F9
:10B01000000600281ED5FFE7099800880E99496EA2
:10B0200008800E99486E02304866099800880E998B
:10B03000496E08800E99486E023048660E99B1F844
:10B040006A000238A1F86A000E98B0F86A00ADF8FC
:10B05000140048E0BDF8140001281BD1FFE79DF85B
:10B0600019008006002815D5FFE7099800880E9979
:10B07000496E08800E99486E023048660E99B1F804
:10B080006A000138A1F86A000E98B0F86A00ADF8BD
:10B09000140027E0FBF710FB0899401A1299884228
:10B0A00004D3FFE71298013018B9FFE71298C0B92E
:10B0B000FFE70E9805F070FB0E99D1F8840040F47C
:10B0C0008070C1F884000E99012081F88100FFE7AB
:10B0D0000E99002081F88000FFE703208DF83F00E3
:10B0E0002CE1FFE7FFE7FFE7FFE727E7F8E0FFE7EF
:10B0F000BDF816100120019039B9FFE7BDF8140022
:10B10000002818BF01200190FFE70198C007002820
:10B1100000F0E580FFE70E9800684069800700288E
:10B1200023D5FFE7BDF81600F8B1FFE7BDF814001E
:10B13000BDF81610079A1144884216D2FFE70E9800
:10B140000168C06D007881F820000E99C86D01304B
:10B15000C8650E99B1F862000138A1F862000E9836
:10B16000B0F86200ADF81600FFE70E98006840697D
:10B170000690BDF81400002800F0B080FFE70E989C
:10B1800000684069C007B8B1FFE70E98006890F802
:10B1900030000E99496E08700E99486E013048666D
:10B1A0000E99B1F86A000138A1F86A000E98B0F85B
:10B1B0006A00ADF8140090E0BDF81400BDF812105C
:10B1C00088423EDAFFE79DF819000006002838D5CE
:10B1D000FFE70E98006890F830000E99496E0870ED
:10B1E0000E99486E013048660E98006890F830005D
:10B1F0000E99496E08700E99486E013048660E9897
:10B20000006890F830000E99496E08700E99486EEB
:10B21000013048660E98006890F830000E99496E2B
:10B2200008700E99486E013048660E99B1F86A00B0
:10B230000438A1F86A000E98B0F86A00ADF814005E
:10B240004AE0BDF8140003281DD8FFE79DF8190057
:10B2500010F0600F17D0FFE70E98006890F83000EC
:10B260000E99496E08700E99486E013048660E9925
:10B27000B1F86A000138A1F86A000E98B0F86A00C7
:10B28000ADF8140027E0FBF717FA0899401A129955
:10B29000884204D3FFE71298013018B9FFE71298EB
:10B2A000C0B9FFE70E9805F077FA0E99D1F884003F
:10B2B00040F48070C1F884000E99012081F881006B
:10B2C000FFE70E99002081F88000FFE703208DF84A
:10B2D0003F0033E0FFE7FFE7FFE7FFE708E7FFE7AF
:10B2E000FFE70E98129B08996A4611600821002218
:10B2F00005F02EFC40B1FFE70E99D1F8840040F034
:10B300002000C1F88400FFE70E9805F045FA0E9979
:10B31000012081F88100FFE70E99002081F880006C
:10B32000FFE70E98D0F8840020B1FFE701208DF8E8
:10B330003F0003E000208DF83F00FFE79DF83F004D
:10B3400010B080BD0000000080B586B0049003916D
:10B350000292ADF80630049890F88100012804D0DC
:10B36000FFE702208DF81700A4E1039838B1FFE74A
:10B37000029820B1FFE7BDF8060020B9FFE70120E1
:10B380008DF8170096E1FFE7049890F880000128F7
:10B3900004D1FFE702208DF817008BE1049901200A
:10B3A00081F88000FFE7FFE70499052081F881001C
:10B3B00004990020C1F884000399049AD165BDF86E
:10B3C0000610049AA2F86010BDF80610049AA2F8BC
:10B3D00062100299049A5166BDF80610049AA2F808
:10B3E0006810BDF80610049AA2F86A10049908675C
:10B3F0000499486704980068C06820F4C020049944
:10B400000968C86004980168886820F44040886032
:10B410000498C068102807D3FFE70498C06F8069BC
:10B42000B0F5804F13D1FFE70498C068082818D3FF
:10B43000FFE70498C06F8069B0F5005F11D0FFE7A7
:10B440000498C06F8069B0F5804F0AD0FFE7FFE72E
:10B450000499002081F88000FFE701208DF8170093
:10B4600028E10498C068072841D8FFE70498806F56
:10B470008069B0F5005F09D1FFE70498B0F8620079
:10B48000013040080499A1F86200FFE70498806F3A
:10B490008069B0F5804F09D1FFE70498B0F86200E9
:10B4A000033080080499A1F86200FFE70498C06F98
:10B4B0008069B0F5005F09D1FFE70498B0F86A0031
:10B4C000013040080499A1F86A00FFE70498C06FB2
:10B4D0008069B0F5804F09D1FFE70498B0F86A00A1
:10B4E000033080080499A1F86A00FFE727E0049878
:10B4F000C0680F2821D8FFE70498806F8069B0F5F5
:10B50000804F09D1FFE70498B0F86200013040088D
:10B510000499A1F86200FFE70498C06F8069B0F554
:10B52000804F09D1FFE70498B0F86A000130400865
:10B530000499A1F86A00FFE700E0FFE7FFE704983D
:10B54000C16F40F62110C0F6010008640498C16F75
:10B5500040F63910C0F60100C8630498C16F40F688
:10B56000E100C0F60100C8640498C16F00200865BE
:10B57000049B19685A6ED86F3031B3F86A30F8F707
:10B5800053FFA8B1FFE70499D1F8840040F0100000
:10B59000C1F884000499012081F88100FFE7049933
:10B5A000002081F88000FFE701208DF8170081E07E
:10B5B00004980168886840F4804088600498816F2E
:10B5C000002008640499896FC8630499896F08652D
:10B5D0000498816F40F6E100C0F60100C864049B46
:10B5E0001A68D96D986F2032B3F86230F8F71CFFF3
:10B5F000C8B1FFE70498C06FF6F76AF90499D1F86B
:10B60000840040F01000C1F884000499012081F802
:10B610008100FFE70499002081F88000FFE7012006
:10B620008DF8170046E00498806FC069B0F5807F00
:10B630000AD1FFE70498006840684FF6FF7188431D
:10B640000499096848600CE00498006840684FF667
:10B65000FF718843BDF806100844049909684860E2
:10B66000FFE704980168886840F400408860049807
:10B670000168086940F45870086104980168086816
:10B6800040F00100086004984068B0F5800F07D1D1
:10B69000FFE704980168086840F400700860FFE75D
:10B6A000FFE70499002081F88000FFE700208DF873
:10B6B0001700FFE79DF8170006B080BD00000000EE
:10B6C00081B0009001B0704780B584B003900398BA
:10B6D000006843F20001C4F20101884213D1FFE780
:10B6E00040F6C401C2F20041029148680989FAF7A4
:10B6F000B7FF0299D1F81031B1F80A2101F10A001F
:10B700008A31984739E00398006843F60001C4F293
:10B710000001884213D1FFE740F6D811C2F2004180
:10B72000019148680989FAF79BFF0199D1F8103116
:10B73000B1F80A2101F10A008A3198471CE0039808
:10B74000006843F60041C4F20001884213D1FFE7CC
:10B7500040F6EC21C2F20041009148680989FAF7ED
:10B760007FFF0099D1F81031B1F80A2101F10A00E8
:10B770008A319847FFE7FFE7FFE704B080BD00008C
:10B7800081B0009001B0704780B582B001900198FF
:10B7900005F032FA02B080BD81B0009001B0704770
:10B7A00081B0009001B0704781B0009001B0704747
:10B7B00085B003900291FFE7039890F83C000128C0
:10B7C00004D1FFE702208DF81300ABE003990120BC
:10B7D00081F83C00FFE7FFE70399022081F83D0074
:10B7E00003980068406801900398006880680090A2
:10B7F000039800680021C4F20101884209D0FFE7E4
:10B800000398006840F20041C4F2010188420AD165
:10B81000FFE7019820F470000190029841680198B8
:10B8200008430190FFE7019820F070000190029812
:10B8300001680198084301900198039909684860DC
:10B84000039800680021C4F2010188424ED0FFE74E
:10B8500003980068B0F1804F48D0FFE70398006874
:10B8600040F20041C4F2000188423FD0FFE7039854
:10B87000006840F60001C4F20001884236D0FFE7BC
:10B880000398006840F60041C4F2000188422DD0C0
:10B89000FFE70398006840F20041C4F201018842CA
:10B8A00024D0FFE70398006841F60001C4F20001CC
:10B8B00088421BD0FFE70398006844F20001C4F2FD
:10B8C0000101884212D0FFE7039800684EF20001A0
:10B8D000C4F20001884209D0FFE7039800684EF2E5
:10B8E0000041C4F2000188420ED1FFE7009820F029
:10B8F00080000090029881680098084300900098AA
:10B90000039909688860FFE70399012081F83D00E9
:10B91000FFE70399002081F83C00FFE700208DF845
:10B920001300FFE79DF8130005B07047000000000A
:10B9300080B582B00090009820B9FFE701208DF813
:10B94000070045E0009890F83D0040B9FFE70099F6
:10B95000002081F83C00009800F03EF8FFE70099D5
:10B96000022081F83D00009951F8040B05F08CFA93
:10B970000099012081F84800FFE70099012081F833
:10B980003E00009981F83F00009981F8400000993D
:10B9900081F84100009981F84200009981F8430044
:10B9A000FFE7FFE70099012081F84400009981F842
:10B9B0004500009981F84600009981F84700FFE7AB
:10B9C0000099012081F83D0000208DF80700FFE775
:10B9D0009DF8070002B080BD80B588B00790079839
:10B9E000006840F20041C4F20001884210D1FFE734
:10B9F000FFE744F2E840C5F60200016841F00201A9
:10BA00000160006800F0020006900698FFE75FE022
:10BA10000798006840F60001C4F20001884219D17D
:10BA2000FFE7FFE744F2E840C5F60200016841F095
:10BA300004010160006800F0040005900598FFE72C
:10BA40001E20029001210022FAF7F6FE0298FAF772
:10BA5000E7FE3CE00798006840F60041C4F20001B0
:10BA6000884219D1FFE7FFE744F2E840C5F602003B
:10BA7000016841F008010160006800F008000490CE
:10BA80000498FFE73220019000221146FAF7D4FE15
:10BA90000198FAF7C5FE19E00798006841F6000121
:10BAA000C4F20001884210D1FFE7FFE744F2E8400A
:10BAB000C5F60200016841F040010160006800F035
:10BAC000400003900398FFE7FFE7FFE7FFE7FFE78A
:10BAD00008B080BD0000000083B00190019890F88C
:10BAE0003D00012804D0FFE701208DF80B0083E022
:10BAF0000199022081F83D0001980168C86840F072
:10BB00000100C860019800680021C4F20101884268
:10BB10004ED0FFE701980068B0F1804F48D0FFE7B2
:10BB20000198006840F20041C4F2000188423FD011
:10BB3000FFE70198006840F60001C4F20001884266
:10BB400036D0FFE70198006840F60041C4F20001DA
:10BB500088422DD0FFE70198006840F20041C4F20E
:10BB60000101884224D0FFE70198006841F60001F6
:10BB7000C4F2000188421BD0FFE70198006844F23C
:10BB80000001C4F20101884212D0FFE70198006869
:10BB90004EF20001C4F20001884209D0FFE701988B
:10BBA00000684EF20041C4F20001884219D1FFE75B
:10BBB0000198006880680721C0F2010108400090E8
:10BBC000009806280CD0FFE70098B0F5803F07D01A
:10BBD000FFE701980168086840F001000860FFE78E
:10BBE00006E001980168086840F001000860FFE77E
:10BBF00000208DF80B00FFE79DF80B0003B07047A5
:10BC000080B586B00490039100208DF80B00FFE70B
:10BC1000049890F83C00012804D1FFE702208DF839
:10BC20001700D1E00499012081F83C00FFE7FFE70D
:10BC30000499022081F83D00049800688068019012
:10BC400001984FF68871CFF6CE71084001900198A7
:10BC500020F47F4001900198049909688860039856
:10BC600000680090002800F09580FFE700981028F9
:10BC700000F09080FFE70098202800F08B80FFE71D
:10BC80000098302800F08680FFE70098402874D0A4
:10BC9000FFE70098502856D0FFE7009860285FD053
:10BCA000FFE7009870282AD0FFE70098B0F5805F82
:10BCB00024D0FFE70098B0F5005F35D0FFE700988B
:10BCC000B0F5801F66D0FFE70098B0F1101F61D07B
:10BCD000FFE700982021C0F2100188425AD0FFE708
:10BCE00000983021C0F21001884253D0FFE700983D
:10BCF0004021C0F2100188424CD052E055E0049837
:10BD00000068039B5A689968DB6805F055FA049847
:10BD1000006880680190019840F0770001900198D8
:10BD200004990968886040E004980068039B5A6899
:10BD30009968DB6805F040FA04980168886840F467
:10BD40008040886031E004980068039A5168D268A6
:10BD500005F05AFE04980068502105F049FA24E0E5
:10BD600004980068039A5168D26805F075FE04983B
:10BD70000068602105F03CFA17E004980068039A17
:10BD80005168D26805F040FE04980068402105F033
:10BD90002FFA0AE0049800680399096805F028FA68
:10BDA00003E001208DF80B00FFE70499012081F8E2
:10BDB0003D00FFE70499002081F83C00FFE79DF873
:10BDC0000B008DF81700FFE79DF8170006B080BD47
:10BDD00081B0009001B0704780B584B003900398A3
:10BDE0000068C068029003980068006901909DF89F
:10BDF00004008007002824D5FFE79DF8080080078D
:10BE000000281DD5FFE7039801686FF00200086164
:10BE1000039901200877039800688069800720B1A2
:10BE2000FFE70398FFF7D4FF06E0039800F058F906
:10BE3000039800F089FAFFE7039900200877FFE7ED
:10BE4000FFE79DF804004007002825D5FFE79DF88F
:10BE50000800400700281ED5FFE7039801686FF02F
:10BE6000040008610399022008770398006880693C
:10BE700010F4407F04D0FFE70398FFF7A9FF06E026
:10BE8000039800F02DF9039800F05EFAFFE703999C
:10BE900000200877FFE7FFE79DF80400000700286F
:10BEA00024D5FFE79DF80800000700281DD5FFE70F
:10BEB000039801686FF0080008610399042008776F
:10BEC00003980068C069800720B1FFE70398FFF777
:10BED0007FFF06E0039800F003F9039800F034FABE
:10BEE000FFE7039900200877FFE7FFE79DF80400CC
:10BEF000C006002825D5FFE79DF80800C0060028E9
:10BF00001ED5FFE7039801686FF0100008610399E0
:10BF10000820087703980068C06910F4407F04D0B7
:10BF2000FFE70398FFF754FF06E0039800F0D8F806
:10BF3000039800F009FAFFE7039900200877FFE76C
:10BF4000FFE79DF80400C00778B1FFE79DF80800FF
:10BF5000C00748B1FFE7039801686FF0010008616E
:10BF6000039800F009FCFFE7FFE7019800F080006C
:10BF7000802806D0FFE79DF805008006002810D530
:10BF8000FFE79DF808000006002809D5FFE70398A1
:10BF900001686FF4025008610398FFF701FCFFE7A6
:10BFA000FFE79DF80500C00780B1FFE79DF8080096
:10BFB0000006002809D5FFE7039801686FF4807038
:10BFC00008610398FFF7E8FBFFE7FFE79DF804002F
:10BFD0004006002810D5FFE79DF80800400600281D
:10BFE00009D5FFE7039801686FF0400008610398E6
:10BFF00000F04AFCFFE7FFE79DF8040080060028F8
:10C0000010D5FFE79DF808008006002809D5FFE756
:10C01000039801686FF0200008610398FFF7C4FBE4
:10C02000FFE7FFE704B080BD80B588B0079000202F
:10C03000069005900490039002900798006840F2E3
:10C040000041C4F2000188421ED1FFE7FFE744F23D
:10C05000E040C5F60200016841F00201016000689D
:10C0600000F0020001900198FFE702200290039087
:10C07000002104910591069040F20040C5F60200AF
:10C0800002A9FAF719F929E00798006841F60001BA
:10C09000C4F20001884220D1FFE7FFE744F2E0400C
:10C0A000C5F60200016841F002010160006800F07D
:10C0B000020000900098FFE74FF400400290022039
:10C0C0000390002104910591069040F20040C5F6CE
:10C0D000020002A9FAF7F0F8FFE7FFE708B080BD19
:10C0E00081B0009001B0704780B586B00490039194
:10C0F000029200208DF80700FFE7049890F83C00BA
:10C10000012804D1FFE702208DF81700C0E0049950
:10C11000012081F83C00FFE7FFE702980090142817
:10C1200000F2A7800099DFE801F00BA4A4A424A4E6
:10C13000A4A43EA4A4A457A4A4A471A4A4A48A0063
:10C1400004980068039905F003F904980168886968
:10C1500040F00800886104980168886920F00400B4
:10C1600088610398026904980168886910438861AE
:10C1700083E004980068039905F092F90498016837
:10C18000886940F40060886104980168886920F437
:10C19000806088610398026904980168886940EAB0
:10C1A0000220886169E004980068039905F030FA7C
:10C1B00004980168C86940F00800C86104980168E3
:10C1C000C86920F00400C8610398026904980168F6
:10C1D000C8691043C86150E004980068039905F0ED
:10C1E000CFFA04980168C86940F40060C8610498F7
:10C1F0000168C86920F48060C861039802690498E6
:10C200000168C86940EA0220C86136E00498006805
:10C21000039905F025FB04980168486D40F008007B
:10C22000486504980168486D20F00400486503984B
:10C23000026904980168486D104348651DE0049840
:10C240000068039905F074FB04980168486D40F498
:10C250000060486504980168486D20F48060486576
:10C260000398026904980168486D40EA0220486515
:10C2700003E001208DF80700FFE7FFE704990020A5
:10C2800081F83C00FFE79DF807008DF81700FFE7F5
:10C290009DF8170006B080BD80B582B00090009870
:10C2A00020B9FFE701208DF8070045E0009890F8DD
:10C2B0003D0040B9FFE70099002081F83C0000985C
:10C2C00000F03EF8FFE70099022081F83D00009958
:10C2D00051F8040B04F0D8FD0099012081F84800C2
:10C2E000FFE70099012081F83E00009981F83F00A6
:10C2F000009981F84000009981F84100009981F887
:10C300004200009981F84300FFE7FFE70099012010
:10C3100081F84400009981F84500009981F84600B1
:10C32000009981F84700FFE70099012081F83D005E
:10C3300000208DF80700FFE79DF8070002B080BDE0
:10C3400081B0009001B0704781B0009001B070479B
:10C3500080B590B00E900D910D9828B9FFE70E981A
:10C3600090F83E000B9034E00D98042805D1FFE7CB
:10C370000E9890F83F000A9028E00D98082805D103
:10C38000FFE70E9890F8400009901CE00D980C28EB
:10C3900005D1FFE70E9890F84100089010E00D9845
:10C3A000102805D1FFE70E9890F84200079004E0AE
:10C3B0000E9890F843000790FFE707980890FFE772
:10C3C00008980990FFE709980A90FFE70A980B90F0
:10C3D000FFE70B98012804D0FFE701208DF83F000C
:10C3E00003E10D9828B9FFE70E99022081F83E007D
:10C3F00038E00D98042806D1FFE70E99022081F855
:10C400003F0006902CE00D98082806D1FFE70E9912
:10C41000022081F8400005901FE00D980C2806D1FD
:10C42000FFE70E99022081F84100049012E00D9878
:10C43000102806D1FFE70E99022081F842000390F0
:10C4400005E00E99022081F843000390FFE703986E
:10C450000490FFE704980590FFE705980690FFE732
:10C460000698FFE70E9800680D990122019204F0EA
:10C4700087FE01980E9909680022C4F201029142D8
:10C4800002902DD0FFE70E980168012040F2004293
:10C49000C4F201029142029022D0FFE70E98016897
:10C4A000012044F20002C4F201029142029017D02E
:10C4B000FFE70E980168012044F20042C4F2010235
:10C4C000914202900CD0FFE70E9800684BF60001F5
:10C4D000CBF6FE710844B0FA80F040090290FFE705
:10C4E0000298C00738B1FFE70E980168486C40F425
:10C4F00000404864FFE70E9800680021C4F2010183
:10C5000088424ED0FFE70E980068B0F1804F48D0C7
:10C51000FFE70E98006840F20041C4F20001884233
:10C520003FD0FFE70E98006840F60001C4F200011A
:10C53000884236D0FFE70E98006840F60041C4F20A
:10C54000000188422DD0FFE70E98006840F20041BC
:10C55000C4F20101884224D0FFE70E98006841F63A
:10C560000001C4F2000188421BD0FFE70E9800686A
:10C5700044F20001C4F20101884212D0FFE70E9894
:10C5800000684EF20001C4F20001884209D0FFE7C2
:10C590000E9800684EF20041C4F20001884219D1A1
:10C5A000FFE70E98006880680721C0F2010108408B
:10C5B0000C900C9806280CD0FFE70C98B0F5803F43
:10C5C00007D0FFE70E980168086840F00100086096
:10C5D000FFE706E00E980168086840F00100086077
:10C5E000FFE700208DF83F00FFE79DF83F0010B007
:10C5F00080BD00000000000080B588B00790069163
:10C60000079800680699002204F0BAFD07980168AF
:10C6100001200022C4F20102914205902DD0FFE7D3
:10C6200007980168012040F20042C4F201029142E1
:10C63000059022D0FFE707980168012044F200022C
:10C64000C4F201029142059017D0FFE707980168F4
:10C65000012044F20042C4F20102914205900CD044
:10C66000FFE7079800684BF60001CBF6FE7108441F
:10C67000B0FA80F040090590FFE70598C007D8B1EF
:10C68000FFE7FFE707980068006A41F211110842CE
:10C6900010D1FFE707980068006A40F24441084261
:10C6A00007D1FFE707980168486C20F40040486410
:10C6B000FFE7FFE7FFE7FFE7FFE707980068006A8B
:10C6C00041F21111084210D1FFE707980068006A93
:10C6D00040F24441084207D1FFE707980168086823
:10C6E00020F001000860FFE7FFE7FFE7069828B9A0
:10C6F000FFE70799012081F83E0038E006980428FA
:10C7000006D1FFE70799012081F83F0004902CE053
:10C710000698082806D1FFE70799012081F8400014
:10C7200003901FE006980C2806D1FFE70799012027
:10C7300081F84100029012E00698102806D1FFE728
:10C740000799012081F84200019005E00799012036
:10C7500081F843000190FFE701980290FFE70298FB
:10C760000390FFE703980490FFE70498FFE7002099
:10C7700008B080BD0000000080B582B00190019833
:10C7800000680021C4F20101884207D1FFE740F6AA
:10C790000840C2F200404068804773E0019800689A
:10C7A000B0F1804F07D1FFE740F61040C2F20040E1
:10C7B0004068804765E00198006840F20041C4F29B
:10C7C0000001884207D1FFE740F61840C2F200405E
:10C7D0004068804754E00198006840F60001C4F2C8
:10C7E0000001884207D1FFE740F62040C2F2004036
:10C7F0004068804743E00198006840F60041C4F279
:10C800000001884207D1FFE740F62840C2F200400D
:10C810004068804732E00198006841F20001C4F2AC
:10C820000001884207D1FFE740F63040C2F20040E5
:10C830004068804721E00198006841F20041C4F25D
:10C840000001884207D1FFE740F63840C2F20040BD
:10C850004068804710E00198006840F20041C4F24F
:10C860000101884207D1FFE740F64040C2F2004094
:10C8700040688047FFE7FFE7FFE7FFE7FFE7FFE7E5
:10C88000FFE7FFE702B080BD81B0009001B07047C4
:10C8900083B00190FFE7019890F88400012804D14B
:10C8A000FFE702208DF80B002CE00199012081F8B0
:10C8B0008400FFE7FFE701992420C1F88800019870
:10C8C00000680068009001980168086820F0010085
:10C8D0000860009820F00050009001990020486600
:10C8E000009801990968086001992020C1F8880022
:10C8F000FFE70199002081F88400FFE700208DF810
:10C900000B00FFE79DF80B0003B07047000000002C
:10C9100080B586B004900391ADF80A200498D0F851
:10C920008C00202844D1FFE7039820B1FFE7BDF831
:10C930000A0020B9FFE701208DF817003CE00499B8
:10C940000120C86604990020086704980399BDF87F
:10C950000A2006F08DFC8DF809009DF8090010BB37
:10C96000FFE70498C06E012818D1FFE7049801681A
:10C9700010200862FFE7FFE70498006850E8000F06
:10C9800040F010000190FFE701990498026842E826
:10C9900000100028F0D1FFE7FFE703E001208DF849
:10C9A0000900FFE7FFE79DF809008DF8170003E095
:10C9B00002208DF81700FFE79DF8170006B080BD34
:10C9C00080B58AB00990ADF822100998006841F24C
:10C9D0000001C4F20101884240F0EC80FFE7BDF89D
:10C9E000221040F6D850C2F200400690A0F808117C
:10C9F000D0F80C21BDF82210843007909047069A99
:10CA000007990998B2F80421520092B2FFF780FF0B
:10CA100044F69870C2F2004000681021C4F202018E
:10CA2000884200F0B280FFE744F69870C2F20040FE
:10CA300000682821C4F20201884200F0A680FFE7C6
:10CA400044F69870C2F2004000684021C4F202012E
:10CA5000884200F09A80FFE744F69870C2F20040E6
:10CA600000685821C4F20201884200F08E80FFE77E
:10CA700044F69870C2F2004000687021C4F20201CE
:10CA8000884200F08280FFE744F69870C2F20040CE
:10CA900000688821C4F20201884276D0FFE744F69C
:10CAA0009870C2F200400068A021C4F202018842DE
:10CAB0006BD0FFE744F69870C2F200400068B821DE
:10CAC000C4F20201884260D0FFE744F69870C2F2D7
:10CAD0000040006840F21041C4F20201884254D084
:10CAE000FFE744F69870C2F20040006840F2284127
:10CAF000C4F20201884248D0FFE744F69870C2F2BF
:10CB00000040006840F24041C4F2020188423CD03B
:10CB1000FFE744F69870C2F20040006840F25841C6
:10CB2000C4F20201884230D0FFE744F69870C2F2A6
:10CB30000040006840F27041C4F20201884224D0F3
:10CB4000FFE744F69870C2F20040006840F2884166
:10CB5000C4F20201884218D0FFE744F69870C2F28E
:10CB60000040006840F2A041C4F2020188420CD0AB
:10CB7000FFE744F69870C2F20040006840F2B84106
:10CB8000C4F2020188420AD1FFE744F69870C2F26B
:10CB900000400168086820F00800086009E044F6D9
:10CBA0009870C2F200400168086820F00400086034
:10CBB000FFE7B5E10998006845F20001C4F2000101
:10CBC00088422FD1FFE7BDF8220041F21821C2F2BE
:10CBD00000410591A1F808010998B1F8042152001B
:10CBE000843192B2FFF794FE0599B1F80801B1F8CB
:10CBF000041188420BDCFFE741F21820C2F200402A
:10CC0000D0F80C21BDF822108430904709E041F2A1
:10CC10001820C2F20040B0F804118430F3F7C0FBD2
:10CC2000FFE77CE10998006847F60001C4F20001C3
:10CC3000884211D1FFE7BDF8220041F23841C2F22B
:10CC40000041A1F808010998B1F80421520084318B
:10CC500092B2FFF75DFE61E10998006847F6004176
:10CC6000C4F2000188422DD1FFE7BDF8220041F255
:10CC70004851C2F200410491A1F808010998B1F8A5
:10CC800004218431FFF744FE0499B1F80801B1F89A
:10CC9000041188420BDCFFE741F24850C2F2004029
:10CCA000D0F80C21BDF822108430904709E041F201
:10CCB0004850C2F20040B0F804118430F3F770FB22
:10CCC000FFE72AE10998006841F60001C4F201017A
:10CCD00088422DD1FFE7BDF8220041F25861C2F22F
:10CCE00000410391A1F808010998B1F804218431A9
:10CCF000FFF70EFE0399B1F80801B1F8041188425C
:10CD00000BDCFFE741F25860C2F20040D0F80C2182
:10CD1000BDF822108430904709E041F25860C2F219
:10CD20000040B0F804118430F3F73AFBFFE7F3E07A
:10CD30000998006841F60041C4F20101884240F0C0
:10CD4000EA80FFE7BDF8221040F6C840C2F200407A
:10CD50000190A0F80811D0F80C21BDF82210843001
:10CD600002909047019A02990998B2F80421FFF7BE
:10CD7000CFFD44F6A860C2F2004000681021C4F262
:10CD80000201884200F0B280FFE744F6A860C2F2D8
:10CD9000004000682821C4F20201884200F0A68009
:10CDA000FFE744F6A860C2F2004000684021C4F2E8
:10CDB0000201884200F09A80FFE744F6A860C2F2C0
:10CDC000004000685821C4F20201884200F08E80C1
:10CDD000FFE744F6A860C2F2004000687021C4F288
:10CDE0000201884200F08280FFE744F6A860C2F2A8
:10CDF000004000688821C4F20201884276D0FFE733
:10CE000044F6A860C2F200400068A021C4F202010A
:10CE100088426BD0FFE744F6A860C2F20040006889
:10CE2000B821C4F20201884260D0FFE744F6A8604E
:10CE3000C2F20040006840F21041C4F20201884290
:10CE400054D0FFE744F6A860C2F20040006840F208
:10CE50002841C4F20201884248D0FFE744F6A860A6
:10CE6000C2F20040006840F24041C4F20201884230
:10CE70003CD0FFE744F6A860C2F20040006840F2F0
:10CE80005841C4F20201884230D0FFE744F6A8605E
:10CE9000C2F20040006840F27041C4F202018842D0
:10CEA00024D0FFE744F6A860C2F20040006840F2D8
:10CEB0008841C4F20201884218D0FFE744F6A86016
:10CEC000C2F20040006840F2A041C4F20201884270
:10CED0000CD0FFE744F6A860C2F20040006840F2C0
:10CEE000B841C4F2020188420AD1FFE744F6A860C3
:10CEF000C2F200400168086820F00800086009E0FC
:10CF000044F6A860C2F200400168086820F00400FE
:10CF10000860FFE7FFE7FFE7FFE7FFE7FFE7FFE75F
:10CF20000AB080BD0000000081B0009001B07047E1
:10CF300080B584B002900191FFE7029890F88400D8
:10CF4000012804D1FFE702208DF80F0032E002999A
:10CF5000012081F88400FFE7FFE702992420C1F84F
:10CF600088000298006800680090029801680868CC
:10CF700020F00100086002980068806820F060607E
:10CF800001990843029909688860029804F06CFED0
:10CF9000009802990968086002992020C1F8880069
:10CFA000FFE70299002081F88400FFE700208DF858
:10CFB0000F00FFE79DF80F0004B080BD00000000E7
:10CFC00080B584B002900191FFE7029890F8840048
:10CFD000012804D1FFE702208DF80F0032E002990A
:10CFE000012081F88400FFE7FFE702992420C1F8BF
:10CFF000880002980068006800900298016808683C
:10D0000020F00100086002980068806820F060400D
:10D0100001990843029909688860029804F024FE87
:10D02000009802990968086002992020C1F88800D8
:10D03000FFE70299002081F88400FFE700208DF8C7
:10D040000F00FFE79DF80F0004B080BD0000000056
:10D0500081B0009001B0704781B0009001B070477E
:10D0600081B0009001B0704780B592B011901198D6
:10D070000068C06910901198006800680F901198BE
:10D08000006880680E90109840F60F0108400D90DF
:10D090000D98E0B9FFE79DF840008006002815D5FF
:10D0A000FFE79DF83C008006002806D4FFE79DF8C6
:10D0B0003B00C006002809D5FFE71198406F20B15A
:10D0C000FFE71198416F8847FFE72FE3FFE70D98CF
:10D0D000002800F00C81FFE70E980121C1F2000149
:10D0E000084209D1FFE70F9840F22011C0F2004139
:10D0F000084200F0FC80FFE79DF84000C00788B1BF
:10D10000FFE79DF83D00C00760B1FFE71198016897
:10D11000012008621199D1F8900040F00100C1F897
:10D120009000FFE79DF840008007002811D5FFE739
:10D130009DF83800C00760B1FFE711980168022030
:10D1400008621199D1F8900040F00400C1F89000F5
:10D15000FFE79DF840004007002811D5FFE79DF844
:10D160003800C00760B1FFE7119801680420086229
:10D170001199D1F8900040F00200C1F89000FFE74B
:10D180009DF840000007002819D5FFE79DF83C00F6
:10D190008006002807D4FFE70E980121C1F20001A4
:10D1A00008420CD0FFE71198016808200862119925
:10D1B000D1F8900040F00800C1F89000FFE79DF81A
:10D1C00041000007002813D5FFE79DF83F00400706
:10D1D00000280DD5FFE7119801684FF40060086240
:10D1E0001199D1F8900040F02000C1F89000FFE7BD
:10D1F0001198D0F89000002878D0FFE79DF8400003
:10D200008006002815D5FFE79DF83C008006002821
:10D2100006D4FFE79DF83B00C006002809D5FFE7CC
:10D220001198406F20B1FFE71198416F8847FFE7E1
:10D23000FFE71198D0F890000C9011980068806872
:10D2400000F04000402806D0FFE79DF8300010F0C5
:10D25000280F42D0FFE7119804F0CAFF1198006828
:10D2600080684006002833D5FFE7FFE7FFE7119805
:10D27000006850E8020F20F040000B90FFE70B9988
:10D280001198026842E802100028F0D1FFE7FFE79A
:10D290001198D0F88000B0B1FFE71198D0F8801055
:10D2A00041F68170C0F6010008651198D0F8800041
:10D2B000F4F7CAFF30B1FFE71198D0F88000016D94
:10D2C0008847FFE703E01198FFF7CAFEFFE703E096
:10D2D0001198FFF7C5FEFFE707E01198FFF7C0FEC2
:10D2E00011990020C1F89000FFE7FFE71EE21198B6
:10D2F000C06E012840F0BB81FFE79DF84000C006EA
:10D30000002840F1B481FFE79DF83C00C0060028EA
:10D3100040F1AD81FFE71198016810200862119873
:10D32000006880684006002840F13F81FFE71198BF
:10D33000D0F8800000681021C4F20201884200F099
:10D34000A280FFE71198D0F8800000682821C4F27D
:10D350000201884200F09780FFE71198D0F8800022
:10D3600000684021C4F20201884200F08C80FFE78F
:10D370001198D0F8800000685821C4F20201884258
:10D3800000F08180FFE71198D0F8800000687021DC
:10D39000C4F20201884276D0FFE71198D0F88000ED
:10D3A00000688821C4F2020188426CD0FFE711981E
:10D3B000D0F880000068A021C4F20201884262D047
:10D3C000FFE71198D0F880000068B821C4F202018C
:10D3D000884258D0FFE71198D0F88000006840F2EA
:10D3E0001041C4F2020188424DD0FFE71198D0F8F5
:10D3F0008000006840F22841C4F20201884242D015
:10D40000FFE71198D0F88000006840F24041C4F274
:10D410000201884237D0FFE71198D0F880000068F9
:10D4200040F25841C4F2020188422CD0FFE7119823
:10D43000D0F88000006840F27041C4F202018842D6
:10D4400021D0FFE71198D0F88000006840F28841B1
:10D45000C4F20201884216D0FFE71198D0F880008C
:10D46000006840F2A041C4F2020188420BD0FFE7FD
:10D470001198D0F88000006840F2B841C4F202016F
:10D48000884207D1FFE71198D0F880000068406813
:10D49000019006E01198D0F8800000684068019083
:10D4A000FFE70198ADF82A00BDF82A0000287BD0DC
:10D4B000FFE7BDF82A001199B1F85C10884273DAD1
:10D4C000FFE7BDF82A001199A1F85E001198D0F885
:10D4D0008000C069B0F5807F59D0FFE7FFE7FFE724
:10D4E0001198006850E8000F20F480700990FFE761
:10D4F00009991198026842E800100028F0D1FFE76E
:10D50000FFE7FFE7FFE71198006850E8020F20F0FF
:10D5100001000890FFE708991198026842E802109C
:10D520000028F0D1FFE7FFE7FFE7FFE71198006869
:10D5300050E8020F20F040000790FFE7079911988C
:10D54000026842E802100028F0D1FFE7FFE71199D6
:10D550002020C1F88C0011990020C866FFE7FFE782
:10D560001198006850E8000F20F010000690FFE7C7
:10D5700006991198026842E800100028F0D1FFE7F0
:10D58000FFE71198D0F88000F4F7A2F9FFE71199AE
:10D59000022008671198B0F85C10B0F85E20891A74
:10D5A00089B2FFF70DFAFFE7C0E01199B1F85C000E
:10D5B000B1F85E10401AADF816001198B0F85E0090
:10D5C000002853D0FFE7BDF8160000284ED0FFE733
:10D5D000FFE7FFE71198006850E8000F20F4907013
:10D5E0000490FFE704991198026842E800100028AF
:10D5F000F0D1FFE7FFE7FFE7FFE71198006850E889
:10D60000020F4FF6FE71CEF6FF7108400390FFE760
:10D6100003991198026842E802100028EDD1FFE753
:10D62000FFE711992020C1F88C0011990020C866ED
:10D6300011994867FFE7FFE71198006850E8000F6D
:10D6400020F010000290FFE702991198026842E86A
:10D6500000100028F0D1FFE7FFE7119902200867CA
:10D660001198BDF81610FFF7ABF9FFE75EE09DF8E3
:10D670004200C00600280FD5FFE79DF83A0040069B
:10D68000002809D5FFE7119801684FF4801008625F
:10D690001198FFF7E1FC49E09DF8400000060028E2
:10D6A00015D5FFE79DF83C000006002806D4FFE7EB
:10D6B0009DF83A000006002809D5FFE71198806F11
:10D6C00020B1FFE71198816F8847FFE72EE09DF8B2
:10D6D0004000400600280AD5FFE79DF83C004006C0
:10D6E000002804D5FFE7119804F0D2FD1EE09DF854
:10D6F0004200000600280AD5FFE79DF83F004006DB
:10D70000002804D5FFE71198FFF7A2FC0EE09DF872
:10D710004300C00750B1FFE79DF83F000006002816
:10D7200004D5FFE71198FFF7FFFBFFE712B080BDBC
:10D7300080B582B00090009820B9FFE701208DF8F5
:10D74000070046E00098806908B1FFE700E0FFE7C6
:10D750000098D0F8880040B9FFE70099002081F8D0
:10D760008400009800F03CF8FFE700992420C1F8FD
:10D77000880000980168086820F00100086000989F
:10D78000806A20B1FFE7009804F0B2FAFFE7009842
:10D7900005F046F8012804D1FFE701208DF80700C5
:10D7A00017E000980168486820F4904048600098AD
:10D7B0000168886820F02A0088600098016808687D
:10D7C00040F001000860009804F036FB8DF8070077
:10D7D000FFE79DF8070002B080BD000000000000D8
:10D7E00080B5E0B05F9000205E905D905C905B90B3
:10D7F0005A902CA8B821F2F7D3FD5F98006845F243
:10D800000001C4F20001884240F09880FFE7002048
:10D810002D9002212C9149902CA8FAF7EDFC18B11B
:10D82000FFE7F3F745FEFFE7FFE744F2E840C5F600
:10D830000200016841F480110160006800F480106A
:10D840002B902B98FFE7FFE744F2E040C5F602007B
:10D85000016841F004010160006800F004002A90B2
:10D860002A98FFE7FFE744F2E040C5F602000168AE
:10D8700041F008010160006800F008002990299833
:10D88000FFE74FF480505A9002201A905B900020DE
:10D890001D905C905D9008201B905E9040F600000B
:10D8A000C5F602005AA91C91F8F706FD1A9B1B98B1
:10D8B0001C991D9A4FF0040CCDF868C15B935C92E3
:10D8C0005D925E9040F60040C5F60200F8F7F4FC69
:10D8D0001D9944F6D830C2F200401E901022C4F2C6
:10D8E00002020260412242608160C1604FF48062A6
:10D8F0000261416181614FF48072C2614FF4403234
:10D9000002624162F6F7E0F818B1FFE7F3F7D0FDE5
:10D91000FFE7FFE75F9844F6D831C2F20041C0F854
:10D9200080105F988863FFE735201990032100225B
:10D93000F8F782FF1998F8F773FF42E35F980068E1
:10D9400047F60001C4F20001884271D1FFE70020D0
:10D950002D9002212C9149902CA8FAF74DFC18B17A
:10D96000FFE7F3F7A5FDFFE7FFE744F2E840C5F660
:10D970000200016841F080410160006800F08040D1
:10D9800028902898FFE7FFE744F2E040C5F6020040
:10D99000016841F010010160006800F0100027905C
:10D9A0002798FFE74FF4C0705A9002205B90002048
:10D9B00017905C905D9007205E9041F20000C5F6E4
:10D9C00002005AA9F8F778FC179944F65040C2F2C1
:10D9D000004018908822C4F2020202604F22426086
:10D9E0008160C1604FF480620261416181614FF4E6
:10D9F0008072C26101624162F6F766F818B1FFE712
:10DA0000F3F756FDFFE7FFE75F9844F65041C2F297
:10DA10000041C0F880105F988863FFE7522016909D
:10DA200002210122F8F708FF1698F8F7F9FEC7E27D
:10DA30005F98006847F60041C4F20001884240F058
:10DA40009980FFE700202D9002212C9149902CA86D
:10DA5000FAF7D2FB18B1FFE7F3F72AFDFFE7FFE77C
:10DA600044F2E840C5F60200016841F0004101605F
:10DA7000006800F0004026902698FFE7FFE744F298
:10DA8000E040C5F60200016841F010010160006845
:10DA900000F0100025902598FFE703205A900220FF
:10DAA0005B90002014905C905D9008205E9041F2A5
:10DAB0000000C5F602005AA9F8F7FEFB149944F6D7
:10DAC000C840C2F200401590A022C4F202020260D7
:10DAD000512242608160C1604FF480620261416105
:10DAE00081614FF48072C26101624162F5F7ECFF1F
:10DAF00018B1FFE7F3F7DCFCFFE7FFE75F9844F6B8
:10DB0000C841C2F20041C0F880105F988863FFE707
:10DB100044F64050C2F200401390B821C4F2020112
:10DB2000016052214160402181600021C1604FF4B9
:10DB30008062026141618161C16101624162F5F708
:10DB4000C3FF18B1FFE7F3F7B3FCFFE7FFE75F9808
:10DB500044F64051C2F20041C1675F988863FFE715
:10DB60005320129002210022F8F766FE1298F8F76F
:10DB700057FE24E25F98006841F60001C4F20101FB
:10DB8000884240F09B80FFE700202D9001212C91DE
:10DB90004A902CA8FAF730FB18B1FFE7F3F788FC9E
:10DBA000FFE7FFE744F2F040C5F60200016841F0EC
:10DBB00040010160006800F0400024902498FFE7D5
:10DBC000FFE744F2E040C5F60200016841F00801B9
:10DBD0000160006800F0080023902398FFE74FF4ED
:10DBE00040405A9002205B90002010905C905D9025
:10DBF0000B205E9040F60040C5F602005AA9F8F7E7
:10DC00005BFB109944F6B850C2F20040119040F20C
:10DC10001042C4F202020260742242608160C1605C
:10DC20004FF480620261416181614FF48072C26190
:10DC300001624162F5F748FF18B1FFE7F3F738FCDE
:10DC4000FFE7FFE75F9844F6B851C2F20041C0F821
:10DC500080105F988863FFE744F63060C2F20040AE
:10DC60000F907021C4F202010160752141604021D2
:10DC700081600021C1604FF4806202614161816175
:10DC8000C16101624162F5F71FFF18B1FFE7F3F7C9
:10DC90000FFCFFE7FFE75F9844F63061C2F20041F6
:10DCA000C1675F988863FFE79B200E9001210022E7
:10DCB000F8F7C2FD0E98F8F7B3FD7FE15F980068B2
:10DCC00041F20001C4F20101884240F0A980FFE75F
:10DCD00000202D9001212C914A902CA8FAF78CFA63
:10DCE00018B1FFE7F3F7E4FBFFE7FFE744F2F0408A
:10DCF000C5F60200016841F010010160006800F003
:10DD0000100022902298FFE7FFE744F2E040C5F6BA
:10DD10000200016841F001010160006800F00100AB
:10DD200021902198FFE74FF4C0605A9002205B9049
:10DD300000200C905C9003200B905D9007205E907B
:10DD40000020C5F602005AA9F8F7B6FA0B9A0C990A
:10DD500044F69870C2F200400D9040F22843C4F29D
:10DD600002030360292343608160C1604FF4806334
:10DD7000036141618161C1614FF400330362042397
:10DD800043628262C1620163F5F79EFE18B1FFE74C
:10DD9000F3F78EFBFFE7FFE75F9844F69871C2F256
:10DDA0000041C0F880105F988863FFE745F21000DB
:10DDB000C2F200400A9040F24041C4F20201016008
:10DDC0002A214160402181600021C1604FF48062BE
:10DDD000026141618161C1614FF4803202620422BB
:10DDE000426203228262C1620163F5F76DFE18B1DF
:10DDF000FFE7F3F75DFBFFE7FFE75F9845F21001F0
:10DE0000C2F20041C1675F988863FFE7252009904F
:10DE100002210022F8F710FD0998F8F701FDCCE087
:10DE20005F98006841F60041C4F20101884240F069
:10DE3000C380FFE700202D9001212C914A902CA84F
:10DE4000FAF7DAF918B1FFE7F3F732FBFFE7FFE77C
:10DE500044F2F040C5F60200016841F08001016023
:10DE6000006800F0800020902098FFE7FFE744F270
:10DE7000E040C5F60200016841F010010160006851
:10DE800000F010001F901F98FFE7042005905A90A3
:10DE9000022102915B91002107915C91032106917F
:10DEA0005D915E9041F20000C5F6020003905AA910
:10DEB0000491F8F701FADDF808C003980499069A6E
:10DEC000079B4FF0080ECDF868E1CDF86CC15C936C
:10DED0005D920B225E92F8F7EFF9059B069A07997F
:10DEE00044F6A860C2F20040089040F2580CC4F218
:10DEF000020CC0F800C04FF0760CC0F804C081607E
:10DF0000C1604FF4806CC0F810C041618161C16193
:10DF10004FF4003CC0F820C043628262C1620163DA
:10DF2000F5F7D2FD18B1FFE7F3F7C2FAFFE7FFE715
:10DF30005F9844F6A861C2F20041C0F880105F9873
:10DF40008863FFE744F62070C2F20040019040F27F
:10DF50007041C4F20201016077214160402181607B
:10DF60000021C1604FF48062026141618161C16141
:10DF70004FF4003202620422426203228262C162D2
:10DF80000163F5F7A1FD18B1FFE7F3F791FAFFE799
:10DF9000FFE75F9844F62071C2F20041C1675F98C5
:10DFA0008863FFE79C20009001210022F8F744FCE1
:10DFB0000098F8F735FCFFE7FFE7FFE7FFE7FFE72B
:10DFC000FFE760B080BD000081B0009001B07047F5
:10DFD00081B0009001B0704780B586B00490039185
:10DFE000ADF80A200498D0F88800202870D1FFE707
:10DFF000039820B1FFE7BDF80A0020B9FFE7012030
:10E000008DF8170068E0039804990865BDF80A00C8
:10E010000499A1F85400BDF80A000499A1F856002B
:10E0200004990020C1F8900004992120C1F88800CB
:10E030000498C06F88B3FFE70498C16F42F259108B
:10E04000C0F60100C8630498C16F42F2D910C0F64F
:10E05000010008640498C16F41F6A970C0F6010080
:10E06000C8640498C16F0020086504980268016DB7
:10E07000C06F2832BDF80A30F6F7D6F960B1FFE775
:10E0800004991020C1F8900004992020C1F888005C
:10E0900001208DF817001FE0FFE704980168402079
:10E0A0000862FFE7FFE70498006850E8020F40F0BD
:10E0B00080000190FFE701990498026842E802108D
:10E0C0000028F0D1FFE7FFE700208DF8170003E0FC
:10E0D00002208DF81700FFE79DF8170006B080BDFD
:10E0E00080B582B00190019845F69811C2F20041C6
:10E0F00088420BD1FFE742F69831C2F2004100207E
:10E1000008700DF039F80DF05BF8FFE702B080BD44
:10E1100081B0009001B07047FFE7FEE7000000000B
:10E1200080B58AB08DED090ACDED080A8DED071A8C
:10E13000CDED061A8DED052ACDED042A0390039945
:10E140000120087009980399C1F8B401089803994F
:10E15000C1F8B80107980399C1F8BC0103994CF6BE
:10E160007740C3F22B20C1F8D0010399002081F839
:10E1700038010399C1F84401C1F840010399C1F87D
:10E180004C01C1F8480104980399C1F8AC019DED18
:10E19000060AB7EE001AB4EE410AF1EE10FA04DDF9
:10E1A000FFE74FF07E500690FFE706980399C1F80D
:10E1B000D40105980399C1F8900103980430062111
:10E1C00000220092032300F09FFB039901F5E27007
:10E1D00001F5E67301220192114614F0A5FE0099A3
:10E1E0000198039AD2F8EC304FF07E521A60039AED
:10E1F000D2F8EC205160039AD2F8EC209160039A97
:10E20000D2F8EC20D160039A4BF2B131C0F6010193
:10E21000C2F8D010039A4BF6E111C0F60101C2F822
:10E22000D410039A4BF23121C0F60101C2F8D81084
:10E23000039A4BF20141C0F60101C2F8DC100399C8
:10E2400081F82E00039981F82F000398D0F804017B
:10E2500045F24C41C0F6020190220292F2F787F893
:10E26000029A0398D0F8FC0040F21831C2F2004143
:10E27000F2F77DF80AB080BD80B590B009A906918B
:10E2800081ED060AC1ED050A81ED041AC1ED031AFC
:10E2900081ED022AC1ED012A81ED003A089008982B
:10E2A000007880B9FFE70898B2EE040ADFEDD20AE1
:10E2B0009FEDD21AF7EE001ADFEDD12AB0EE622AF6
:10E2C000FFF72EFFFFE706980999089AC2F8C011D8
:10E2D00090ED060A089991ED581A30EE410A81ED49
:10E2E0005B0A90ED050A089991ED591A30EE410A42
:10E2F00081ED5C0A90ED040A089991ED5A1A30EE0E
:10E30000410A81ED5D0A089991ED5B0AB6EE001AAB
:10E3100020EE010A90ED002A20EE020A42F6FC519E
:10E32000C2F20041059181ED000A089991ED5C0A65
:10E3300020EE010A90ED002A20EE020A42F600616A
:10E34000C2F20041049181ED000A089991ED5D0A45
:10E3500020EE010A90ED001A20EE010A42F6046058
:10E36000C2F20040039080ED000A0898D0F8040142
:10E3700045F24C41C0F602019022F1F7F8FF039AF2
:10E380000499059890ED000AB1EE400A089BD3F875
:10E39000043183ED010A91ED000AB1EE400A089BB9
:10E3A000D3F8043183ED020A92ED000AB1EE400A7F
:10E3B000089BD3F8043183ED030A0368DDF820C01D
:10E3C000DCF804C1CCF818301368DDF820C0DCF8A4
:10E3D00004C1CCF8203091ED000AB1EE400A089B50
:10E3E000D3F8043183ED090A0B68DDF820C0DCF8AE
:10E3F00004C1CCF8303092ED000AB1EE400A089B1F
:10E40000D3F8043183ED0D0A0368DDF820C0DCF891
:10E4100004C1CCF83C301268089BD3F804319A64EC
:10E420000968089AD2F80421D16490ED000AB1EE8F
:10E43000400A0898D0F8040180ED140A0899D1F830
:10E440004801D1F84C11084368B9FFE70C980899C6
:10E45000C1F878010B980899C1F87C010A980899CD
:10E46000C1F88001FFE70699089890ED5E0A90EDEB
:10E47000641A90ED703A20EE010A33EE012A80EE24
:10E48000020A91ED031A21EE031A81EE021A30EE10
:10E49000010A80ED5E0A089890ED5F0A90ED641A1B
:10E4A00090ED703A20EE010A33EE012A80EE020A66
:10E4B00091ED021A21EE031A81EE021A30EE010AE2
:10E4C00080ED5F0A089890ED600A90ED641A90ED77
:10E4D000703A20EE010A33EE012A80EE020A91ED35
:10E4E000011A21EE031A81EE021A30EE010A80EDC4
:10E4F000600A089890ED5E2A90ED5F0A90ED601A30
:10E5000020EE000AA2EE020AA1EE010A0DF0B4FB11
:10E5100042F6F850C2F2004080ED000A00208DF86B
:10E520001F00FFE79DF81F0002281BDCFFE708988B
:10E530009DF81F1000EB810292ED5E0A42F6F85240
:10E54000C2F2004292ED001A20EE010A806800EB50
:10E55000810080ED000AFFE79DF81F0001308DF873
:10E560001F00DFE7089890ED5B2A90ED5C0A90EDC4
:10E570005D1A20EE000AA2EE020AA1EE010A0DF0D9
:10E580007BFBB0EE401AB7EE000A80EE011A089845
:10E5900080ED651A42F6F850C2F2004090ED001A84
:10E5A00080EE010A089880ED660A089890ED650AE9
:10E5B0009FEDAE1AB4EE410AF1EE10FA22DAFFE74F
:10E5C000089890ED660A9FEDAA1AB4EE410AF1EEA2
:10E5D00010FA17DDFFE7089890ED660A9FEDA51A7F
:10E5E000B4EE410AF1EE10FA0CDAFFE708990120C7
:10E5F00081F839010BE000BF6F12833A8096184B07
:10E60000000000000899002081F83901FFE7089810
:10E6100090ED6D0A90ED701A20EE010AD0F8180105
:10E6200080ED000A089890ED6D0A90ED701A20EECA
:10E63000010AD0F8180180ED070A089890ED6D0ADC
:10E6400090ED701A20EE010AD0F8180180ED0E0A44
:10E65000089890ED6D0A90ED701A20EE010AD0F83E
:10E66000180180ED150A089890ED6E0A90ED701A69
:10E6700020EE010AD0F8180180ED1C0A089890EDF0
:10E680006E0A90ED701A20EE010AD0F8180180EDA4
:10E69000230A0898D0F81C11D0F8BC01086008982B
:10E6A000D0F81C11D0F8BC0108610898D0F81C11F2
:10E6B000D0F8BC0108620899081D00F055FD0899C2
:10E6C00048680068C1F85001089948684068C1F876
:10E6D0005401089948688068C1F858010899486849
:10E6E000C068C1F85C01089948680069C1F8600118
:10E6F000089948684069C1F864010899D1F8AC01EB
:10E70000C1F86801089890ED542A90ED551A90EDE3
:10E71000560A90ED573A21EE000AA2EE030A30EEB7
:10E72000000A21EE011AA2EE021AB0EE002A8DEDC7
:10E73000012AFFEE000ACDED000AE1EE020A15F013
:10E74000BFFBDDED000A9DED012A9FED4B1A8DED1B
:10E75000021A20EE010A089880ED6A0A089890EDE6
:10E76000543A90ED554A90ED560A90ED571A20EE26
:10E77000010AA3EE040A30EE000A21EE011AA3EE0C
:10E78000031AE1EE020A15F09BFB9DED021A20EE42
:10E79000010A089880ED690A089890ED540A90EDF6
:10E7A000551A90ED563A90ED572A20EE030A91EE55
:10E7B000020AB8EE001A20EE010A15F0EBFA9DED00
:10E7C000021A20EE010A089880ED680A089890ED78
:10E7D0006A0A90ED771A30EE410A9FED281AB4EEDE
:10E7E000410AF1EE10FA07DDFFE70899B1F8D80108
:10E7F0000138A1F8D80116E0089890ED6A0A90ED6A
:10E80000771A30EE410A9FED1E1AB4EE410AF1EE7E
:10E8100010FA07DAFFE70899B1F8D8010130A1F83A
:10E82000D801FFE7FFE70898B0F9D81100EE101AF9
:10E83000B8EEC01A90ED6A0A9FED122AA1EE020A04
:10E8400080ED6C0A0899D1F8A801C1F8DC0108999B
:10E85000D1F84821D1F84C01013240F10000C1F853
:10E860004821C1F84C0110B080BD00BF9A99993E73
:10E87000CDCC1441CDCC2441E12E6542000034437F
:10E88000000034C30000B44383B0029001918DF8BE
:10E89000032000208DF802008DF80200FFE79DF8AC
:10E8A00002009DF80310884229DAFFE70298000F62
:10E8B000092809D8FFE70298000F303001999DF828
:10E8C000022001F8120009E00299372000EB1170D4
:10E8D00001999DF8022001F81200FFE7029800015B
:10E8E000029001989DF8021000EB41010020487051
:10E8F000FFE79DF8020001308DF80200CFE703B07A
:10E90000704700000000000080B58AB009908DF8C3
:10E9100023108DF822208DF8213045F6AA41C2F24D
:10E92000004106910420088045F6A841C2F200414A
:10E93000082008809DF82300099908739DF822009B
:10E94000099948739DF82100099988730999002055
:10E9500008749DF8210016F049FB0999486109984F
:10E9600040699DF82110F1F71BFD069800889DF87D
:10E970002110484316F03AFB0699099A90610998CC
:10E98000806909889DF821205143F1F709FD069817
:10E9900000889DF82110484316F028FB0699099A33
:10E9A000D0610998C06909889DF821205143F1F789
:10E9B000F7FC069800889DF82310484316F016FBD4
:10E9C0000699099A10620998006A09889DF823201F
:10E9D0005143F1F7E5FC9DF8210016F007FB09997A
:10E9E00048620998406A9DF82110F1F7D9FC069811
:10E9F00000889DF82310484316F0F8FA0699099A02
:10EA000010600998006809889DF823205143F1F7A8
:10EA1000C7FC069800889DF82110484316F0E6FAD6
:10EA20000699099A50600998406809889DF8212044
:10EA30005143F1F7B5FC069800889DF82210484331
:10EA400016F0D4FA0699099A9060099880680988A6
:10EA50009DF822205143F1F7A3FC069800889DF809
:10EA60002310484316F0C2FA0699099AC2F8E80042
:10EA70000998D0F8E80009889DF823205143F1F760
:10EA80008FFC099A02F13000117BD2F8E8300122A4
:10EA9000079214F049FA069800889DF8231048431D
:10EAA00016F0A4FA0699099AC2F8EC000998D0F871
:10EAB000EC0009889DF823205143F1F771FC079A77
:10EAC000099B03F13800197BD3F8EC3014F02CFAD1
:10EAD0009DF8220010B3FFE745F6AA40C2F20040BD
:10EAE000059000889DF82210484316F07FFA05999A
:10EAF000099AC2F8F0000998D0F8F00009889DF84A
:10EB000022205143F1F74CFC099A02F14000517B5D
:10EB1000D2F8F030012214F007FAFFE745F6AA40D8
:10EB2000C2F20040049000889DF82110484316F07E
:10EB30005DFA0499099AC2F8F4000998D0F8F40033
:10EB400009889DF821205143F1F72AFC099A02F126
:10EB50004800917BD2F8F430012214F0E5F90498D2
:10EB600000889DF823104843484316F03FFA049963
:10EB7000099AC2F8F8000998D0F8F80009889DF8B9
:10EB8000232051435143F1F70BFC099901F1500047
:10EB90000A7BD1F8F830114614F0C6F904980088C1
:10EBA0009DF823104843484316F020FA0499099A27
:10EBB000C2F8FC000998D0F8FC0009889DF82320D1
:10EBC00051435143F1F7ECFB099901F158000A7BDD
:10EBD000D1F8FC30114614F0A7F9049800889DF88C
:10EBE00023104843484316F001FA01460498099A55
:10EBF000C2F8001100889DF823104843484316F0DE
:10EC0000F5F90499099AC2F804010998D0F80001AD
:10EC100009889DF8232051435143F1F7C1FB049922
:10EC20000998D0F8040109889DF8232051435143E5
:10EC3000F1F7B6FB099901F160000A7BD1F80031C8
:10EC4000114614F071F9099901F168000A7BD1F8B5
:10EC50000431114614F068F99DF8220040B3FFE733
:10EC600045F6AA40C2F20040039000889DF82310A8
:10EC700048439DF82210484316F0B8F90399099AC1
:10EC8000C2F808010998D0F8080109889DF82320E6
:10EC900051439DF822205143F1F782FB099B03F178
:10ECA0007000197B5A7BD3F8083114F03DF9FFE767
:10ECB00045F6AA40C2F20040019000889DF821105C
:10ECC00048439DF82310484316F090F901460198F7
:10ECD000099AC2F80C1100889DF8231048439DF84A
:10ECE0002110484316F082F90199099AC2F81001DF
:10ECF0000998D0F80C0109889DF8212051439DF80E
:10ED000023205143F1F74CFB01990998D0F81001E9
:10ED100009889DF8232051439DF821205143F1F7A4
:10ED20003FFB099B03F178001A7B997BD3F80C31E8
:10ED300014F0FAF8099B03F18000197B9A7BD3F851
:10ED4000103114F0F1F8019800889DF82310484321
:10ED5000484316F04BF90199099AC2F81401099831
:10ED6000D0F8140109889DF8232051435143F1F74D
:10ED700017FB099901F188000A7BD1F8143111467B
:10ED800014F0D2F8019800889DF8211048434843B8
:10ED900016F02CF90199099AC2F818010998D0F8CF
:10EDA000180109889DF8212051435143F1F7F8FAE1
:10EDB000099901F190008A7BD1F81831114614F0BD
:10EDC000B3F8019800889DF8231048439DF821105E
:10EDD000484316F00BF90199099AC2F81C010998E9
:10EDE000D0F81C0109889DF8232051439DF821206B
:10EDF0005143F1F7D5FA099B03F19800197B9A7BEF
:10EE0000D3F81C3114F090F8019800880999097B17
:10EE10004843484316F0EAF801460198099AC2F8B7
:10EE2000201100880999097B4843484316F0DEF811
:10EE300001460198099AC2F8241100880999097BB2
:10EE40004843484316F0D2F801460198099AC2F89F
:10EE5000281100880999097B484316F0C7F8014634
:10EE60000198099AC2F82C1100880999097B484336
:10EE700016F0BCF80999C1F83001099901F1A00018
:10EE80000A7BD1F82031114614F04EF8099901F1AE
:10EE9000A8000A7BD1F82431114614F045F80999ED
:10EEA00001F1B0000A7BD1F82831114614F03CF88A
:10EEB000099A02F1B800117BD2F82C31012202929A
:10EEC00014F032F8029A099B03F1C000197BD3F8C1
:10EED000303114F029F80999002081F828000999A7
:10EEE00081F82900099981F82A00099981F82B00F5
:10EEF000099981F82C000AB080BD000000000000D4
:10EF000080B582B001900198C07B20B1FFE70198E5
:10EF10000CF06AF816E0019BD3F8F400596845F646
:10EF2000AA42C2F20042009212889B7B5A43F1F738
:10EF30001EFA0099019A50680988927B5143F1F7B3
:10EF40002FFAFFE7019BD3F8F000996845F6AA4233
:10EF5000C2F2004212885B7B5A43F1F708FA02B012
:10EF600080BD00000000000080B582B001900198D3
:10EF700090F82C00B0BBFFE70199B1F89800A1F818
:10EF8000A8000199B1F87A00A1F8AA000199B1F896
:10EF9000A800A1F8B0000199B1F85A00A1F8B20098
:10EFA000019A02F1980002F17801A83214F0B0FA47
:10EFB000019981F8C800019A02F1A80002F15801F4
:10EFC000B03214F0A5FA019981F8C800019A02F153
:10EFD000580002F1B001503214F056FB019981F84B
:10EFE000C800FFE702B080BD80B582B001900198F3
:10EFF00090F82900A8BBFFE7019901F16000683192
:10F0000014F076FB019981F8C800019A02F16000C2
:10F0100002F15001583214F07BFA019981F8C800CE
:10F020000199B1F85800A1F8A8000199B1F86A0057
:10F03000A1F8AA00019A02F1580002F16801A83271
:10F0400014F066FA019981F8C800019A02F1A8004B
:10F0500002F18801583213F033FF019981F8C8009A
:10F06000FFE702B080BD000080B582B0019001983A
:10F0700090F82A00002872D1FFE7019901F1780089
:10F08000803114F035FB019981F8C8000199B1F87D
:10F090007800A1F8A8000199B1F85A00A1F8AA00D7
:10F0A000019A02F1780002F15801A83214F030FA06
:10F0B000019981F8C8000199B1F8A800A1F8B00041
:10F0C0000199B1F88200A1F8B200019A02F1A800FA
:10F0D00002F18001B03214F01BFA019981F8C800E6
:10F0E0000199B1F89000A1F8A0000199B1F892003F
:10F0F000A1F8A200019A02F1B00002F19001A03241
:10F1000013F0DEFE019981F8C800019901F1A00019
:10F11000B03113F01DFF019981F8C8000199B1F8D1
:10F120005800A1F8A8000199B1F88200A1F8AA003E
:10F13000019A02F1580002F18001A83214F0E8F9B6
:10F14000019981F8C800019A02F1A80002F1B0010A
:10F15000983214F0DDF9019981F8C800FFE702B098
:10F1600080BD00000000000080B584B003900291D3
:10F170000398FFF7C5FE0398D0F8CC0030B1FFE745
:10F180000398D0F8CC2002999047FFE7039800F04D
:10F19000BBF80398D0F8D00030B1FFE70398D0F85F
:10F1A000D02002999047FFE70398FFF71DFF0398CF
:10F1B000D0F8D40030B1FFE70398D0F8D4200299FA
:10F1C0009047FFE70398007C20B9FFE70398C07BD6
:10F1D00000BBFFE70398FFF747FF0398D0F8D8007C
:10F1E00030B1FFE70398D0F8D82002999047FFE7A5
:10F1F000039800F0DDF80398D0F8DC0030B1FFE7A9
:10F200000398D0F8DC2002999047FFE70398FFF7B6
:10F21000ABFE1BE0039BD3F8E800D3F8EC1045F6F7
:10F22000AA42C2F20042009212881B7B5A43F1F7B5
:10F230009EF8009A039BD3F8F800D3F8FC101288CC
:10F240001B7B5A435A43F1F792F8FFE70398D0F833
:10F25000E00030B1FFE70398D0F8E0200299904732
:10F26000FFE700208DF80700FFE79DF807000399EE
:10F27000097B88422CDAFFE70398D0F8F8209DF844
:10F280000710037B11FB031302EB830292ED000ACC
:10F29000006A00EB810090ED001AB4EE410AF1EE35
:10F2A00010FA0EDAFFE7039B186A9DF8072050F862
:10F2B0002200D3F8F8101B7B12FB032241F8220036
:10F2C000FFE7FFE79DF8070001308DF80700CCE766
:10F2D000039B1868D3F8E81045F6AA42C2F2004230
:10F2E00012881B7B5A43F1F742F80398D0F8E400E8
:10F2F00030B1FFE70398D0F8E42002999047FFE788
:10F300000398006804B080BD80B582B00190019878
:10F3100090F82800002846D1FFE70198407B01289B
:10F3200034DBFFE70199087BA1F8B80001990120BF
:10F330000090A1F8BA00019A02F1600002F13001D8
:10F34000B83214F0E5F801460098019A82F8C81026
:10F35000019A117BA2F8C0100199A1F8C200019A8C
:10F3600002F1700002F14001C03214F0D1F80199AD
:10F3700081F8C800019A02F1B80002F1C0013832E8
:10F3800013F09EFD019981F8C8000BE0019A02F18B
:10F39000600002F13001383214F0BAF8019981F8B6
:10F3A000C800FFE7FFE702B080BD000000000000DA
:10F3B00080B582B00190019890F82B0000284BD1C5
:10F3C000FFE70199B1F87800A1F8B8000199012090
:10F3D0000090A1F8BA00019A02F1780002F1380118
:10F3E000B83214F095F801460098019A82F8C810D6
:10F3F000019AB2F84810A2F8C0100199A1F8C20011
:10F40000019A02F1480002F1B801C03214F03CF94F
:10F4100001460098019A82F8C810019AB2F8981033
:10F42000A2F8B8100199A1F8BA00019A02F1980067
:10F4300002F1C001B83214F06BF8019981F8C800EC
:10F44000019A02F1380002F1B801303213F038FDB0
:10F45000019981F8C800FFE702B080BD00000000FC
:10F4600080B592B0FFE744F2D840C5F602000168CB
:10F4700041F001010160006800F001001190119855
:10F48000FFE7FFE744F2D840C5F60200016841F00B
:10F4900002010160006800F0020010901098FFE780
:10F4A0000B20019003210B9101220C92F7F7C4F974
:10F4B0000198F7F7B5F90B990C9A0C200290F7F721
:10F4C000BBF90298F7F7ACF90B990C9A0D20039051
:10F4D000F7F7B2F90398F7F7A3F90B990C9A0E20F6
:10F4E0000490F7F7A9F90498F7F79AF90B990C9A91
:10F4F0000F200590F7F7A0F90598F7F791F90B9908
:10F500000C9A10200690F7F797F90698F7F788F904
:10F510000B990C9A11200790F7F78EF90798F7F7D7
:10F520007FF90C9A2F20089000210E91F7F784F9AB
:10F530000898F7F775F90B990C9A38200990F7F7A6
:10F540007BF90998F7F76CF90B990C9A39200A9016
:10F55000F7F772F90A98F7F763F90B990C9A3A20C2
:10F560000D90F7F769F90D98F7F75AF90E9A3C20C4
:10F570000F901146F7F760F90F98F7F751F912B0AD
:10F5800080BD00000000000080B582B045F2880018
:10F59000C2F2004000904AF20001C4F20001016092
:10F5A000002201928260C26002744274012181745F
:10F5B0004FF0030EC0F814E00A2383614FF01D0CD6
:10F5C000C0F81CC00362C0F824E08362C0F82CC0FD
:10F5D000036342638163C2630C23036404214164B7
:10F5E0008264C164026541658265C26503664266E4
:10F5F0008166F6F77DF918B1FFE7F1F759FFFFE7EC
:10F6000002B080BD0000000080B582B045F2281035
:10F61000C2F2004000904AF20041C4F200010160D1
:10F62000002201928260C2600274427401218174DE
:10F630004FF0030EC0F814E00A2383614FF01D0C55
:10F64000C0F81CC00362C0F824E08362C0F82CC07C
:10F65000036340F2563343638163C263026404214F
:10F6600041640C238364C164026541658265C2659F
:10F67000036642668166F6F73BF918B1FFE7F1F7DA
:10F6800017FFFFE702B080BD80B582B045F2C81019
:10F69000C2F2004000904DF20041C4F2000101604E
:10F6A000002201928260C26002744274012181745E
:10F6B0004FF0030EC0F814E00A2383614FF01D0CD5
:10F6C000C0F81CC00362C0F824E08362C0F82CC0FC
:10F6D000036340F2AB6343638163C2630C2303643F
:10F6E000042141648264C164026541658265C2652A
:10F6F000036642668166F6F7FBF818B1FFE7F1F79B
:10F70000D7FEFFE702B080BD80B592B00020119017
:10F7100010900F900E900D90FFE744F2E040C5F678
:10F720000200016841F010010160006800F0100063
:10F730000C900C98FFE7FFE744F2E040C5F60200AA
:10F74000016841F004010160006800F004000B90C2
:10F750000B98FFE7FFE744F2E040C5F602000168BE
:10F7600041F080010160006800F080000A900A9872
:10F77000FFE7FFE744F2E040C5F60200016841F010
:10F7800001010160006800F0010009900998FFE79D
:10F79000FFE744F2E040C5F60200016841F00201D3
:10F7A0000160006800F0020008900898FFE7FFE79A
:10F7B00044F2E040C5F60200016841F00801016032
:10F7C000006800F0080007900798FFE740F6000087
:10F7D000C5F60200009048F2090101220392F6F7F3
:10F7E00053FF03990020C5F6020002900022059203
:10F7F000F6F74AFF0098039A05994FF400430D93DA
:10F800000E920F9110910DA90491F6F755FD0098F5
:10F81000039A049909230D930E920F9202220192EA
:10F820001092F6F749FD019A0298DDF80CC0049990
:10F83000059BCDF834C04FF0110CCDF838C00F93B4
:10F840001092F6F739FD039804994FF4A0520D92E7
:10F850004FF404120E920F9041F20000C5F6020020
:10F86000F6F72AFD059A282006901146F6F7E4FFE0
:10F870000698F6F7D5FF12B080BD0000000000002A
:10F8800080B582B045F24C70C2F20040009043F661
:10F890000001C4F2000101604FF4800141600021C9
:10F8A000019181600722C2604FF0007202614FF047
:10F8B000807242614FF0806282614FF04052C261BB
:10F8C000016241628162C1624FF0804242638163A2
:10F8D000C163016441648164C164016541658165FE
:10F8E000FAF77EFF18B1FFE7F1F7E2FDFFE702B09C
:10F8F00080BD00000000000080B590B000210191A3
:10F900000F910E910D910C910B910A910991089113
:10F9100007910691059104910391029145F2D470EB
:10F92000C2F2004041F60002C4F200020260EF227F
:10F930004260816040F2E732C26001618161FBF7A1
:10F94000F7FF18B1FFE7F1F7B3FDFFE74FF4805081
:10F950000C9045F2D470C2F200400CA9FCF750F9AB
:10F9600018B1FFE7F1F7A4FDFFE745F2D470C2F24A
:10F970000040FCF791FC18B1FFE7F1F799FDFFE7B4
:10F98000002009900B9045F2D470C2F2004009A902
:10F99000FBF70EFF18B1FFE7F1F78AFDFFE76020E4
:10F9A0000290002003900490069045F2D470C2F2B9
:10F9B000004002A90422FCF797FB18B1FFE7F1F71A
:10F9C00077FDFFE745F2D470C2F20040FCF72CFB54
:10F9D00010B080BD0000000080B590B00021019102
:10F9E0000F910E910D910C910B910A910991089133
:10F9F00007910691059104910391029145F620002B
:10FA0000C2F2004040F20042C4F20002026017223B
:10FA10004260816042F20F72C260016180218161A7
:10FA2000FBF786FF18B1FFE7F1F742FDFFE74FF460
:10FA300080500C9045F62000C2F200400CA9FCF763
:10FA4000DFF818B1FFE7F1F733FDFFE745F62000D7
:10FA5000C2F20040FCF720FC18B1FFE7F1F728FDE7
:10FA6000FFE7002009900B9045F62000C2F200400D
:10FA700009A9FBF79DFE18B1FFE7F1F719FDFFE7B4
:10FA800060200290002003900490069045F620002C
:10FA9000C2F2004002A90C22FCF726FB18B1FFE7D6
:10FAA000F1F706FDFFE745F62000C2F20040FCF743
:10FAB000BBFA10B080BD000080B588B00021009175
:10FAC000079106910591049103910291019145F6E8
:10FAD0006C00C2F2004040F60002C4F20002026074
:10FAE000EF224260816040F2E732C26001618161D1
:10FAF000FBF71EFF18B1FFE7F1F7DAFCFFE74FF461
:10FB00008050049045F66C00C2F2004004A9FCF756
:10FB100077F818B1FFE7F1F7CBFCFFE70020019081
:10FB2000039045F66C00C2F2004001A9FBF740FECD
:10FB300018B1FFE7F1F7BCFCFFE708B080BD00009B
:10FB400080B588B00021009107910691059104913C
:10FB500003910291019145F6B800C2F2004040F6CF
:10FB60000042C4F200020260EF224260816040F273
:10FB7000E732C26001618161FBF7DAFE18B1FFE78D
:10FB8000F1F796FCFFE74FF48050049045F6B8007B
:10FB9000C2F2004004A9FCF733F818B1FFE7F1F70F
:10FBA00087FCFFE700200190039045F6B800C2F201
:10FBB000004001A9FBF7FCFD18B1FFE7F1F778FC65
:10FBC000FFE708B080BD000080B582B045F62C206C
:10FBD000C2F20040019045F20001C4F20001016050
:10FBE00048F2A061C0F2010141604FF48051816090
:10FBF0004FF40051C1604FF4806101610421416103
:10FC000000218161C161016241628162FDF790FD65
:10FC100018B1FFE7F1F74CFCFFE745F62C20C2F2E4
:10FC200000400021FDF7CCF918B1FFE7F1F740FCE7
:10FC3000FFE745F62C20C2F200400021FDF778F9DD
:10FC400018B1FFE7F1F734FCFFE745F62C20C2F2CC
:10FC50000040FCF71DFE18B1FFE7F1F729FCFFE7B4
:10FC600002B080BD0000000080B582B045F6C02023
:10FC7000C2F20040009047F60001C4F200010160AA
:10FC80004FF4E1314160002101918160C160016167
:10FC90000C2242618161C161016241628162FDF7B2
:10FCA00047FD18B1FFE7F1F703FCFFE745F6C02079
:10FCB000C2F200400021FDF783F918B1FFE7F1F728
:10FCC000F7FBFFE745F6C020C2F200400021FDF738
:10FCD0002FF918B1FFE7F1F7EBFBFFE745F6C0207E
:10FCE000C2F20040FCF7D4FD18B1FFE7F1F7E0FBEA
:10FCF000FFE702B080BD000080B582B045F6543009
:10FD0000C2F20040009047F60041C4F200010160D9
:10FD10004FF4E1314160002101918160C1600161D6
:10FD20000C2242618161C161016241628162FDF721
:10FD3000FFFC18B1FFE7F1F7BBFBFFE745F65430D6
:10FD4000C2F200400021FDF73BF918B1FFE7F1F7DF
:10FD5000AFFBFFE745F65430C2F200400021FDF74B
:10FD6000E7F818B1FFE7F1F7A3FBFFE745F65430DA
:10FD7000C2F20040FCF78CFD18B1FFE7F1F798FBE9
:10FD8000FFE702B080BD000080B582B045F6E830E4
:10FD9000C2F20040009041F60001C4F2010101608E
:10FDA0004FF4E1314160002101918160C160016146
:10FDB0000C2242618161C161016241628162FDF791
:10FDC000B7FC18B1FFE7F1F773FBFFE745F6E83042
:10FDD000C2F200400021FDF7F3F818B1FFE7F1F798
:10FDE00067FBFFE745F6E830C2F200400021FDF76F
:10FDF0009FF818B1FFE7F1F75BFBFFE745F6E83046
:10FE0000C2F20040FCF744FD18B1FFE7F1F750FBE8
:10FE1000FFE702B080BD000080B582B045F69810C3
:10FE2000C2F20040019041F60041C4F201010160BC
:10FE30004FF4E131416000218160C16001610C2219
:10FE400042618161C16101624162102181624FF4AE
:10FE50008051C163FDF76CFC18B1FFE7F1F728FB97
:10FE6000FFE745F69810C2F200400021FDF7A8F820
:10FE700018B1FFE7F1F71CFBFFE745F69810C2F257
:10FE800000400021FDF754F818B1FFE7F1F710FB2F
:10FE9000FFE745F69810C2F20040FCF7F9FC18B1F4
:10FEA000FFE7F1F705FBFFE702B080BD00000000AF
:10FEB00080B582B045F60410C2F20040009041F2D5
:10FEC0000001C4F2010101604FF461214160002191
:10FED00001918160C16001610C2242618161C16157
:10FEE000016241628162FDF723FC18B1FFE7F1F77F
:10FEF000DFFAFFE745F60410C2F200400021FDF7EB
:10FF00005FF818B1FFE7F1F7D3FAFFE745F6041001
:10FF1000C2F200400021FDF70BF818B1FFE7F1F73E
:10FF2000C7FAFFE745F60410C2F20040FCF7B0FC48
:10FF300018B1FFE7F1F7BCFAFFE702B080BD00009F
:10FF400080B544F60C00C2F2004040F2F821C2F243
:10FF50000041012204F0F8FB18B1FFE7F1F7A8FA1D
:10FF6000FFE744F60C00C2F2004040F2B831C2F2A2
:10FF7000004105F015F918B1FFE7F1F799FAFFE72D
:10FF800044F60C00C2F2004040F25441C2F200417B
:10FF900003F00AFE18B1FFE7F1F78AFAFFE744F62B
:10FFA0000C00C2F2004005F08BFA18B1FFE7F1F740
:10FFB0007FFAFFE7F7F768FE80BD00000000000051
:10FFC000FFE7FEE700000000FFE7FEE7000000009B
:10FFD00088B0079006910592079800F007000490FA
:10FFE0000498C0F10700052803D3FFE7042001901F
:10FFF00004E00498C0F107000190FFE70198039026
:020000040801F1
:1000000004980430062803D8FFE70020009003E09E
:10001000049803380090FFE700980290069803992F
:10002000012202FA01F101390840029B984005992A
:100030009A40013A1140084308B0704700000000A0
:1000400080B545F26820C2F20040F6F729FF80BD76
:1000500080B586B0059004910598006803900398D8
:1000600002900398006C01900298049900EB4110F3
:10007000D0F8080B0090019843F20B01C4F65471BC
:1000800088420FD3FFE79DF801000006002809D53C
:10009000FFE70298049900EB41114FF40040C1F8CA
:1000A000080BFFE70598F7F72FFD019843F20B01C6
:1000B000C4F6547188420DD3FFE705988079012872
:1000C00008D1FFE70599086801F29C42012106F07A
:1000D00023F8FFE7002006B080BD0000000000000C
:1000E00080B588B00790069107980068049004983E
:1000F00003900498006C02900398069900EB41105D
:10010000D0F8080B019007988079012840F0818091
:10011000FFE79DF804000007002818D5FFE70298C4
:1001200043F20B01C4F6547188420FD3FFE79DF8E8
:1001300005000006002809D5FFE70398069900EBA3
:1001400041114FF40040C1F8080BFFE760E09DF853
:1001500004008006002808D5FFE70398069900EB05
:1001600041112020C1F8080B51E09DF8040010F067
:10017000280F4AD1FFE7029843F20B01C4F65471ED
:1001800088420FD3FFE79DF805000006002809D537
:10019000FFE70398069900EB41114FF40040C1F8C6
:1001A000080B31E00798069901EBC10100EB8100D3
:1001B00000F5157005900598006A0399069A01EB01
:1001C0004211D1F8101B6FF3DF41401A05994861C5
:1001D000069898B9FFE70598006940B9FFE70799C5
:1001E000086801F29C42012105F096FF05E005999F
:1001F000C8684A691044C860FFE7FFE707989DF8A0
:100200001810F6F7D9FBFFE700E0FFE7FFE7FFE78D
:1002100047E0029843F20A11C4F65471884224D18F
:10022000FFE79DF805000006002809D5FFE70398C1
:10023000069900EB41114FF40040C1F8080B13E0A0
:100240009DF804008006002808D5FFE7039806996A
:1002500000EB41112020C1F8080BFFE707989DF83B
:100260001810F6F7A9FBFFE71AE0069890B9FFE728
:100270000798069901EBC10100EB8100D0F86402F8
:1002800040B9FFE70799086801F29C42002105F098
:1002900043FFFFE707989DF81810F6F78DFBFFE77F
:1002A000FFE7002008B080BD80B58CB00A900991AE
:1002B0000A9800680890089807900A98099901EB35
:1002C000C10100EB81001430069006980169406975
:1002D000884204D9FFE701208DF82F0079E00699C4
:1002E00008694969401A0590059806998968884205
:1002F00004D9FFE7069880680590FFE7059803306A
:1003000080080490FFE70798099900EB4110D0F8A6
:10031000180981B2049A0020914202900FD3FFE79E
:1003200006980269416900209142029007D2FFE7D6
:1003300006980069002818BF01200290FFE7029884
:10034000C00770B3FFE7069908694969401A05902C
:10035000059806998968884204D9FFE7069880685D
:100360000590FFE7059803308008049008980699E7
:10037000C9689DF82420BDF81430DDF828C09CF829
:1003800006C0EE46CEF800C006F04AFD059A069972
:10039000C8681044C860059A0699486910444861C5
:1003A000B1E706990869496988420ED8FFE70998BC
:1003B00000F00F01012088400390039A0799D1F8BB
:1003C00034089043C1F83408FFE700208DF82F006F
:1003D000FFE79DF82F000CB080BD0000000000007A
:1003E000704700000000000080B586B004900391C3
:1003F00000208DF8070044F22840C5F6020000688E
:1004000000F00300032804D1FFE701208DF8170056
:10041000CBE044F20041C5F60201086820F080609C
:100420000860F6F749F90290FFE744F20040C5F68C
:100430000200006800F000610020B0EBD16F0CD02A
:10044000FFE7F6F739F90299401A032804D3FFE7CA
:1004500003208DF81700A8E0E7E7FFE744F2284102
:10046000C5F60201086820F47C30049A126840EA5C
:100470000230086004994868D1F808C0CB680A695E
:1004800001386FF35F204FF60061CFF6FF7101EB8B
:100490004C2189B208440021CFF6FF7101EB0341E2
:1004A00001F4FE0108444FF07F4101EB026101F0CD
:1004B000FE41084444F23841C5F602010860FFE7F6
:1004C00044F22C41C5F602010091086820F0C000FA
:1004D000049A526910430860086820F02000049ACA
:1004E000926910430860086820F01000086044F228
:1004F0003C42C5F6020210684FF6F8739843049B1D
:10050000DB6940EAC3001060086840F01000086032
:10051000039848B9FFE744F22C41C5F60201086888
:1005200040F40020086016E00398012809D1FFE795
:1005300044F22C41C5F60201086840F480100860BE
:1005400008E044F22C41C5F60201086840F40010AE
:100550000860FFE7FFE744F20041C5F602010868C2
:1005600040F080600860F6F7A7F80290FFE744F2D9
:100570000040C5F60200006800F000610020B0EB0A
:10058000D16F0CD1FFE7F6F797F80299401A0328CC
:1005900004D3FFE703208DF8170006E0E7E7FFE745
:1005A0009DF807008DF81700FFE79DF8170006B0CB
:1005B00080BD00000000000080B586B0049003916B
:1005C00000208DF8070044F22840C5F602000068BC
:1005D00000F00300032804D1FFE701208DF8170085
:1005E000CBE044F20041C5F60201086820F08050DB
:1005F0000860F6F761F80290FFE744F20040C5F6A4
:100600000200006800F000510020B0EB517F0CD0D8
:10061000FFE7F6F751F80299401A032804D3FFE7E1
:1006200003208DF81700A8E0E7E7FFE744F2284130
:10063000C5F60201086820F07C70049A126840EA4E
:100640000250086004994868D1F808C0CB680A696C
:1006500001386FF35F204FF60061CFF6FF7101EBB9
:100660004C2189B208440021CFF6FF7101EB034110
:1006700001F4FE0108444FF07F4101EB026101F0FB
:10068000FE41084444F24041C5F602010860FFE71C
:1006900044F22C41C5F602010091086820F4406044
:1006A000049A526910430860086820F40070049AA4
:1006B000926910430860086820F48070086044F272
:1006C0004442C5F6020210684FF6F8739843049B43
:1006D000DB6940EAC3001060086840F4807008607D
:1006E000039848B9FFE744F22C41C5F602010868B7
:1006F00040F48000086016E00398012809D1FFE764
:1007000044F22C41C5F60201086840F4000008607C
:1007100008E044F22C41C5F60201086840F0807000
:100720000860FFE7FFE744F20041C5F602010868F0
:1007300040F080500860F5F7BFFF0290FFE744F2F9
:100740000040C5F60200006800F000510020B0EB48
:10075000517F0CD1FFE7F5F7AFFF0299401A03284C
:1007600004D3FFE703208DF8170006E0E7E7FFE773
:100770009DF807008DF81700FFE79DF8170006B0F9
:1007800080BD00000000000080B545F24C70C2F250
:100790000040F9F75DFE80BD82B0019001980068CD
:1007A0004069009001980168886940F008008861FC
:1007B00001980168886940F010008861019801681B
:1007C000086820F00100086001980168086940F29B
:1007D0006F329043086101980168886820F44040B6
:1007E0008860019890F88100042815D0FFE79DF8F3
:1007F0000000800600280ED5FFE70199D1F884009B
:1008000040F08000C1F8840001980168886940F0D8
:1008100020008861FFE7FFE7019890F88100032836
:1008200015D0FFE79DF80000400600280ED5FFE731
:100830000199D1F8840040F00400C1F884000198C7
:100840000168886940F040008861FFE7FFE79DF894
:100850000100800700280ED5FFE70199D1F8840038
:1008600040F00100C1F8840001980168886940F4F3
:1008700000708861FFE79DF80100C00770B1FFE7D5
:100880000199D1F8840040F00800C1F88400019873
:100890000168886940F480708861FFE70199002051
:1008A000A1F862000199A1F86A0002B07047000047
:1008B00080B582B001900198806B00900099002073
:1008C000A1F86A000099A1F862000099012081F85E
:1008D00081000098F9F7B8FD02B080BD000000006B
:1008E00080B582B001900198806B00900198F2F77A
:1008F00003F8022812D0FFE70098FFF74DFF009998
:10090000D1F8840040F01000C1F884000099012063
:1009100081F881000098F9F797FDFFE702B080BDEC
:1009200080B582B001900198806B00900098FAF732
:1009300027FF02B080BD000080B582B00190019811
:10094000806B0090009890F88100072813D0FFE793
:100950000098806FC069B0F5807F04D1FFE70098F0
:10096000FAF7B2FE06E000980168086940F0080056
:100970000861FFE7FFE702B080BD00000000000053
:1009800083B002900298C16B012000EB51100190DE
:100990000298C0680130009000980730C0080090AD
:1009A00000980199484303B0704700000000000020
:1009B00082B0019000910198006843F20001C4F2F6
:1009C000010188420AD1FFE7019840F6C401C2F252
:1009D000004108600098C1F8100127E00198006804
:1009E00043F60001C4F2000188420AD1FFE70198F2
:1009F00040F6D811C2F2004108600098C1F8100119
:100A000013E00198006843F60041C4F200018842F7
:100A10000AD1FFE7019840F6EC21C2F200410860DC
:100A20000098C1F81001FFE7FFE7FFE702B0704749
:100A300080B586B084460898CDF810C00391ADF813
:100A40000A20ADF80830ADF806000498006843F2BB
:100A50000001C4F2010188421FD1FFE7039840F66C
:100A6000C402C2F200425060BDF80A001081BDF815
:100A70000800A2F80A01BDF80600A2F80C010498CB
:100A80006B464FF47A71196002F10A018A32012330
:100A9000FAF7D6F88DF8170054E00498006843F68A
:100AA0000001C4F2000188421FD1FFE7039840F61D
:100AB000D812C2F200425060BDF80A001081BDF8A1
:100AC0000800A2F80A01BDF80600A2F80C0104987B
:100AD0006B464FF47A71196002F10A018A320123E0
:100AE000FAF7AEF88DF817002CE00498006843F68A
:100AF0000041C4F20001884220D1FFE7039840F68C
:100B0000EC22C2F200425060BDF80A001081BDF82C
:100B10000800A2F80A01BDF80600A2F80C0104982A
:100B2000BDF80810BDF8063019448BB202F10A0175
:100B30008A32FAF709FC8DF8170003E000208DF8DF
:100B40001700FFE79DF8170006B080BD0000000009
:100B500080B586B0DDF820C0049003918DF80B209D
:100B60000193FFE704980068406903990840401A20
:100B7000B0FA80F040099DF80B10884214D1FFE7CD
:100B8000F5F79AFD0899401A0199884204D3FFE7C6
:100B90000198013018B9FFE7019820B9FFE7032059
:100BA0008DF8170004E0DDE700208DF81700FFE75F
:100BB0009DF8170006B080BD7047000000000000DF
:100BC00084B003900398009000980078ADF8080076
:100BD00000980130009000980078ADF80600BDF84C
:100BE0000610BDF8080040EA0120ADF80A00BDF883
:100BF0000A0004B07047000080B582B000900098F1
:100C00000138B0F1807F03D3FFE70120019019E0A4
:100C1000009801384EF21401CEF2000108604FF046
:100C2000FF300F2112F05CF84EF21801CEF20001F5
:100C3000002008604EF21002CEF20002072111607F
:100C40000190FFE7019802B080BD000000000000A5
:100C500080B5F5F739FD80BD80B59EB00BA84C215D
:100C6000EFF79EFB002001900A90099008900790F2
:100C700006900590049003900220F6F7B1FFFFE77D
:100C80000020029044F61800C5F60200016821F425
:100C900040410160006800F4404002900298FFE784
:100CA000FFE744F61800C5F60200006800F40050A3
:100CB000B0F5005F01D0FFE7F3E721200B904FF480
:100CC00080300C9001211191022014901590169003
:100CD000282217921891042119911A900C201B9028
:100CE00000201C901D900BA8F8F79EFE18B1FFE79E
:100CF000F0F7DEFBFFE73F20039003210491002083
:100D00000590082006904020079008904FF48062DC
:100D100009920A9003A8F8F767FA18B1FFE7F0F70D
:100D2000C7FBFFE71EB080BD4EF68851CEF2000132
:100D3000086840F47000086042F20000C5F200202C
:100D4000006800F00F0006280AD8FFE742F2000111
:100D5000C5F200210868072262F303000860FFE77C
:100D600044F20041C5F60201086840F00100086045
:100D700044F21042C5F602020020106008684EF6E8
:100D80007F52CEF6F6221040086042F20000C5F213
:100D90000020006800F00F0008280AD3FFE742F2A5
:100DA0000001C5F200210868072262F30300086011
:100DB000FFE744F21841C5F602010020086044F242
:100DC0001C41C5F60201086044F22041C5F602014B
:100DD000086044F22842C5F6020240F20021C0F247
:100DE0000221116044F22C42C5F602020021C0F239
:100DF000FF11116044F23042C5F6020240F2802138
:100E0000C0F20111116044F23442C5F602021060D2
:100E100044F23842C5F60202116044F23C42C5F683
:100E20000202106044F24042C5F60202116044F230
:100E30004441C5F60201086044F20042C5F60202D0
:100E4000116821F48021116044F26041C5F602016D
:100E5000086044F20001C5F2002143F2D2000860AC
:100E6000704700000000000080B545F66C00C2F23B
:100E70000040FAF7B1FF80BD80B545F6B800C2F278
:100E80000040FAF7A9FF80BD83B00290019102985B
:100E90000068009002980021C4F20101884225D028
:100EA000FFE70298B0F1804F20D0FFE7029840F2B0
:100EB0000041C4F20001884218D0FFE7029840F6D2
:100EC0000001C4F20001884210D0FFE7029840F60A
:100ED0000041C4F20001884208D0FFE7029840F2C6
:100EE0000041C4F2010188420AD1FFE7009820F0D6
:100EF0007000009001984168009808430090FFE757
:100F000002980021C4F2010188424DD0FFE7029807
:100F1000B0F1804F48D0FFE7029840F20041C4F2A0
:100F20000001884240D0FFE7029840F60001C4F279
:100F30000001884238D0FFE7029840F60041C4F231
:100F40000001884230D0FFE7029840F20041C4F22D
:100F50000101884228D0FFE7029844F20001C4F260
:100F60000101884220D0FFE7029844F20041C4F218
:100F70000101884218D0FFE7029844F60001C4F24C
:100F80000101884210D0FFE702984EF20001C4F23E
:100F90000001884208D0FFE702984EF20041C4F2F7
:100FA000000188420AD1FFE7009820F440700090C9
:100FB0000198C168009808430090FFE7009820F06E
:100FC00080000199496908430090009802990860DF
:100FD000019880680299C862019800680299886245
:100FE00002980021C4F20101884220D0FFE7029854
:100FF00040F20041C4F20101884218D0FFE7029894
:1010000044F20001C4F20101884210D0FFE70298C7
:1010100044F20041C4F20101884208D0FFE702987F
:1010200044F60001C4F20101884205D1FFE70198AE
:10103000006902990863FFE702990120486102985C
:101040000069C00730B1FFE70299086920F001008C
:101050000861FFE703B0704780B584B042F60860CE
:10106000C2F2004001780131017042F60B62C2F217
:10107000004211780131117042F60A62C2F2004258
:101080001178013111700078022834D1FFE742F65F
:101090000861C2F200410020087042F60960C2F205
:1010A00000400078D0B9FFE745F28800C2F2004066
:1010B000039040F2F852C2F200424FF4007108234C
:1010C0000293EFF715FB029B039840F2F052C2F235
:1010D000004240F2FF11EFF70BFB00E0FFE742F6A2
:1010E0000961C2F20041087801300870087800F008
:1010F00001000870FFE742F60B60C2F20040007882
:101100000A281ED1FFE745F22810C2F200400190E4
:1011100040F29862C2F20042682108230093EFF780
:10112000E7FA009B019840F2A062C2F200428921D6
:10113000EFF7DEFA42F60B61C2F2004100200870C0
:10114000FFE742F60A60C2F200400078142813D18B
:10115000FFE745F2C810C2F2004040F23072C2F21E
:10116000004266210823EFF7C3FA42F60A61C2F291
:10117000004100200870FFE704B080BD00000000BF
:1011800084B0039002910192029800F01F010120A7
:1011900088400090009A0399086A90430862019879
:1011A000029901F01F0100FA01F20399086A104345
:1011B000086204B07047000085B004900391029269
:1011C0000193049880680090009820F47F4000907C
:1011D00003980299019A41EA0221014300980843C9
:1011E000009000980499886005B0704700000000E6
:1011F00083B00290019102988068009000984FF6A9
:101200008F71CFF6CF710840009001980099084384
:1012100040F00700009000980299886003B0704782
:1012200082B001900091019800680021C4F2010190
:10123000884209D1FFE7019840F60841C2F2004117
:1012400008600098486081E001980068B0F1804F24
:1012500009D1FFE7019840F61041C2F20041086051
:101260000098486071E00198006840F20041C4F2C3
:101270000001884209D1FFE7019840F61841C2F207
:1012800000410860009848605EE00198006840F600
:101290000001C4F20001884209D1FFE7019840F63D
:1012A0002041C2F200410860009848604BE001987C
:1012B000006840F60041C4F20001884209D1FFE70E
:1012C000019840F62841C2F2004108600098486049
:1012D00038E00198006841F20001C4F20001884240
:1012E00009D1FFE7019840F63041C2F200410860A1
:1012F0000098486025E00198006841F20041C4F27E
:101300000001884209D1FFE7019840F63841C2F256
:10131000004108600098486012E00198006840F2BF
:101320000041C4F20101884209D1FFE7019840F66B
:101330004041C2F20041086000984860FFE7FFE7C3
:10134000FFE7FFE7FFE7FFE7FFE7FFE702B07047D0
:1013500085B0049003910498006A01900499086A8A
:1013600020F00100086204984068009004988069A9
:10137000029002984FF68F71CFF6FE7108400290EE
:10138000029820F003000290039801680298084335
:101390000290019820F00200019003988168019862
:1013A0000843019004980021C4F20101884220D032
:1013B000FFE7049840F20041C4F20101884218D0CE
:1013C000FFE7049844F20001C4F20101884210D002
:1013D000FFE7049844F20041C4F20101884208D0BA
:1013E000FFE7049844F60001C4F2010188420ED1DF
:1013F000FFE7019820F0080001900398C168019868
:1014000008430190019820F004000190FFE7049840
:101410000021C4F20101884220D0FFE7049840F285
:101420000041C4F20101884218D0FFE7049844F259
:101430000001C4F20101884210D0FFE7049844F291
:101440000041C4F20101884208D0FFE7049844F645
:101450000001C4F20101884213D1FFE7009820F493
:1014600080700090009820F400700090039841690B
:101470000098084300900398816900980843009001
:10148000FFE70098049948600298049988610398DE
:1014900040680499486301980499086205B0704750
:1014A00085B0049003910498006A01900499086A39
:1014B00020F0100008620498406800900498806949
:1014C0000290029848F6FF71CFF6FF610840029043
:1014D000029820F44070029003980168029840EA54
:1014E00001200290019820F020000190039881686B
:1014F000019840EA0110019004980021C4F2010112
:10150000884229D0FFE7049840F20041C4F201016B
:10151000884221D0FFE7049844F20001C4F201019F
:10152000884203D1FFE70020B0B9FFE7049844F2F6
:101530000041C4F20101884203D1FFE7002058B9FD
:10154000FFE7049844F60001C4F20101884212D179
:10155000FFE7012078B9FFE7019820F080000190B3
:101560000398C168019840EA01100190019820F0A9
:1015700040000190FFE704980021C4F20101884275
:1015800020D0FFE7049840F20041C4F201018842F4
:1015900018D0FFE7049844F20001C4F20101884228
:1015A00010D0FFE7049844F20041C4F201018842E0
:1015B00008D0FFE7049844F60001C4F20101884214
:1015C00015D1FFE7009820F480600090009820F487
:1015D0000060009003984169009840EA8100009003
:1015E00003988169009840EA81000090FFE7009825
:1015F00004994860029804998861039840680499A6
:10160000886301980499086205B0704700000000E3
:1016100085B0049003910498006A01900499086AC7
:1016200020F4807008620498406800900498C069B3
:10163000029002984FF68F71CFF6FE71084002902B
:10164000029820F003000290039801680298084372
:101650000290019820F4007001900398816801982D
:1016600040EA0120019004980021C4F2010188425F
:1016700029D0FFE7049840F20041C4F201018842FA
:1016800021D0FFE7049844F20001C4F2010188422E
:1016900003D1FFE70020B0B9FFE7049844F200410E
:1016A000C4F20101884203D1FFE7002058B9FFE7E7
:1016B000049844F60001C4F20101884212D1FFE708
:1016C000012078B9FFE7019820F4006001900398A9
:1016D000C168019840EA01200190019820F48060DF
:1016E0000190FFE704980021C4F20101884220D054
:1016F000FFE7049840F20041C4F20101884218D08B
:10170000FFE7049844F20001C4F20101884210D0BE
:10171000FFE7049844F20041C4F20101884208D076
:10172000FFE7049844F60001C4F20101884215D194
:10173000FFE7009820F480500090009820F40050BB
:10174000009003984169009840EA011000900398C6
:101750008169009840EA01100090FFE70098049921
:10176000486002980499C861039840680499C86366
:1017700001980499086205B070470000000000005D
:1017800085B0049003910498006A01900499086A56
:1017900020F4805008620498406800900498C06962
:1017A0000290029848F6FF71CFF6FF610840029060
:1017B000029820F44070029003980168029840EA71
:1017C00001200290019820F4005001900398816854
:1017D000019840EA0130019004980021C4F201010F
:1017E000884220D0FFE7049840F20041C4F2010192
:1017F000884218D0FFE7049844F20001C4F20101C6
:10180000884210D0FFE7049844F20041C4F201017D
:10181000884208D0FFE7049844F60001C4F20101B1
:1018200088420BD1FFE7009820F480400090039895
:101830004169009840EA81100090FFE70098049900
:10184000486002980499C861039840680499086444
:1018500001980499086205B070470000000000007C
:1018600085B0049003910498006A01900499086A75
:1018700020F4803008620498406800900498406D1D
:10188000029002984FF68F71CFF6FE7108400290D9
:1018900003980168029808430290019820F40030F0
:1018A000019003988168019840EA014001900498F2
:1018B0000021C4F20101884220D0FFE7049840F2E1
:1018C0000041C4F20101884218D0FFE7049844F2B5
:1018D0000001C4F20101884210D0FFE7049844F2ED
:1018E0000041C4F20101884208D0FFE7049844F6A1
:1018F0000001C4F2010188420BD1FFE7009820F4F7
:101900008030009003984169009840EA01200090DF
:10191000FFE7009804994860029804994865039885
:1019200040680499886501980499086205B0704779
:1019300085B0049003910498006A01900499086AA4
:1019400020F4801008620498406800900498406D6C
:101950000290029848F6FF71CFF6FF6108400290AE
:1019600003980168029840EA01200290019820F44F
:101970000010019003988168019840EA015001909D
:1019800004980021C4F20101884220D0FFE70498A6
:1019900040F20041C4F20101884218D0FFE70498E8
:1019A00044F20001C4F20101884210D0FFE704981C
:1019B00044F20041C4F20101884208D0FFE70498D4
:1019C00044F60001C4F2010188420BD1FFE7009800
:1019D00020F48020009003984169009840EA81201B
:1019E0000090FFE7009804994860029804994865C0
:1019F000039840680499C86501980499086205B085
:101A0000704700000000000085B00490039102922E
:101A10000498006A00900499086A20F001000862A6
:101A2000049880690190019820F0F00001900299DB
:101A3000019840EA01100190009820F00A000090FF
:101A400003990098084300900198049988610098D0
:101A50000499086205B0704785B004900391029222
:101A60000498006A00900499086A20F01000086247
:101A7000049880690190019820F4704001900299C7
:101A8000019840EA01300190009820F0A0000090F9
:101A90000399009840EA0110009001980499886128
:101AA00000980499086205B070470000000000002B
:101AB00080B582B04FF4F070EFF79AFC45F28800E1
:101AC000C2F200404AF6E101C0F60101EEF768FDFE
:101AD00045F22810C2F200404AF6F911C0F60101A1
:101AE000EEF75EFD45F2C810C2F200404AF6F12161
:101AF000C0F60101EEF754FD45F69810C2F2004021
:101B00004AF2C971C0F60101802200F015FC45F2CD
:101B10004C70C2F200404AF21161C0F60101FEF7BA
:101B200047FF45F66C00C2F2004000904AF61101F2
:101B3000C0F60101FFF774FB45F6B800C2F20040A1
:101B400001904AF26961C0F60101FFF769FB42F6B4
:101B5000C860C2F200409FED090A0AF0C1FD42F6DA
:101B60009860C2F20040052111F03AFF0098F9F7A1
:101B7000B3FF0198F9F7B0FF02B080BD000000008C
:101B800080B582B045F6AE40C2F200400078C00792
:101B9000002845D0FFE705F0AFFE42F63060C2F204
:101BA000004005F06DFAB0EE401AB7EE000A80EE84
:101BB000010A42F62C60C2F2004080ED000A42F6B3
:101BC000C860C2F20040019000F5B2600BF0B0F9BD
:101BD0000146019840F62C02C2F2004200921170B8
:101BE00000F5FF600FF050FA009A0146019851701D
:101BF00041F69401415811610BF072FA0099019875
:101C000081ED050A41F68F01405C012807D1FFE70D
:101C100040F2A831C2F20041FF200870FFE7FFE761
:101C200002B080BD0000000080B545F62C20C2F255
:101C30000040FBF719FA80BD80B545F6C020C2F21E
:101C40000040FBF711FA80BD80B545F65430C2F272
:101C50000040FBF709FA80BD80B545F6E830C2F2D6
:101C60000040FBF701FA80BD82B001900198406E00
:101C700040B9FFE701990120A1F86A000199A1F894
:101C8000680032E010208DF803008DF80200019802
:101C900000688068C0F342608DF801000198006818
:101CA0008068400F8DF800009DF802009DF800202C
:101CB00045F22C23C0F60203995C484345F22421E7
:101CC000C0F602018A5CB0FBF2F0019AA2F86A0049
:101CD0009DF803009DF801209B5C5843895CB0FB94
:101CE000F1F00199A1F86800FFE702B07047000029
:101CF00081B00090009890F82800000700280BD5CC
:101D0000FFE700980068406820F40040009A1168DE
:101D1000926B10434860FFE7009890F82800C007D6
:101D200058B1FFE700980068406820F40030009A3E
:101D30001168D26A10434860FFE7009890F82800C5
:101D4000800700280BD5FFE700980068406820F462
:101D50008030009A1168126B10434860FFE70098CA
:101D600090F82800400700280BD5FFE7009800688E
:101D7000406820F48020009A1168526B104348603C
:101D8000FFE7009890F82800C00600280BD5FFE771
:101D900000980068806820F48050009A1168D26B27
:101DA00010438860FFE7009890F82800800600281C
:101DB0000BD5FFE700980068806820F40050009A77
:101DC0001168126C10438860FFE7009890F82800B3
:101DD000400600281CD5FFE700980068406820F402
:101DE0008010009A1168526C104348600098406C53
:101DF000B0F5801F0BD1FFE700980068406820F421
:101E0000C000009A1168926C10434860FFE7FFE73A
:101E1000009890F82800000600280BD5FFE70098EE
:101E20000068406820F40020009A1168D26C1043CA
:101E30004860FFE701B0704780B588B0069006990A
:101E40000020C1F89000F4F737FC05900698006870
:101E50000068000700282FD5FFE70698059B6A4613
:101E60006FF07E4111604FF40011002201F098FAEA
:101E700008B3FFE7FFE7FFE70698006850E8000FA8
:101E800020F080000490FFE704990698026842E879
:101E900000100028F0D1FFE7FFE706992020C1F8E5
:101EA0008800FFE70699002081F88400FFE70320FF
:101EB0008DF81F005FE0FFE70698006800684007A4
:101EC000002842D5FFE70698059B6A466FF07E41E1
:101ED00011604FF48001002201F062FAA0B3FFE725
:101EE000FFE7FFE70698006850E8000F20F49070C5
:101EF0000390FFE703990698026842E80010002863
:101F0000F0D1FFE7FFE7FFE7FFE70698006850E83A
:101F1000020F20F001000290FFE702990698026884
:101F200042E802100028F0D1FFE7FFE706992020E1
:101F3000C1F88C00FFE70699002081F88400FFE7D4
:101F400003208DF81F0016E0FFE706992020C1F856
:101F500088000699C1F88C0006990020C866069989
:101F60000867FFE70699002081F88400FFE700205A
:101F70008DF81F00FFE79DF81F0008B080BD00002E
:101F800080B582B001900198806B0090009900208C
:101F9000A1F85E000099A1F856000098FBF760F8E0
:101FA00002B080BD0000000080B584B003900398AB
:101FB000806B02900298D0F8880001900298D0F8C7
:101FC0008C000090029800688068000600280CD5FC
:101FD000FFE70198212808D1FFE702990020A1F826
:101FE0005600029800F078F9FFE7029800688068D0
:101FF000400600280CD5FFE70098222808D1FFE70B
:1020000002990020A1F85E00029800F0F1F8FFE7C5
:102010000299D1F8900040F01000C1F890000298A9
:10202000FBF71EF804B080BD80B586B0059005981A
:10203000806B04900598C069B0F5807F5BD0FFE7A6
:1020400004990020A1F85E00FFE7FFE7049800680C
:1020500050E8000F20F480700390FFE70399049884
:10206000026842E800100028F0D1FFE7FFE7FFE731
:10207000FFE70498006850E8020F20F0010002908A
:10208000FFE702990498026842E802100028F0D1A4
:10209000FFE7FFE7FFE7FFE70498006850E8020F5B
:1020A00020F040000190FFE701990498026842E89F
:1020B00002100028F0D1FFE7FFE704992020C1F8C3
:1020C0008C000498C06E012814D1FFE7FFE7FFE7FA
:1020D0000498006850E8000F20F010000090FFE71F
:1020E00000990498026842E800100028F0D1FFE748
:1020F000FFE7FFE7FFE70499002008670498C06E38
:10210000012806D1FFE70498B0F85C10FAF758FCF4
:1021100003E00498FBF758FFFFE706B080BD00001E
:1021200080B582B001900198806B009000990120E9
:1021300008670098C06E012807D1FFE70098B0F843
:102140005C104908FAF73CFC03E00098FBF740FFFD
:10215000FFE702B080BD000080B584B00390039813
:10216000806B02900398C069B0F5807F2BD0FFE7A9
:1021700002990020A1F85600FFE7FFE702980068E7
:1021800050E8020F20F080000190FFE701990298CB
:10219000026842E802100028F0D1FFE7FFE7FFE7FE
:1021A000FFE70298006850E8000F40F04000009000
:1021B000FFE700990298026842E800100028F0D179
:1021C000FFE7FFE703E00298FBF78AFFFFE704B0B1
:1021D00080BD00000000000080B582B00190019831
:1021E000806B00900098FBF793FF02B080BD000069
:1021F00084B00390FFE7FFE70398006850E8000F02
:1022000020F490700290FFE702990398026842E878
:1022100000100028F0D1FFE7FFE7FFE7FFE7039892
:10222000006850E8020F4FF6FE71CEF6FF710840CD
:102230000190FFE701990398026842E80210002824
:10224000EDD1FFE7FFE70398C06E012814D1FFE747
:10225000FFE7FFE70398006850E8000F20F0100048
:102260000090FFE700990398026842E800100028F8
:10227000F0D1FFE7FFE7FFE703992020C1F88C00CA
:1022800003990020C8660399486704B070470000AE
:1022900080B582B00190FFE7FFE70198006850E841
:1022A000000F20F040000090FFE7009901980268BD
:1022B00042E800100028F0D1FFE7FFE70199202055
:1022C000C1F888000199002088670198FBF708FF92
:1022D00002B080BD0000000083B00290FFE7FFE77E
:1022E0000298006850E8000F20F0C0000190FFE75E
:1022F00001990298026842E800100028F0D1FFE737
:10230000FFE7FFE7FFE70298006850E8020F20F4BC
:1023100000000090FFE700990298026842E802106E
:102320000028F0D1FFE7FFE702992020C1F88800DC
:1023300003B070470000000080B584B003900291A4
:10234000ADF806200398006841F20001C4F20101D3
:10235000884240F0EF80FFE7039840F6D851C2F280
:10236000004108600298C1F80C01BDF80600A1F810
:1023700004010398B1F804218431FAF7C9FA44F64C
:102380009870C2F2004000681021C4F20201884235
:1023900000F0B280FFE744F69870C2F20040006897
:1023A0002821C4F20201884200F0A680FFE744F62B
:1023B0009870C2F2004000684021C4F202018842D5
:1023C00000F09A80FFE744F69870C2F2004000687F
:1023D0005821C4F20201884200F08E80FFE744F6E3
:1023E0009870C2F2004000687021C4F20201884275
:1023F00000F08280FFE744F69870C2F20040006867
:102400008821C4F20201884276D0FFE744F6987032
:10241000C2F200400068A021C4F2020188426BD0E1
:10242000FFE744F69870C2F200400068B821C4F299
:102430000201884260D0FFE744F69870C2F2004083
:10244000006840F21041C4F20201884254D0FFE714
:1024500044F69870C2F20040006840F22841C4F28D
:102460000201884248D0FFE744F69870C2F200406B
:10247000006840F24041C4F2020188423CD0FFE7CC
:1024800044F69870C2F20040006840F25841C4F22D
:102490000201884230D0FFE744F69870C2F2004053
:1024A000006840F27041C4F20201884224D0FFE784
:1024B00044F69870C2F20040006840F28841C4F2CD
:1024C0000201884218D0FFE744F69870C2F200403B
:1024D000006840F2A041C4F2020188420CD0FFE73C
:1024E00044F69870C2F20040006840F2B841C4F26D
:1024F000020188420AD1FFE744F69870C2F2004018
:102500000168086820F00800086009E044F6987047
:10251000C2F200400168086820F004000860FFE78C
:1025200040F6D850C2F20040B0F804118430EDF704
:1025300037FF72E10398006845F20001C4F2000120
:10254000884216D1FFE7039841F21821C2F20041F8
:1025500008600298C1F80C01BDF80600A1F804015A
:102560000398B1F804215200843192B2FAF7D0F9FD
:1025700052E10398006847F60001C4F20001884266
:1025800014D1FFE7039841F23841C2F200410860DC
:102590000298C1F80C01BDF80600A1F804010398E7
:1025A000B1F804218431FAF7B3F934E103980068F3
:1025B00047F60041C4F20001884214D1FFE70398B6
:1025C00041F24851C2F2004108600298C1F80C0182
:1025D000BDF80600A1F804010398B1F80421843184
:1025E000FAF796F916E10398006841F60001C4F283
:1025F0000101884214D1FFE7039841F25861C2F209
:10260000004108600298C1F80C01BDF80600A1F86D
:1026100004010398B1F804218431FAF779F9F8E05C
:102620000398006841F60041C4F20101884240F07D
:10263000EF80FFE7039840F6C841C2F2004108600E
:102640000298C1F80C01BDF80600A1F80401039836
:10265000B1F804218431FAF75BF944F6A860C2F2BC
:10266000004000681021C4F20201884200F0B280EC
:10267000FFE744F6A860C2F2004000682821C4F2D7
:102680000201884200F0A680FFE744F6A860C2F28B
:10269000004000684021C4F20201884200F09A80A4
:1026A000FFE744F6A860C2F2004000685821C4F277
:1026B0000201884200F08E80FFE744F6A860C2F273
:1026C000004000687021C4F20201884200F082805C
:1026D000FFE744F6A860C2F2004000688821C4F217
:1026E0000201884276D0FFE744F6A860C2F20040BB
:1026F0000068A021C4F2020188426BD0FFE744F6D3
:10270000A860C2F200400068B821C4F20201884209
:1027100060D0FFE744F6A860C2F20040006840F2D3
:102720001041C4F20201884254D0FFE744F6A86089
:10273000C2F20040006840F22841C4F2020188421F
:1027400048D0FFE744F6A860C2F20040006840F2BB
:102750004041C4F2020188423CD0FFE744F6A86041
:10276000C2F20040006840F25841C4F202018842BF
:1027700030D0FFE744F6A860C2F20040006840F2A3
:102780007041C4F20201884224D0FFE744F6A860F9
:10279000C2F20040006840F28841C4F2020188425F
:1027A00018D0FFE744F6A860C2F20040006840F28B
:1027B000A041C4F2020188420CD0FFE744F6A860B1
:1027C000C2F20040006840F2B841C4F202018842FF
:1027D0000AD1FFE744F6A860C2F200400168086829
:1027E00020F00800086009E044F6A860C2F200404A
:1027F0000168086820F004000860FFE740F6C84060
:10280000C2F20040B0F804118430EDF7C9FDFFE7D3
:10281000FFE7FFE7FFE7FFE7FFE704B080BD000049
:1028200080B59EB01D9000208DF867001D9800684F
:1028300040F60041C5F60001884201D1FFE700E003
:10284000FFE71D9988680B694A69C96918431043F5
:1028500008431C901D980068006846F6F311CCF6FA
:10286000FF7108401C9908431D99096808601D986C
:102870000068406820F440501D9A1168D2681043E7
:1028800048601D9880691C901D98006840F60041C2
:10289000C5F60001884206D0FFE71D98016A1C9822
:1028A00008431C90FFE71D98006880684FF2FF41C5
:1028B000C1F2FF1108401C9908431D9909688860FE
:1028C0001D980068C06A20F00F001D9A1168526AB6
:1028D0001043C862FFE71D98006841F20001C4F28E
:1028E0000101884240F04180FFE744F25440C5F6C0
:1028F0000200006800F038000146109128282FD807
:102900001099DFE801F0152D2D2D2D2D2D2D192DD0
:102910002D2D2D2D2D2D1D2D2D2D2D2D2D2D212D03
:102920002D2D2D2D2D2D252D2D2D2D2D2D2D290010
:1029300001208DF86D0017E004208DF86D0013E084
:1029400008208DF86D000FE010208DF86D000BE071
:1029500020208DF86D0007E040208DF86D0003E029
:1029600080208DF86D00FFE76CE21D98006844F24E
:102970000041C4F2000188422ED1FFE744F25440E6
:10298000C5F60200006800F0070001460F91052817
:102990001DD80F99DFE801F003070B0F1317002074
:1029A0008DF86D0017E004208DF86D0013E008200D
:1029B0008DF86D000FE010208DF86D000BE02020E9
:1029C0008DF86D0007E040208DF86D0003E0802059
:1029D0008DF86D00FFE734E21D98006844F60001B1
:1029E000C4F2000188422ED1FFE744F25440C5F6FC
:1029F0000200006800F0070001460E9105281DD86E
:102A00000E99DFE801F003070B0F131700208DF874
:102A10006D0017E004208DF86D0013E008208DF89C
:102A20006D000FE010208DF86D000BE020208DF878
:102A30006D0007E040208DF86D0003E080208DF8E8
:102A40006D00FFE7FCE11D98006844F60041C4F208
:102A5000000188422ED1FFE744F25440C5F602003F
:102A6000006800F0070001460D9105281DD80D995A
:102A7000DFE801F003070B0F131700208DF86D003E
:102A800017E004208DF86D0013E008208DF86D002C
:102A90000FE010208DF86D000BE020208DF86D0008
:102AA00007E040208DF86D0003E080208DF86D0078
:102AB000FFE7C4E11D98006845F20001C4F200017F
:102AC00088422ED1FFE744F25440C5F60200006868
:102AD00000F0070001460C9105281DD80C99DFE88D
:102AE00001F003070B0F131700208DF86D0017E09E
:102AF00004208DF86D0013E008208DF86D000FE0C4
:102B000010208DF86D000BE020208DF86D0007E09F
:102B100040208DF86D0003E080208DF86D00FFE708
:102B20008CE11D98006841F20041C4F20101884225
:102B300040F04180FFE744F25440C5F602000068CF
:102B400000F0380001460B9128282FD80B99DFE8B8
:102B500001F0152D2D2D2D2D2D2D192D2D2D2D2D3A
:102B60002D2D1D2D2D2D2D2D2D2D212D2D2D2D2DB1
:102B70002D2D252D2D2D2D2D2D2D290001208DF8CC
:102B80006D0017E004208DF86D0013E008208DF82B
:102B90006D000FE010208DF86D000BE020208DF807
:102BA0006D0007E040208DF86D0003E080208DF877
:102BB0006D00FFE741E11D98006847F60001C4F28F
:102BC000000188422ED1FFE744F25440C5F60200CE
:102BD000006800F0070001460A9105281DD80A99EF
:102BE000DFE801F003070B0F131700208DF86D00CD
:102BF00017E004208DF86D0013E008208DF86D00BB
:102C00000FE010208DF86D000BE020208DF86D0096
:102C100007E040208DF86D0003E080208DF86D0006
:102C2000FFE709E11D98006847F60041C4F2000182
:102C300088422ED1FFE744F25440C5F602000068F6
:102C400000F007000146099105281DD80999DFE821
:102C500001F003070B0F131700208DF86D0017E02C
:102C600004208DF86D0013E008208DF86D000FE052
:102C700010208DF86D000BE020208DF86D0007E02E
:102C800040208DF86D0003E080208DF86D00FFE797
:102C9000D1E01D98006841F60001C4F201018842AC
:102CA00040F04180FFE744F25440C5F6020000685E
:102CB00000F038000146089128282FD80899DFE84D
:102CC00001F0152D2D2D2D2D2D2D192D2D2D2D2DC9
:102CD0002D2D1D2D2D2D2D2D2D2D212D2D2D2D2D40
:102CE0002D2D252D2D2D2D2D2D2D290001208DF85B
:102CF0006D0017E004208DF86D0013E008208DF8BA
:102D00006D000FE010208DF86D000BE020208DF895
:102D10006D0007E040208DF86D0003E080208DF805
:102D20006D00FFE786E01D98006841F60041C4F29F
:102D30000101884240F04180FFE744F25440C5F66B
:102D40000200006800F038000146079128282FD8BB
:102D50000799DFE801F0152D2D2D2D2D2D2D192D85
:102D60002D2D2D2D2D2D1D2D2D2D2D2D2D2D212DAF
:102D70002D2D2D2D2D2D252D2D2D2D2D2D2D2900BC
:102D800001208DF86D0017E004208DF86D0013E030
:102D900008208DF86D000FE010208DF86D000BE01D
:102DA00020208DF86D0007E040208DF86D0003E0D5
:102DB00080208DF86D00FFE73BE01D98006840F62D
:102DC0000041C5F6000188422ED1FFE744F2584089
:102DD000C5F60200006800F00700014606910528CC
:102DE0001DD80699DFE801F003070B0F1317022027
:102DF0008DF86D0017E004208DF86D0013E00820B9
:102E00008DF86D000FE010208DF86D000BE0202094
:102E10008DF86D0007E040208DF86D0003E0802004
:102E20008DF86D00FFE703E080208DF86D00FFE76F
:102E3000FFE7FFE7FFE7FFE7FFE7FFE7FFE7FFE762
:102E4000FFE7FFE7FFE71D98006840F60041C5F681
:102E50000001884240F0B480FFE79DF86D00014614
:102E60000591022814D0FFE70598042814D0FFE745
:102E70000598082816D0FFE70598102818D0FFE716
:102E80000598202835D0FFE70598402837D03AE04C
:102E9000F4F706FF11903CE015A8F4F715FF16981B
:102EA000119036E012A8F5F75BF81398119030E016
:102EB00044F20040C5F60200006800F02001002046
:102EC000B0EB511F0ED0FFE744F20040C5F6020000
:102ED0000068C0F3C10149F20000C0F2D030C84020
:102EE000119005E049F20000C0F2D0301190FFE7E8
:102EF0000FE040F60010C0F23D00119009E04FF4E1
:102F00000040119005E00020119001208DF867002D
:102F1000FFE71198002852D0FFE711981D994A6ADF
:102F200045F23421C0F6020131F81210B0FBF1F085
:102F3000189018981D99496801EB4101884207D300
:102F4000FFE718981D994968B0EB013F04D9FFE7E6
:102F500001208DF8670031E011981D994A680392AD
:102F60004A6A45F23421C0F6020131F812200023EA
:102F700004931946EDF7CAF9039A049B090241EA42
:102F80001061000210EB520041F10001EDF7BEF9B3
:102F90001A901A98B0F5407F0BD3FFE71A990020DA
:102FA000B0EB115F05D1FFE71A981D990968C86059
:102FB00003E001208DF86700FFE7FFE7FFE746E148
:102FC0001D98C069B0F5004F40F0A880FFE79DF85C
:102FD0006D0001460291402800F263800299DFE80B
:102FE00001F021256060296060602F606060606092
:102FF00060603560606060606060606060606060FC
:1030000060605660606060606060606060606060CA
:1030100060606060606060606060606060606060B0
:1030200060605C00F6F758FB119040E0F6F768FB33
:1030300011903CE015A8F4F747FE1698119036E081
:1030400012A8F4F78DFF1398119030E044F200407D
:10305000C5F60200006800F020010020B0EB511F0F
:103060000ED0FFE744F20040C5F602000068C0F34E
:10307000C10149F20000C0F2D030C840119005E013
:1030800049F20000C0F2D0301190FFE70FE040F6A7
:103090000010C0F23D00119009E04FF40040119083
:1030A00005E00020119001208DF86700FFE71198DE
:1030B00098B3FFE711981D9A5168536A45F234227C
:1030C000C0F6020232F81320B0FBF2F0400000EB31
:1030D0005100B0FBF1F01A901A98102818D3FFE7AE
:1030E000BDF86A00A0B9FFE71A9820F00F00ADF80C
:1030F0006E001A9800F00E01BDF86E0040EA510013
:10310000ADF86E00BDF86E001D990968C86003E057
:1031100001208DF86700FFE7FFE797E09DF86D005D
:1031200001460191402800F263800199DFE801F037
:1031300021256060296060602F6060606060606071
:1031400035606060606060606060606060606060AA
:103150005660606060606060606060606060606079
:10316000606060606060606060606060606060605F
:103170005C00F6F7B1FA119040E0F6F7C1FA119051
:103180003CE015A8F4F7A0FD1698119036E012A8BF
:10319000F4F7E6FE1398119030E044F20040C5F6D3
:1031A0000200006800F020010020B0EB511F0ED09B
:1031B000FFE744F20040C5F602000068C0F3C10119
:1031C00049F20000C0F2D030C840119005E049F249
:1031D0000000C0F2D0301190FFE70FE040F6001081
:1031E000C0F23D00119009E04FF40040119005E05D
:1031F0000020119001208DF86700FFE7119820B39F
:10320000FFE711981D9A5168536A45F23422C0F6BF
:10321000020232F81320B0FBF2F000EB5100B0FBD9
:10322000F1F01A901A9810280AD3FFE7BDF86A0047
:1032300030B9FFE7BDF868001D990968C86003E070
:1032400001208DF86700FFE7FFE7FFE7FFE71D9923
:103250000120A1F86A001D99A1F868001D990020BD
:1032600048671D9988679DF867001EB080BD000003
:1032700080B588B006900591ADF8122005980699A2
:103280008865BDF812000699A1F85C000699002037
:10329000C1F8900006992220C1F88C000698D0F859
:1032A0008000B0B3FFE70698D0F8801042F2290002
:1032B000C0F60100C8630698D0F8801042F22110D1
:1032C000C0F6010008640698D0F8801041F6A97095
:1032D000C0F60100C8640698D0F880100020086588
:1032E00006980168826DD0F880002431BDF8123054
:1032F000F1F79AF860B1FFE706991020C1F8900045
:1033000006992020C1F88C0001208DF81F0042E0B2
:10331000FFE706980069A0B1FFE7FFE7FFE706981F
:10332000006850E8000F40F480700390FFE70399B5
:103330000698026842E800100028F0D1FFE7FFE796
:10334000FFE7FFE7FFE70698006850E8020F40F04C
:1033500001000290FFE702990698026842E8021015
:103360000028F0D1FFE7FFE7FFE7FFE706980068D6
:1033700050E8020F40F040000190FFE701990698E5
:10338000026842E802100028F0D1FFE7FFE70020C2
:103390008DF81F00FFE79DF81F0008B080BD0000FA
:1033A00080B586B0DDF820C0049003918DF80B2025
:1033B0000193FFE704980068C06903990840401A28
:1033C000B0FA80F040099DF80B10884266D1FFE703
:1033D00008980130002860D0FFE7F3F76DF90199F4
:1033E000401A0899884203D8FFE7089820B9FFE7F8
:1033F00003208DF8170055E0049800680068400726
:10340000002849D5FFE70398802845D0FFE70398B7
:10341000402841D0FFE704980068C06900F0080127
:103420000120B0EBD10F16D1FFE704980168082006
:10343000009008620498FEF7DBFE00980499C1F83A
:103440009000FFE70499002081F88400FFE7012045
:103450008DF8170026E004980068C06900F4006148
:103460000120B0EBD12F16D1FFE7049801684FF48B
:10347000006008620498FEF7BBFE04992020C1F8A2
:103480009000FFE70499002081F88400FFE7032003
:103490008DF8170006E0FFE7FFE78BE700208DF8C7
:1034A0001700FFE79DF8170006B080BD0000000080
:1034B00080B545F69810C2F20040F9F7D5FD80BD01
:1034C00080B545F60410C2F20040F9F7CDFD80BD8D
:1034D00080B586B004908DF80F100498D0F8C8021B
:1034E00001900498D0F8D41200EB8100D0F8C0020B
:1034F00020B9FFE703208DF817005FE00498D0F8AB
:10350000D41200EB8100D0F8C002029004989DF81C
:103510000F1001F00F0101EB810100EB81008069C8
:1035200040B3FFE704989DF80F1001F00F0101EB85
:10353000810200EB82008269019801EBC10100EB7E
:103540008100C169B2FBF1F000FB112090B9FFE7E7
:1035500004989DF80F1001F00F0101EB810100EBC1
:1035600081000023836104989DF80F101A4601F032
:10357000BFFD1FE002990020C1F814020498D0F8A2
:10358000D41200EB8100D0F8C402006988B1FFE7D3
:103590000498D0F8D41200EB8100D0F8C40203697B
:1035A0000299D1F8080201F504719DF80F2098479F
:1035B000FFE7FFE700208DF81700FFE79DF81700F1
:1035C00006B080BD0000000080B584B002908DF888
:1035D00007100298D0F8D41200EB8100D0F8C00296
:1035E00000900298D0F8D41200EB8100D0F8C0020D
:1035F00020B9FFE703208DF80F0019E002989DF82D
:10360000071001F0E5FA0099C1F80C020298D0F811
:10361000D41200EB8100D0F8C402C2680099D1F83E
:10362000040201F50371904700208DF80F00FFE7B9
:103630009DF80F0004B080BD80B586B005908DF870
:103640001310059840F21D01C2F200410091097863
:1036500001F0D2F800990598097801F00F0101EB0B
:10366000810100EB8101002003908884059840F2DD
:103670001E01C2F200410191097801F0BDF8019AE2
:1036800003980599127802F00F0202EB820201EB17
:103690008201A1F86401059840F21C01C2F20041C8
:1036A0000291097801F0A8F8029A03980599137815
:1036B00003F00F0303EB830301EB83018884059977
:1036C000127802F00F0202EB820201EB8201C88441
:1036D0000598D0F8D41200EB8100D0F8C002F0B108
:1036E000FFE70598D0F8D41200EB8100D0F8C402AF
:1036F000406880470598D0F8D41200EB8100D0F8DC
:10370000C00202F0A1F90598D0F8D41200EB8101B3
:103710000020C1F8C0020599C1F8BC02FFE70020F3
:1037200006B080BD0000000080B584B00290029811
:10373000D0F8D41200EB8100D0F8C00201900198BB
:1037400020B9FFE703208DF80F0025E00298D0F89C
:10375000D41200EB8100D0F8C402C8B1FFE7019891
:1037600090F80002FF2813D0FFE70298D0F8D41297
:1037700000EB8100D0F8C4028368019991F800023F
:1037800091F8012298470199FF2081F80002FFE794
:1037900000208DF80F00FFE79DF80F0004B080BDFA
:1037A00081B0009000990A20088040F23440C2F2B3
:1037B000004001B07047000080B586B0059040F22F
:1037C000F030C2F200400190822100F0D5FD0146A8
:1037D00001980491012100F0CFFD01460198039169
:1037E000812100F0C9FD0290049820B1FFE70499FF
:1037F00010208871FFE7039820B1FFE7039940206C
:103800008880FFE7029820B1FFE702994020888076
:10381000FFE705994320088040F2F030C2F20040F3
:1038200006B080BD0000000080B586B0059040F273
:10383000F030C2F200400190822100F09DFD01466F
:1038400001980491012100F097FD01460198039130
:10385000812100F091FD0290049820B1FFE70499C6
:1038600010208871FFE7039828B1FFE703994FF410
:1038700000708880FFE7029828B1FFE702994FF4B3
:1038800000708880FFE705994320088040F2F030FF
:10389000C2F2004006B080BD80B586B0059040F20F
:1038A000F030C2F200400190822100F065FD014637
:1038B00001980491012100F05FFD014601980391F8
:1038C000812100F059FD0290049820B1FFE704998E
:1038D00010208871FFE7039820B1FFE7039940208B
:1038E0008880FFE7029820B1FFE702994020888096
:1038F000FFE705994320088040F2F030C2F2004013
:1039000006B080BD0000000080B590B00E908DF82C
:1039100037104FF4077002F09BF80C900C9860B9C8
:10392000FFE70E98D0F8D41200EB81010020C1F817
:10393000C00202208DF83F00F0E00C984FF40771B0
:10394000ECF72EFD0C980E99D1F8D42201EB8201F0
:10395000C1F8C0020E99D1F8D40201EB8000D0F872
:10396000C002C1F8BC020E98007C002840D1FFE7DD
:103970000E9840F21D01C2F200410791097802221F
:1039800008924FF40073099301F016FA0799089A08
:10399000099B0E98097801F00F0101EB810100EB02
:1039A000810101200B9088840E9840F21E01C2F222
:1039B00000410A91097801F0FFF90A9A0B980E99D3
:1039C000127802F00F0202EB820201EB8201A1F8F1
:1039D00064010E9840F21C01C2F20041097801F026
:1039E0000F0101EB810100EB81011020C8843EE052
:1039F0000E9840F21D01C2F20041029109780222A4
:103A000003924023049301F0D7F90299039A049B8F
:103A10000E98097801F00F0101EB810100EB8101A3
:103A20000120069088840E9840F21E01C2F20041E7
:103A30000591097801F0C0F9059A06980E99127857
:103A400002F00F0202EB820201EB8201A1F8640195
:103A50000E9840F21C01C2F20041097801F00F01FA
:103A600001EB810100EB81011020C884FFE70E9873
:103A700040F21C01C2F200410091097803220823A0
:103A800001F09AF900990E98097801F00F0101EB05
:103A9000810100EB8101012088840C9900200190B4
:103AA000C1F804020E98D0F8D41200EB8100D0F8CF
:103AB000C4020068804701980C99C1F814020C995F
:103AC000C1F818020C98D0F8040220B9FFE70220D0
:103AD0008DF83F0022E00E98007C70B9FFE70E9849
:103AE00040F21E01C2F2004109780C9AD2F8042279
:103AF0004FF4007301F088F90CE00E9840F21E01BB
:103B0000C2F2004109780C9AD2F80422402301F055
:103B10007BF9FFE700208DF83F00FFE79DF83F00AD
:103B200010B080BD0000000080B584B00290029803
:103B3000D0F8D41200EB8100D0F8C00201900298B6
:103B4000D0F8D41200EB8100D0F8C00220B9FFE712
:103B500003208DF80F0022E00298007C70B9FFE787
:103B6000029840F21E01C2F200410978019AD2F88F
:103B700004224FF4007301F047F90CE0029840F280
:103B80001E01C2F200410978019AD2F804224023B2
:103B900001F03AF9FFE700208DF80F00FFE79DF8EC
:103BA0000F0004B080BD000083B001900091009828
:103BB00020B9FFE703208DF80B000BE00098019976
:103BC000D1F8D42201EB8201C1F8C40200208DF8A3
:103BD0000B00FFE79DF80B0003B0704700000000EA
:103BE00084B0029001910298D0F8D41200EB8100C9
:103BF000D0F8C0020090009820B9FFE703208DF8AC
:103C00000F0007E001980099C1F8040200208DF828
:103C10000F00FFE79DF80F0004B0704700000000A0
:103C200085B00390029101920398D0F8D41200EB72
:103C30008100D0F8C0020090009820B9FFE703206F
:103C40008DF813000BE002980099C1F80802019862
:103C50000099C1F8100200208DF81300FFE79DF8CD
:103C6000130005B07047000080B58AB00890079136
:103C70000898D0F8D41200EB8100D0F8C00206906A
:103C800000208DF81500ADF812008DF8110006988F
:103C900020B9FFE703208DF82700C7E007980078D8
:103CA00000F060000146039100285ED0FFE7039812
:103CB000202840F0AE80FFE70798C088002846D053
:103CC000FFE7079800780006002823D5FFE708984B
:103CD000D0F8D41200EB8100D0F8C4028368079AB0
:103CE00050780699D28898470798C088082803D347
:103CF000FFE70720029003E00798C0880290FFE7E3
:103D00000298ADF8160008980699BDF8162000F044
:103D10003FF91BE007984078069981F80002079860
:103D2000C0883F2804D8FFE70798C088019002E0C8
:103D300040200190FFE70198069981F80102089858
:103D4000069991F8012200F0F3F8FFE70CE00898DB
:103D5000D0F8D41200EB8100D0F8C4028368079930
:103D6000487800229847FFE75BE0079840780146D3
:103D700000910B2844D80099DFE801F00641424247
:103D80004242424242421C32089890F89C02032868
:103D900007D1FFE708980DF11201022200F0F8F8B0
:103DA00007E00898079900F0B3F803208DF8110098
:103DB000FFE72DE0089890F89C02032807D1FFE761
:103DC00008980DF11501012200F0E2F807E00898CB
:103DD000079900F09DF803208DF81100FFE717E028
:103DE000089890F89C02032808D0FFE708980799E4
:103DF00000F08EF803208DF81100FFE708E007E0DF
:103E00000898079900F084F803208DF81100FFE767
:103E100007E00898079900F07BF803208DF811005F
:103E2000FFE79DF811008DF82700FFE79DF82700B8
:103E30000AB080BD0000000080B582B001908DF80E
:103E4000031000208DF802000198D0F8B8124A68DB
:103E50009DF80310904720B1FFE703208DF8020082
:103E6000FFE79DF8020002B080BD000000000000E6
:103E700080B582B001900091019890F89C020138C1
:103E800002280ED8FFE700984088012808D1FFE7F4
:103E900001990020C1F8A402019800F095F8FFE70D
:103EA00004E00198009900F033F8FFE702B080BD0C
:103EB00082B001908DF80310002002B0704700001E
:103EC00082B001908DF80310002002B0704700000E
:103ED00080B584B00390029101920398029A019BED
:103EE0000021009100F090FF009804B080BD000018
:103EF00080B584B00390029101920398029A019BCD
:103F00000021009101F0F4F8009804B080BD000099
:103F100080B582B0019000910198802101F094F861
:103F20000198002101F090F802B080BD000000006F
:103F300080B584B003900291019203990320C1F8E7
:103F4000940201980399C1F8580101980399C1F8A6
:103F50005C010398029A019B0021009100F054FF3C
:103F6000009804B080BD000080B582B00190019936
:103F70000520C1F8940201980023009319461A46BF
:103F800000F042FF009802B080BD00000000000079
:103F900080B584B003900291019203990220C1F888
:103FA000940201980399886101980399C861039864
:103FB000029A019B0021009101F09AF8009804B048
:103FC00080BD00000000000080B582B00190019922
:103FD0000420C1F8940201980023009319461A4660
:103FE00001F086F8009802B080BD000000000000DB
:103FF00080B584B0039002910298C088012805D052
:10400000FFE703980299FFF783FF21E0039890F8F8
:104010009C12481E0191022804D3FFE7019803284F
:104020000AD00FE0039900208860039800F108018E
:104030000122FFF7ADFF0AE00398011D0122FFF7FF
:10404000A7FF04E003980299FFF762FFFFE7FFE78D
:1040500004B080BD0000000080B588B007900691D4
:104060000020ADF8160004908DF80F000698C07877
:104070000138014602910E2800F241810299DFE8E1
:1040800011F02A00340051003E013E010B012301D2
:104090003E013E013E013E013E013E013E010F0058
:1040A0000798D0F8B402C06950B1FFE70798D0F87C
:1040B000B412CA69007C0DF116019047049009E022
:1040C00007980699FFF724FF9DF80F0001308DF83F
:1040D0000F00FFE71DE10798D0F8B4120A68007CD2
:1040E0000DF116019047049013E10798007C60B928
:1040F000FFE70798D0F8B802816A0DF116008847EB
:1041000004900499022048700BE00798D0F8B80298
:10411000C16A0DF116008847049004990220487086
:10412000FFE7F6E00698807801460191052800F245
:10413000A8800199DFE801F0031E39546F8A0798BF
:10414000D0F8B402406850B1FFE70798D0F8B41235
:104150004A68007C0DF116019047049009E0079829
:104160000699FFF7D5FE9DF80F0001308DF80F007E
:10417000FFE790E00798D0F8B402806850B1FFE7FD
:104180000798D0F8B4128A68007C0DF116019047A8
:10419000049009E007980699FFF7BAFE9DF80F0012
:1041A00001308DF80F00FFE775E00798D0F8B402F2
:1041B000C06850B1FFE70798D0F8B412CA68007C15
:1041C0000DF116019047049009E007980699FFF752
:1041D0009FFE9DF80F0001308DF80F00FFE75AE0B9
:1041E0000798D0F8B402006950B1FFE70798D0F8FB
:1041F000B4120A69007C0DF116019047049009E0A1
:1042000007980699FFF784FE9DF80F0001308DF89E
:104210000F00FFE73FE00798D0F8B402406950B1C3
:10422000FFE70798D0F8B4124A69007C0DF1160137
:104230009047049009E007980699FFF769FE9DF8FA
:104240000F0001308DF80F00FFE724E00798D0F849
:10425000B402806950B1FFE70798D0F8B4128A69B8
:10426000007C0DF116019047049009E0079806992B
:10427000FFF74EFE9DF80F0001308DF80F00FFE7AD
:1042800009E007980699FFF743FE9DF80F000130FB
:104290008DF80F00FFE73CE00798007C48B9FFE786
:1042A0000798D0F8B802416B0DF1160088470490CA
:1042B00009E007980699FFF72BFE9DF80F000130E3
:1042C0008DF80F00FFE724E00798007C60B9FFE756
:1042D0000798D0F8B802016B0DF1160088470490DA
:1042E00004990720487009E007980699FFF710FE27
:1042F0009DF80F0001308DF80F00FFE709E00798E7
:104300000699FFF705FE9DF80F0001308DF80F00AC
:10431000FFE79DF80F0008B1FFE72AE00698C08884
:1043200018B3FFE7BDF81600C8B1FFE7BDF81600E7
:104330000699C988884204DAFFE7BDF816000090A4
:1043400003E00698C0880090FFE70098ADF81600DB
:1043500007980499BDF81620FFF71AFE04E00798A5
:104360000699FFF7D5FDFFE703E00798FFF72CFE5E
:10437000FFE708B080BD000080B586B005908DF8DD
:10438000131005980390059802900020019002995F
:1043900048880978884227DDFFE702980078ADF861
:1043A0000200FFE7BDF802000299498888421ADA44
:1043B000FFE703980DF1020100F036F8039003982F
:1043C000407805280ED1FFE7039801900198807886
:1043D0009DF81310884201D1FFE704E0002001900E
:1043E000FFE7FFE7DEE7FFE7019806B080BD0000CA
:1043F00083B0029000208DF8070002980090FFE73C
:104400000098007848B1FFE79DF8070001308DF86B
:104410000700009801300090F2E79DF8070003B014
:10442000704700000000000083B0029001910298E4
:10443000009000980278019908881044088002983A
:104440000099097808440090009803B07047000074
:1044500080B582B001900091019890F89C020138DB
:1044600002281FD8FFE70098C088022805D0FFE780
:1044700001980099FFF74CFD19E001990120C860EF
:104480000198D0F8A40230B1FFE70199C86840F064
:104490000200C860FFE7019800F10C010222FFF75B
:1044A00077FD04E001980099FFF732FDFFE702B0C5
:1044B00080BD00000000000080B586B0059004912A
:1044C000039200208DF80B00059808B9FFE74FE034
:1044D000059801900198FFF78BFF0146022000EB41
:1044E0004100B0F5007F04D9FFE74FF40070009061
:1044F00008E00198FFF77CFF0146022000EB410035
:104500000090FFE7009803990880039800780499C9
:104510009DF80B2088549DF80B0001308DF80B009E
:1045200004999DF80B20032088549DF80B0001305E
:104530008DF80B00FFE701980078C8B1FFE70198FC
:10454000007804999DF80B2088540198013001905F
:104550009DF80B0001308DF80B0004999DF80B209D
:10456000002088549DF80B0001308DF80B00E2E725
:1045700006B080BD0000000082B08DF8070000206A
:104580008DF806009DF8070001460091032814D815
:104590000099DFE801F002060A0E00208DF80600FF
:1045A0000FE003208DF806000BE001208DF80600D7
:1045B00007E003208DF8060003E003208DF80600D5
:1045C000FFE79DF8060002B0704700000000000001
:1045D00080B582B08DF8070000919DF8070060B9A2
:1045E000FFE7009A45F60260C0F6020041F26C71E6
:1045F000C2F20041FFF760FF0BE0009A45F602604F
:10460000C0F6020041F26C71C2F20041FFF754FFA4
:10461000FFE741F26C70C2F2004002B080BD0000C2
:1046200082B08DF80700009100991220088040F2B6
:104630004040C2F2004002B070470000000000009D
:1046400080B582B08DF8070000919DF8070060B931
:10465000FFE7009A45F6F450C0F6020041F26C7193
:10466000C2F20041FFF728FF0BE0009A45F6F45034
:10467000C0F6020041F26C71C2F20041FFF71CFF6C
:10468000FFE741F26C70C2F2004002B080BD000052
:1046900082B08DF80700009100990420088040F254
:1046A0006840C2F2004002B0704700000000000005
:1046B00080B584B08DF80F000291029A45F60D6026
:1046C000C0F6020041F26C71C2F200410191FFF7A5
:1046D000F3FE019804B080BD80B582B08DF807006C
:1046E00000919DF8070060B9FFE7009A45F6206049
:1046F000C0F6020041F26C71C2F20041FFF7DCFE2D
:104700000BE0009A45F62060C0F6020041F26C71A1
:10471000C2F20041FFF7D0FEFFE741F26C70C2F237
:10472000004002B080BD000080B582B08DF8070067
:10473000009100991A200880EDF79AF840F26C4039
:10474000C2F2004002B080BD80B584B002900191F9
:104750008DF80320029820B9FFE703208DF80F00A1
:1047600023E002990020C1F8B8020299C1F8C402FE
:104770000299C1F8D002019828B1FFE70198029987
:10478000C1F8B402FFE70299012081F89C029DF86C
:10479000030002990870029800F02AFA8DF80200CE
:1047A0009DF802008DF80F00FFE79DF80F0004B0A0
:1047B00080BD00000000000080B582B001908DF83F
:1047C000031000208DF802008DF801000198D0F848
:1047D000C8029DF80310F2F793F98DF802009DF8D6
:1047E0000200FFF7C9FE8DF801009DF8010002B03C
:1047F00080BD00000000000080B582B001908DF8FF
:10480000031000208DF802008DF801000198D0F807
:10481000C8029DF80310F2F71FF98DF802009DF809
:104820000200FFF7A9FE8DF801009DF8010002B01B
:1048300080BD00000000000080B588B006908DF8B3
:10484000171004929DF81700002874D1FFE706980E
:10485000143003900698D0F8940202285DD1FFE747
:1048600003998868C968884212D9FFE70399886864
:10487000CA68801A886006980499039A9268FFF7BC
:1048800037FB0698002319461A4600F0BDFA43E0AC
:1048900003988168C06888421ED1FFE70399486881
:1048A000C968884218D3FFE7039840680699D1F891
:1048B0009812884210D2FFE7069800220192114612
:1048C000FFF716FB019B0698C0F898320698194628
:1048D0001A4600F099FA1EE0069890F89C02032808
:1048E00011D1FFE70698D0F8B802C06850B1FFE7D1
:1048F00006990020C1F8D4020698D0F8B812C96809
:104900008847FFE7FFE70698802100F09DFB0698A7
:10491000FFF72AFBFFE7FFE7FFE7069890F8A00202
:1049200040B1FFE7069800F077FC0699002081F877
:10493000A002FFE740E006989DF8171041F08001C3
:10494000FFF7B6FA8DF80A009DF80A00FF2832D06A
:10495000FFE79DF80A0070BBFFE7069890F89C02FD
:10496000032827D1FFE706989DF80A1000EB810085
:10497000D0F8B8024069E0B1FFE79DF80A00069957
:10498000C1F8D40206989DF80A1000EB8101D1F815
:10499000B8124A699DF8171090478DF80B009DF8E2
:1049A0000B0028B1FFE79DF80B008DF81F0007E012
:1049B000FFE7FFE7FFE7FFE700208DF81F00FFE7B5
:1049C0009DF81F0008B080BD80B58AB008908DF8B2
:1049D0001F10069200208DF813009DF81F0000287C
:1049E00040F08280FFE7089800F5AA7005900898CB
:1049F000D0F89402032876D1FFE705998868C96842
:104A000088421DD9FFE705998868CA68801A8860BE
:104A1000089802900698039005998868C9688842AA
:104A200004D2FFE705988068019003E00598C0680C
:104A30000190FFE703990298019AFFF749FA51E0C4
:104A4000089890F8AA0200F01F000146009140B1BA
:104A5000FFE70098012808D0FFE7009802280CD053
:104A600013E000208DF8120013E0089890F8AE12C1
:104A7000FFF726FA8DF812000BE0089890F8AE12B6
:104A8000FFF716FA8DF8120003E000208DF81200EF
:104A9000FFE79DF8120008BBFFE7089890F89C021A
:104AA00003281AD1FFE708989DF8121000EB810047
:104AB000D0F8B802006978B1FFE79DF812000899B4
:104AC000C1F8D40208989DF8121000EB8101D1F8CA
:104AD000B81209698847FFE7FFE7FFE70898FFF783
:104AE00073FAFFE7FFE740E008989DF81F1001F018
:104AF0007F01FFF7DDF98DF812009DF81200FF2805
:104B000032D0FFE79DF8120070BBFFE7089890F8DD
:104B10009C0203281ED1FFE708989DF8121000EBB5
:104B20008100D0F8B802806998B1FFE79DF81200C3
:104B30000899C1F8D40208989DF8121000EB810181
:104B4000D1F8B8128A699DF81F1090478DF81300AC
:104B5000FFE7FFE79DF8130028B1FFE79DF813007A
:104B60008DF8270005E0FFE7FFE700208DF827001C
:104B7000FFE79DF827000AB080BD0000000000009C
:104B800081B00090002001B07047000000000000DC
:104B900080B582B0019000208DF8030001990120BA
:104BA00081F89C020198D0F8B80268B1FFE701983B
:104BB000D0F8B8124A680179904720B1FFE7032086
:104BC0008DF80300FFE7FFE79DF8030002B080BD0A
:104BD00080B582B001908DF803100198D0F8C8021A
:104BE0009DF80310F1F7F0FF02B080BD0000000057
:104BF00080B584B0039003980078012838D1FFE78E
:104C0000039945F26820C2F200400290C0F8E01417
:104C10000399C1F8C8020021C4F20401016009210E
:104C200001710222C2710021817142728172C172CE
:104C300001738173C1730174F2F796FD18B1FFE738
:104C4000ECF736FCFFE745F26820C2F20040019025
:104C500080210091F1F734FE009A01980021F1F7CC
:104C60003BFE019801214FF4BA72F1F735FEFFE7E0
:104C7000002004B080BD000084B002908DF80710C1
:104C80000298D0F8C80200909DF80700000600289E
:104C90000DD5FFE700989DF8071001F07F0101EBAB
:104CA000C10100EB8100807D8DF80F000DE00098C0
:104CB0009DF8071001F07F0101EBC10100EB8100BD
:104CC00090F856028DF80F00FFE79DF80F0004B032
:104CD000704700000000000080B584B002908DF89D
:104CE00007100298D0F8D41200EB8100D0F8B80277
:104CF00020B9FFE703208DF80F0020E0029890F81C
:104D00009C02032817D1FFE70298D0F8D41200EBD9
:104D10008100D0F8B802006A60B1FFE70298D0F8CD
:104D2000D41200EB8101D1F8B8120A6A9DF807107D
:104D30009047FFE7FFE700208DF80F00FFE79DF8A1
:104D40000F0004B080BD000080B584B002908DF8E3
:104D500007100298D0F8D41200EB8100D0F8B80206
:104D600020B9FFE703208DF80F0020E0029890F8AB
:104D70009C02032817D1FFE70298D0F8D41200EB69
:104D80008100D0F8B802406A60B1FFE70298D0F81D
:104D9000D41200EB8101D1F8B8124A6A9DF80710CD
:104DA0009047FFE7FFE700208DF80F00FFE79DF831
:104DB0000F0004B080BD000080B584B003908DF872
:104DC0000B108DF80A20ADF8083000208DF8070090
:104DD0008DF806000398D0F8C8029DF80B10BDF8B6
:104DE00008209DF80A30F1F703FF8DF807009DF8C1
:104DF0000700FFF7C1FB8DF806009DF8060004B020
:104E000080BD00000000000080B586B005908DF8E0
:104E100013100392029300208DF807008DF806000E
:104E20000598D0F8C8029DF81310039A029BF1F779
:104E300057FF8DF807009DF80700FFF79DFB8DF8E1
:104E400006009DF8060006B080BD000000000000CE
:104E500080B586B0059000208DF81300059A0121D9
:104E600082F89C120599C1F8940205994860059949
:104E7000C1F8A402059981F8A0020598D0F8B802FB
:104E8000A0B1FFE70598D0F8B802406868B1FFE725
:104E90000598D0F8B8124A680179904720B1FFE729
:104EA00003208DF81300FFE7FFE7FFE705980022D6
:104EB0000192402303931146FFF77EFF019A039B63
:104EC000059901200290A1F864010598C0F86031AD
:104ED00005988021FFF770FF02990398059A918445
:104EE000059908629DF8130006B080BD000000001F
:104EF00081B00090009890F89C02042807D1FFE749
:104F0000009890F89D02009981F89C02FFE700202C
:104F100001B070470000000080B582B00190019898
:104F200090F89C02032813D1FFE70198D0F8B8024B
:104F300068B1FFE70198D0F8B802C06930B1FFE767
:104F40000198D0F8B812C9698847FFE7FFE7FFE783
:104F5000002002B080BD000082B001908DF80310E7
:104F60009DF8030001990874002002B0704700000A
:104F700080B582B001908DF8031000208DF80200FA
:104F80008DF801000198D0F8C8029DF80310F2F7DF
:104F90008BFD8DF802009DF80200FFF7EDFA8DF809
:104FA00001009DF8010002B080BD0000000000007B
:104FB00080B584B003900291039800F2AA20029970
:104FC00000F0BAF803990120C1F894020399B1F8EE
:104FD000B002C1F89802039890F8AA0200F01F00EE
:104FE0000146009140B1FFE7009801280CD0FFE78F
:104FF0000098022810D017E0039800F2AA2100F0D0
:1050000067FA8DF8070019E0039800F2AA2100F072
:105010009FFC8DF8070011E0039800F2AA2100F030
:10502000BFFA8DF8070009E0039890F8AA1201F082
:10503000800100F009F88DF80700FFE79DF80700F0
:1050400004B080BD0000000080B582B001908DF8F2
:10505000031000208DF802008DF801000198D0F8AF
:10506000C8029DF80310F1F773FE8DF802009DF859
:105070000200FFF781FA8DF801009DF8010002B0EF
:1050800080BD00000000000080B582B001900020CB
:105090008DF803008DF802000198D0F8C802F2F7ED
:1050A0003FFD8DF803009DF80300FFF765FA8DF8CA
:1050B00002009DF8020002B080BD00000000000068
:1050C00081B00090009890F89C02042807D0FFE778
:1050D000009890F89C02009981F89D02FFE70099E2
:1050E000042081F89C02002001B0704700000000FD
:1050F00080B586B005908DF81310039202930020BE
:105100008DF807008DF806000598D0F8C8029DF8C4
:105110001310039A029BF1F78BFE8DF807009DF8A0
:105120000700FFF729FA8DF806009DF8060006B083
:1051300080BD00000000000080B584B003900291A3
:105140000298019001980078039908700198013045
:1051500001900198007803994870019801300190FE
:105160000198FBF72DFD03994880019801300190CB
:105170000198013001900198FBF722FD0399888086
:105180000198013001900198013001900198FBF7DE
:1051900017FD0399C88004B080BD00000000000026
:1051A00080B584B0029001910020ADF80200019812
:1051B00020B9FFE703208DF80F0026E0019802993F
:1051C000C1F8B8020298D0F8D41200EB8100D0F8F0
:1051D000B802C06A78B1FFE70298D0F8D41200EBA9
:1051E0008100D0F8B802C16A0DF102008847029927
:1051F000C1F8D002FFE70299D1F8D8020130C1F816
:10520000D80200208DF80F00FFE79DF80F0004B0D2
:1052100080BD00000000000081B00090002001B0BF
:10522000704700000000000080B584B00390029138
:1052300002988088B8BBFFE70298C08898BBFFE758
:10524000029840887F282ED8FFE70298807800F0E7
:105250007F008DF80700039890F89C02032805D181
:10526000FFE703980299FEF753FE1BE09DF8070045
:10527000039981F89E0203989DF80710FFF778FEC6
:105280000398FEF7A1FE9DF8070028B1FFE70399F8
:10529000022081F89C0204E00399012081F89C021D
:1052A000FFE7FFE704E003980299FEF731FEFFE70E
:1052B00004B080BD0000000080B582B001908DF880
:1052C000031000208DF802000198D0F8B80250B108
:1052D000FFE70198D0F8B8120A689DF803109047CC
:1052E0008DF80200FFE79DF8020002B080BD0000CB
:1052F00080B586B00490039100208DF80B000398D0
:10530000817841F26870C2F2004001700078022892
:1053100008D3FFE704980399FEF7FAFD03208DF800
:105320001700A0E0049890F89C0201460191022821
:1053300004D0FFE7019803282FD07FE041F2687086
:10534000C2F20040007818B3FFE741F26871C2F280
:1053500000410878049A506004980978FFF7ACFF80
:105360008DF80B009DF80B0048B1FFE704980399F6
:10537000FEF7CEFD0499022081F89C0207E0049814
:10538000FEF722FE0499032081F89C02FFE703E068
:105390000498FEF719FEFFE760E041F26870C2F280
:1053A0000040007898B9FFE70499022081F89C0238
:1053B00041F26871C2F200410878049A5060049882
:1053C0000978FEF739FD0498FEF7FEFD35E041F25D
:1053D0006870C2F20040007804994968884227D07A
:1053E000FFE704980179FEF727FD41F26871C2F2E8
:1053F00000410878049A506004980978FFF75CFF30
:105400008DF80B009DF80B0068B1FFE70498039935
:10541000FEF77EFD04980179FEF70EFD0499022047
:1054200081F89C0203E00498FEF7CEFDFFE703E05D
:105430000498FEF7C9FDFFE7FFE70FE00498039922
:10544000FEF766FD049841F26871C2F200410978E6
:10545000FEF7F2FC03208DF80B00FFE79DF80B0030
:105460008DF81700FFE79DF8170006B080BD00001B
:1054700080B582B00190009100984088012808D141
:10548000FFE701990120C1F8A4020198FEF79CFDF5
:1054900013E000984088022809D1FFE7009840797E
:1054A000019981F8A0020198FEF78EFD04E00198B1
:1054B0000099FEF72DFDFFE7FFE702B080BD000079
:1054C00080B582B001900198FFF7DEFD02B080BD8B
:1054D00080B586B00590049100208DF80F000498E7
:1054E000007800F0600001460291A8B1FFE7029841
:1054F000202804D0FFE70298402846D1FFE705980E
:10550000D0F8D41200EB8101D1F8B8128A6804995E
:1055100090478DF80F003DE00498407801460191D6
:1055200009282CD80199DFE801F01B252A202A0A36
:10553000052A160F05980499FEF78EFD24E00598BC
:105540000499FFF771FE1FE005980499FFF7D0FE5C
:105550008DF80F0018E005980499FEF749FD13E057
:1055600005980499FEF774FF0EE005980499FFF77B
:105570007FFF09E005980499FEF77AFC04E005989E
:105580000499FEF7C5FCFFE704E005980499FEF7CF
:10559000BFFCFFE79DF80F0006B080BD00000000D3
:1055A00080B58CB00B900A9100208DF821000A98EC
:1055B00080888DF823000A98007800F0600001468A
:1055C0000791B8B3FFE70798202805D0FFE70798B1
:1055D000402840F0B281FFE70B989DF82310FEF7BA
:1055E00067FC8DF822009DF82200FF2821D0FFE7FC
:1055F0009DF82200E8B9FFE79DF822000B99C1F859
:10560000D4020B989DF8221000EB8100D0F8B8026C
:10561000806868B1FFE70B989DF8221000EB8101CC
:10562000D1F8B8128A680A9990478DF82100FFE7EF
:10563000FFE787E10A98407801460691002800F0CC
:10564000BD80FFE7069801284CD0FFE706980328A5
:1056500040F06D81FFE70B9890F89C0201460591A0
:10566000022804D0FFE70598032819D034E09DF8FC
:10567000230078B1FFE79DF8230080280AD0FFE7D8
:105680000B989DF82310FFF7DFFC0B988021FFF7A4
:10569000DBFC04E00B980A99FEF73AFCFFE720E0F8
:1056A0000A984088A0B9FFE79DF8230078B1FFE78A
:1056B0009DF8230080280AD0FFE70A98C08830B9F7
:1056C000FFE70B989DF82310FFF7BEFCFFE7FFE70D
:1056D0000B98FEF779FC04E00B980A99FEF718FC8A
:1056E000FFE729E10B9890F89C02014604910228FB
:1056F00004D0FFE70498032819D059E09DF823004F
:1057000078B1FFE79DF8230080280AD0FFE70B98C7
:105710009DF82310FFF798FC0B988021FFF794FC6D
:1057200004E00B980A99FEF7F3FBFFE745E00A98BF
:105730004088E0BBFFE79DF82300400630B1FFE75B
:105740000B989DF82310FFF737F8FFE70B98FEF74B
:105750003BFC0B989DF82310FEF7AAFB8DF8220066
:105760009DF82200FF2821D0FFE79DF82200E8B92C
:10577000FFE79DF822000B99C1F8D4020B989DF821
:10578000221000EB8100D0F8B802806868B1FFE712
:105790000B989DF8221000EB8101D1F8B8128A68AD
:1057A0000A9990478DF82100FFE7FFE7FFE704E043
:1057B0000B980A99FEF7ACFBFFE7BDE00B9890F859
:1057C0009C0201460391022804D0FFE703980328B6
:1057D00038D0A6E09DF8230050B1FFE79DF82300E4
:1057E000802805D0FFE70B980A99FEF791FB9DE012
:1057F0009DF82300000600280CD5FFE70B989DF8C4
:10580000231001F07F0101EB810100EB81001430D6
:1058100002900CE00B989DF8231001F07F0101EB42
:10582000810100EB810000F5AA700290FFE7029869
:1058300009900999002008600B9809990222FEF747
:10584000A7FB73E09DF823000006002812D5FFE7B0
:105850000B989DF8231001F00F0101EB810100EB83
:105860008100808C28B9FFE70B980A99FEF750FB5E
:105870005CE012E00B989DF8231001F00F0101EBA2
:10588000810100EB8100B0F8640128B9FFE70B98B3
:105890000A99FEF73DFB49E0FFE79DF8230000066B
:1058A00000280CD5FFE70B989DF8231001F07F012D
:1058B00001EB810100EB8100143001900CE00B98AA
:1058C0009DF8231001F07F0101EB810100EB8100C5
:1058D00000F5AA700190FFE7019809909DF8230058
:1058E00028B1FFE79DF82300802804D1FFE709993C
:1058F000002008600FE00B989DF82310FFF7BCF91B
:1059000020B1FFE709990120086003E00999002010
:105910000860FFE7FFE70B9809990222FEF738FBC2
:1059200004E00B980A99FEF7F3FAFFE704E00B98FE
:105930000A99FEF7EDFAFFE704E00B980A99FEF7E3
:10594000E7FAFFE79DF821000CB080BD00000000E1
:1059500080B584B00390029100208DF80700029872
:10596000007800F060000146009140B1FFE7009828
:10597000202804D0FFE7009840285AD1FFE7039879
:1059800090F89C02013802284DD8FFE70298007970
:10599000012842D8FFE7039802990979FEF790FAA7
:1059A0008DF806009DF80600FF2825D0FFE79DF83A
:1059B000060008BBFFE703989DF8061000EB810086
:1059C000D0F8B802806890B1FFE79DF8060003990F
:1059D000C1F8D40203989DF8061000EB8101D1F8BC
:1059E000B8128A68029990478DF8070003E00320F7
:1059F0008DF80700FFE703E003208DF80700FFE7BD
:105A00000298C08840B9FFE79DF8070020B9FFE77A
:105A10000398FEF7D9FAFFE704E003980299FEF72E
:105A200077FAFFE704E003980299FEF771FAFFE7BF
:105A300004E003980299FEF76BFAFFE79DF8070070
:105A400004B080BD0000000081B0009001B070473C
:105A500081B0009041F66C10C2F2004001B0704776
:105A600084B003900291039801900298007800900E
:105A700002984078012830D1FFE70298007800F0C2
:105A80000F01012000FA01F20199D1F81C0810431E
:105A9000C1F81C080198009900EB4110D0F80009EA
:105AA0000004002818D4FFE7029988686FF3DF200C
:105AB000097940EA8140009A40EA8250019901EB5D
:105AC0004211D1F80029104348F20002C1F200024D
:105AD0001043C1F80009FFE72EE00298007800F0BB
:105AE0000F01012000FA01F20199D1F81C0840EAE7
:105AF0000240C1F81C080198009900EB4110D0F851
:105B0000000B0004002816D4FFE7029988686FF3A1
:105B1000DF20097940EA81400199009A01EB4211A6
:105B2000D1F8002B104348F20002C1F200021043EA
:105B3000C1F8000BFFE7FFE7002004B0704700004A
:105B400082B00190019800900099D1F8000940F2CC
:105B5000FF729043C1F800090099D1F8040840F49D
:105B60008070C1F80408002002B0704700000000F7
:105B700080B58AB0DDF830C0CDF814C0049303922C
:105B800002919DF814108DF824100299039A049B39
:105B900008930792069101909DF81D00012823D1DA
:105BA000FFE70199886B20F4803088630199C86809
:105BB0004FF6BF72CFF6BD721040C8600199C86839
:105BC00020F44010C8609DF82400012806D1FFE7AA
:105BD0000199C86840F48010C860FFE7019800F0A0
:105BE0003FF88DF803001AE00199C86840F04000C2
:105BF000C860019800F034F88DF803009DF821008A
:105C000030B9FFE70199886B40F48030886305E084
:105C10000199886B20F480308863FFE7FFE79DF8E7
:105C20001A00012816D1FFE70199C86D80B2C86536
:105C30000199C86D0022C0F2EE321043C865019987
:105C4000886840F0060088600199886840F020006C
:105C50008860FFE79DF803000AB080BD00000000E7
:105C600083B0019000200090FFE700980130009081
:105C70000098B0F1706F04D9FFE703208DF80B0096
:105C800026E0FFE701980069C00F0028EDD0FFE78C
:105C9000002000900199086940F001000861FFE7C9
:105CA0000098013000900098B0F1706F04D9FFE7C0
:105CB00003208DF80B000BE0FFE70198006900F06E
:105CC00001000128ECD0FFE700208DF80B00FFE772
:105CD0009DF80B0003B0704784B0039002910398C5
:105CE000019002980078009002984078012845D1F0
:105CF000FFE70198009900EB4110D0F80009C00FB0
:105D0000A8B1FFE70198009900EB4111D1F8000913
:105D100040F00060C1F800090198009900EB4111C2
:105D2000D1F8000940F08040C1F80009FFE702986F
:105D3000007800F00F01012000FA01F3019AD2F877
:105D40003C189943C2F83C180299097801F00F01F8
:105D500000FA01F20199D1F81C089043C1F81C081F
:105D60000198009900EB4111D1F8000947F60002B3
:105D7000CEF633421040C1F8000946E00198009980
:105D800000EB4110D0F8000BC00FA8B1FFE701985D
:105D9000009900EB4111D1F8000B40F00060C1F810
:105DA000000B0198009900EB4111D1F8000B40F075
:105DB0008040C1F8000BFFE70298007800F00F0167
:105DC000012000FA01F3019AD2F83C1821EA0341BC
:105DD000C2F83C180299097801F00F0100FA01F2AB
:105DE0000199D1F81C0820EA0240C1F81C0801986A
:105DF000009900EB4111D1F8000B47F60002CEF6F6
:105E0000F3721040C1F8000BFFE7002004B07047A8
:105E100082B00190019800900099D1F8000E20F016
:105E20000300C1F8000E0099D1F8040820F0020028
:105E3000C1F80408002002B0704700000000000014
:105E400082B00190019800900099D1F8000E20F0E6
:105E50000300C1F8000E0099D1F8040840F00200D8
:105E6000C1F80408002002B07047000000000000E4
:105E700080B58CB0DDF838C0CDF81CC00693059213
:105E800004919DF81C108DF82C100499059A069B1E
:105E90000A9309920891039000208DF80B00039952
:105EA00001910090FFE700980E280CD8FFE70398B7
:105EB000009900EB81010020C1F80401FFE7009880
:105EC00001300090EFE79DF82A00B8B9FFE701998B
:105ED000D1F8040840F00200C1F804080399886B67
:105EE00020F4001088630399086840F040000860BF
:105EF0000399086840F08000086005E00399886B0A
:105F000040F400108863FFE701990020C1F8000EFB
:105F10009DF8250001280FD1FFE79DF8230028B93F
:105F2000FFE70398002100F087FE04E003980121B9
:105F300000F082FEFFE704E00398032100F07CFEFE
:105F4000FFE70398102100F0A7FC20B1FFE7012034
:105F50008DF80B00FFE7039800F062FC20B1FFE72B
:105F600001208DF80B00FFE701990020C1F810080F
:105F70000199C1F814080199C1F81C080090FFE7C5
:105F800000989DF8201088423BD2FFE701980099C5
:105F900000EB4110D0F80009C00FB0B1FFE7009846
:105FA00048B9FFE70198009900EB41114FF00060FC
:105FB000C1F8000908E00198009900EB41114FF089
:105FC0009040C1F80009FFE707E00198009900EB55
:105FD00041110020C1F80009FFE70198009900EB8A
:105FE00041110020C1F810090198009900EB4111FE
:105FF0004FF67F30C1F80809FFE7009801300090A4
:10600000BEE700200090FFE700989DF8201088422E
:106010003BD2FFE70198009900EB4110D0F8000B4C
:10602000C00FB0B1FFE7009848B9FFE701980099A9
:1060300000EB41114FF00060C1F8000B08E001983F
:10604000009900EB41114FF09040C1F8000BFFE7C1
:1060500007E00198009900EB41110020C1F8000B06
:10606000FFE70198009900EB41110020C1F8100BE7
:106070000198009900EB41114FF67F30C1F8080BF1
:10608000FFE7009801300090BEE70199D1F81008B1
:1060900020F48070C1F810080399002088610399EA
:1060A0006FF0804048619DF8220030B9FFE7039906
:1060B000886940F010008861FFE70399886943F61A
:1060C0000002C8F23C02104388619DF8260030B1FE
:1060D000FFE70399886940F008008861FFE79DF8B1
:1060E0002A00012808D1FFE7039988690422C4F235
:1060F000000210438861FFE79DF80B000CB080BDE3
:1061000081B000900099886820F00100886000202C
:1061100001B070470000000086B004908DF80F10A9
:106120000292049801900498006C0090009843F249
:106130000B01C4F6547188420BD3FFE70198D0F8E5
:10614000000BC00F20B1FFE700208DF817002EE0F4
:10615000FFE701990020C1F8100B0199D1F8100B4D
:1061600040F40020C1F8100B0199D1F8100B40F059
:106170001800C1F8100B0199D1F8100B40F0C04085
:10618000C1F8100B9DF80F0001280CD1FFE7029811
:106190000199C1F8140B0199D1F8000B40F080204F
:1061A000C1F8000BFFE700208DF81700FFE79DF80E
:1061B000170006B07047000084B003900291039866
:1061C000019002980078009002984078012820D130
:1061D000FFE70198009900EB4111D1F8000920F484
:1061E0000010C1F8000902980079032805D0FFE7E4
:1061F0000298007902280BD1FFE70198009900EB83
:106200004111D1F8000940F08050C1F80009FFE7C2
:106210001FE00198009900EB4111D1F8000B20F428
:106220000010C1F8000B02980079032805D0FFE7A1
:106230000298007902280BD1FFE70198009900EB42
:106240004111D1F8000B40F08050C1F8000BFFE77E
:10625000FFE7002004B0704784B0039002910398D8
:10626000019002980078009002984078012822D18D
:10627000FFE70198009900EB4110D0F80009C00F2A
:1062800070B9FFE7009858B1FFE70198009900EB5B
:106290004111D1F8000920F08040C1F80009FFE762
:1062A0000198009900EB4111D1F8000940F4001069
:1062B000C1F8000921E00198009900EB4110D0F8E5
:1062C000000BC00F70B9FFE7009858B1FFE70198C5
:1062D000009900EB4111D1F8000B20F08040C1F88B
:1062E000000BFFE70198009900EB4111D1F8000B7A
:1062F00040F40010C1F8000BFFE7002004B0704725
:1063000080B588B0079006918DF817200798049003
:1063100006980078039006984078012840F01C8188
:10632000FFE706980069F8B9FFE70498039900EBC6
:106330004111D1F810096FF3DC40C1F8100904983D
:10634000039900EB4111D1F8100940F40020C1F885
:1063500010090498039900EB4111D1F810096FF36B
:106360001200C1F8100969E00498039900EB41118B
:10637000D1F810096FF31200C1F8100904980399BD
:1063800000EB4111D1F810096FF3DC40C1F810099E
:106390000398A8B9FFE7069881680069884204D984
:1063A000FFE7069988680861FFE70498039900EB06
:1063B0004111D1F8100940F40020C1F8100915E08E
:1063C00006988168006908440138B0FBF1F10020AB
:1063D000C1F6F87000EAC1420498039900EB41113C
:1063E000D1F810091043C1F81009FFE706980269B7
:1063F0006FF3DF420498039900EB4111D1F81009C3
:106400001043C1F8100906980079012815D1FFE75B
:106410000498039900EB4111D1F8100920F0C04015
:10642000C1F810090498039900EB4111D1F8100943
:1064300040F00050C1F81009FFE7FFE79DF8170092
:1064400001283BD1FFE70698C06948B1FFE70698ED
:10645000C0690499039A01EB4211C1F81409FFE7DE
:106460000698007901281ED1FFE70498D0F80808A3
:10647000C00500280BD4FFE70498039900EB4111F5
:10648000D1F8000940F00050C1F800090AE0049872
:10649000039900EB4111D1F8000940F08050C1F898
:1064A0000009FFE7FFE70498039900EB4111D1F8D9
:1064B000000940F00440C1F800094CE00498039939
:1064C00000EB4111D1F8000940F00440C1F8000987
:1064D00006980079012813D0FFE70698006970B18B
:1064E000FFE70698007800F00F01012000FA01F2A2
:1064F0000499D1F834081043C1F83408FFE729E0C3
:106500000498D0F80808C00500280BD4FFE70498C9
:10651000039900EB4111D1F8000940F00050C1F897
:1065200000090AE00498039900EB4111D1F8000931
:1065300040F08050C1F80009FFE70798069BD96832
:106540001A781B8A9DF817C0EE46CEF800C000F0FE
:1065500067FCFFE7FFE7C4E00498039900EB4111F3
:10656000D1F8100B6FF31200C1F8100B04980399C7
:1065700000EB4111D1F8100B6FF3DC40C1F8100BA8
:10658000039818BBFFE70698006920B1FFE706995A
:1065900088680861FFE70699886808620698026AB9
:1065A0006FF3DF420498039900EB4111D1F8100B0F
:1065B0001043C1F8100B0498039900EB4111D1F876
:1065C000100B40F40020C1F8100B49E00698006958
:1065D000C0B9FFE7069882686FF3DF420498039919
:1065E00000EB4111D1F8100B1043C1F8100B0498C7
:1065F000039900EB4111D1F8100B40F40020C1F8D1
:10660000100B2CE006988168006908440138B0FB43
:10661000F1F0ADF80A0006998868BDF80A205043E9
:106620000862BDF80A100020C1F6F87000EAC14205
:106630000498039900EB4111D1F8100B1043C1F8F5
:10664000100B0698026A6FF3DF420498039900EB7F
:106650004111D1F8100B1043C1F8100BFFE7FFE711
:106660009DF8170001280ED1FFE70698C06848B1D1
:10667000FFE70698C0680499039A01EB4211C1F83C
:10668000140BFFE7FFE70698007901281ED1FFE70A
:106690000498D0F80808C00500280BD4FFE7049838
:1066A000039900EB4111D1F8000B40F00050C1F804
:1066B000000B0AE00498039900EB4111D1F8000B9C
:1066C00040F08050C1F8000BFFE7FFE70498039902
:1066D00000EB4111D1F8000B40F00440C1F8000B71
:1066E000FFE7002008B080BD85B004900391002032
:1066F00002908DF8070004980090039840780128D4
:106700003ED1FFE700980399097800EB4110D0F8DB
:106710000009C00F98B3FFE700980399097800EBD0
:106720004111D1F8000940F00060C1F8000900985B
:106730000399097800EB4111D1F8000940F080403D
:10674000C1F80009FFE7029801300290029842F276
:106750001171884204D3FFE701208DF807000DE096
:10676000FFE700980399097800EB4110D0F8000981
:1067700000F00040B0F1004FE5D0FFE7FFE73DE05B
:1067800000980399097800EB4110D0F8000BC00F76
:1067900098B3FFE700980399097800EB4111D1F80D
:1067A000000B40F00060C1F8000B009803990978D5
:1067B00000EB4111D1F8000B40F08040C1F8000B14
:1067C000FFE7029801300290029842F2117188426C
:1067D00004D3FFE701208DF807000DE0FFE70098E4
:1067E0000399097800EB4110D0F8000B00F000404D
:1067F000B0F1004FE5D0FFE7FFE7FFE79DF80700A6
:1068000005B070470000000081B0009000998868D2
:1068100040F001008860002001B0704700000000D7
:1068200083B0019000200090FFE7009801300090B5
:106830000098B0F1706F04D9FFE703208DF80B00CA
:1068400024E0FFE701980069C00F0028EDD0FFE7C2
:1068500000200090019910200861FFE700980130A6
:1068600000900098B0F1706F04D9FFE703208DF815
:106870000B000BE0FFE70198006900F01000102802
:10688000ECD0FFE700208DF80B00FFE79DF80B0030
:1068900003B070470000000084B002900191002016
:1068A0000090FFE70098013000900098B0F1706F01
:1068B00004D9FFE703208DF80F0026E0FFE70298D8
:1068C0000069C00F0028EDD0FFE70020009001987C
:1068D0008001203002990861FFE7009801300090A4
:1068E0000098B0F1706F04D9FFE703208DF80F0016
:1068F0000BE0FFE70298006900F020002028ECD0B0
:10690000FFE700208DF80F00FFE79DF80F0004B0AF
:10691000704700000000000084B0039003980290CC
:106920000298D0F8080800F006000090009820B9FE
:10693000FFE700208DF8070010E00098022804D03F
:10694000FFE70098062804D1FFE702208DF8070032
:1069500003E00F208DF80700FFE7FFE79DF8070031
:1069600004B070470000000081B0009000984069BA
:1069700000F0010001B0704783B0029002980190CE
:106980000198D0F8180800900198D0F81C180098C9
:1069900008400090BDF8000003B070470000000000
:1069A00083B00290029801900198D0F818080090E6
:1069B0000198D0F81C18009808400090BDF802001B
:1069C00003B070470000000086B005908DF81310EA
:1069D000059803900398D0F8100801900398D0F818
:1069E0003408009000989DF8131001F00F01C84082
:1069F00000F00101019840EAC110019003989DF850
:106A0000131000EB4110D0F80809019908400290DA
:106A1000029806B07047000084B003908DF80B1008
:106A20000398019001989DF80B1000EB4110D0F8ED
:106A3000080B00900198D0F81418009808400090B6
:106A4000009804B07047000082B00190019840693E
:106A5000009001988169009808400090009802B069
:106A6000704700000000000089B008900791ADF861
:106A70001A200898059007980490BDF81A0080081D
:106A80000190BDF81A0000F00300ADF802000020EC
:106A90000290FFE702980199884217D2FFE7059814
:106AA0004FF48051405804990860049801300490D4
:106AB0000498013004900498013004900498013047
:106AC0000490FFE7029801300290E3E7BDF802006E
:106AD00008B3FFE70020029005984FF4805140581A
:106AE0000390FFE703989DF80810C900C840049977
:106AF0000870029801300290049801300490BDF8AB
:106B000002000138ADF80200FFE7BDF802000028DE
:106B1000E8D1FFE7FFE7049809B0704700000000E4
:106B200080B586B004908DF80F1000200290049973
:106B3000C86820F0C040C8609DF80F00012823D12C
:106B4000FFE70499C86840F00050C860FFE70A20DA
:106B5000EDF7EEFF02980A300290FFE70498FFF786
:106B600003FF014600200129019007D0FFE70299A9
:106B70000020C82938BF01200190FFE70198C00715
:106B80000028E4D1FFE72AE09DF80F0010BBFFE7E3
:106B90000499C86840F08040C860FFE70A20EDF71C
:106BA000C7FF02980A300290FFE70498FFF7DCFE67
:106BB00001460020009039B1FFE702990020C82962
:106BC00038BF01200090FFE70098C0070028E5D1FA
:106BD000FFE703E001208DF817000CE0FFE70298C3
:106BE000C82804D1FFE701208DF8170003E000203A
:106BF0008DF81700FFE79DF8170006B080BD000074
:106C000083B002908DF80710029800900099D1F897
:106C1000000820F4FE60C1F800089DF8070000F0AD
:106C20007F020099D1F8000840EA0210C1F800087C
:106C3000002003B07047000083B002908DF8071069
:106C4000029800909DF807200099D1F800081043A1
:106C5000C1F80008002003B07047000000000000E9
:106C600084B0039002918DF807209DF80700022858
:106C700040F0B880FFE702984AF6C041C0F2D80160
:106C800088420BD3FFE702984EF2BF11C0F2E40135
:106C9000884203D8FFE70F200090A2E002984EF24E
:106CA000C011C0F2E40188420BD3FFE7029842F220
:106CB000FF31C0F2F401884203D8FFE70E200090B4
:106CC0008EE0029842F20041C0F2F40188420BD3F8
:106CD000FFE7029847F27F31C0F20611884203D8DD
:106CE000FFE70D2000907AE0029847F28031C0F271
:106CF000061188420BD3FFE7029844F69F11C0F2B9
:106D00001A11884203D8FFE70C20009066E0029831
:106D100044F6A011C0F21A1188420BD3FFE7029883
:106D200042F6FF41C0F23111884203D8FFE70B2041
:106D3000009052E0029842F60051C0F231118842B0
:106D40000BD3FFE702984AF23F41C0F24C11884250
:106D500003D8FFE70A2000903EE002984AF2404143
:106D6000C0F24C1188420BD3FFE7029843F2FF5167
:106D7000C0F26E11884203D8FFE7092000902AE094
:106D8000029843F20061C0F26E1188420BD3FFE714
:106D900002984AF61F31C0F2A611884203D8FFE7D5
:106DA0000820009016E002984AF62031C0F2A611A1
:106DB00088420BD3FFE7029844F2FF71C0F2E8115A
:106DC000884203D8FFE70720009002E006200090E9
:106DD000FFE7FFE7FFE7FFE7FFE7FFE7FFE7FFE783
:106DE000FFE70AE09DF8070018B9FFE709200090C7
:106DF00002E009200090FFE7FFE70399C86820F44C
:106E00007050C860009800F00F020399C86840EA0B
:106E10008220C860002004B070470000000000001D
:106E200080B588B084460A98CDF81CC006918DF8CC
:106E30001720ADF814308DF81300079803900698CA
:106E400002909DF8130048BBFFE7BDF81400033023
:106E50008008019000200090FFE700980199884287
:106E60001BD2FFE70298006803999DF8172001EBF9
:106E700002314FF4805288500298013002900298FB
:106E80000130029002980130029002980130029085
:106E9000FFE7009801300090DFE7FFE7002008B02F
:106EA00080BD000000000000FFE7FEE700000000DA
:106EB00080B50BF071FF80BD80B50BF055FF80BD34
:106EC00080B588B084460A98ADF81EC0ADF81C1095
:106ED000ADF81A200593ADF81200BDF81E00ADF80C
:106EE0000C00BDF81C00ADF80E00BDF81A00ADF89E
:106EF000100006208DF80B009DF80B2040F648404E
:106F0000C2F200400730019003A9E9F730FA019876
:106F10009DF80B1008440599BDF81220E9F727FAEF
:106F2000BDF812009DF80B10084481B240F2013008
:106F300000F096FC08B080BD10B590B00020ADF810
:106F40003A00ADF838004E20ADF836004D20ADF8CF
:106F500034004620ADF8320040F2AA40C2F20040B0
:106F60006946886108200B9048610A2008614FF447
:106F70008270C8604FF496708860BE204860AA2076
:106F80000860012109914FF470724FF407730846AD
:106F900003F042FE0F900F9B186859689A68D3F867
:106FA0000BC044F29173C2F20043C3F80BC09A6065
:106FB0005960186040F62C00C2F20040017801F5DB
:106FC0008072EC460F20CCF8000040F20110FFF771
:106FD00077FF0B9809996A460DF13603536140F229
:106FE000AE43C2F200431361D0600220079090606C
:106FF000506014200890106040F276324FF487738E
:107000000A93084603F0B8FEDDF82CC0079B0898E9
:1070100009996A460DF1340EC2F814E040F2B24EFE
:10702000C2F2004EC2F810E0C2F80CC09360536088
:1070300010604FF46E7240F20513084603F09CFE98
:10704000DDF81CC0089809990A9BDDF82CE06A4617
:107050000DF13204546140F2B644C2F200441461AE
:10706000C2F80CE0C2F808C0C2F804C0106040F2D8
:10707000FD32084603F080FE10B010BD0000000095
:1070800080B584B0039041F20400CEF200000068A5
:107090000290029803990968401A00EE100AB8EEAF
:1070A000400A40F23870C2F2004090ED001AB8EE8B
:1070B000411A80EE010A8DED010A029803990860D9
:1070C00003F072FF9DED010A04B080BD00000000D6
:1070D000B0B58EB00020ADF83200ADF83000BDF88C
:1070E000320000EE100AB8EEC00B9FED731B30EEBD
:1070F000011BBCEEC11B11EE102ABDF8300001EEE1
:10710000100AB8EEC11B9FED6E2B31EE021BBCEED8
:10711000C11B11EE103A9FED6C1B30EE010BBCEE63
:10712000C00B10EE100A40F2BA41C2F20041EC4628
:10713000CCF8101008240894CCF80C4001210B91D5
:10714000CCF80810CCF80430CCF80000084603F066
:10715000AFFE0B990D900D9A10685368D2F808C0D5
:10716000D2F80BE044F29172C2F200420792C2F8E8
:107170000BE0C2F808C053601060BDF8320000EEAA
:10718000100AB8EEC01B9FED520B31EE000BBCEEA7
:10719000C00B10EE102ABDF8300000EE100AB8EE59
:1071A000C00B9FED4D2B30EE022BBCEEC22B12EE2E
:1071B000103A9FED4B2B31EE021BBCEEC11B11EEC2
:1071C000100A9FED491B30EE010BBCEEC00B10EE18
:1071D00010EA40F2BE45C2F20045EC46CCF8105031
:1071E000CCF80C40CCF80810CCF804E0CCF8000047
:1071F000084603F05DFE079B0D90DDF834C0DCF817
:107200000000DCF80410DCF80820DCF80BC0C3F840
:107210001AC0C3F81720C3F81310C3F80F0040F6C4
:107220002C00C2F20040017801F58072EC461E206D
:10723000CCF800004FF48170FFF742FE08980B99DC
:1072400040F2CA43C2F200436A46536140F2C2436D
:10725000C2F200431361D060022009909060506038
:1072600014200A90106040F2752240F2272308464D
:1072700003F082FDDDF820C0099B0A980B9940F2CB
:10728000CC4EC2F2004E6A46C2F814E040F2C64E3E
:10729000C2F2004EC2F810E0C2F80CC09360536016
:1072A000106040F2BD2240F2F623084603F064FD70
:1072B0000EB0B0BD00BF00BF00000000002883403A
:1072C0000000000000E08040000000000038824024
:1072D0000000000000B085400000000000E0874092
:1072E0000000000000F884400000000000788840A2
:1072F00080B58CB08DF82F000020ADF82600ADF8D9
:1073000024009DF82F100120002908BF022042F61A
:10731000A451C2F20041087040F62C00C2F20040B5
:10732000007A01460891012808D0FFE70898022852
:1073300026D0FFE70898032844D065E042F6A45021
:10734000C2F20040017840F2CE40C2F200406A46EC
:107350009061022050610A2010614FF48270D06069
:107360004FF496709060B0205060AA20106000200A
:107370004FF470724FF4077303F04EFC0A9065E00F
:1073800042F6A450C2F20040017840F2CE40C2F270
:1073900000406A469061022050610A2010614FF45B
:1073A0008270D0604FF496709060B8205060B0202A
:1073B000106000204FF470724FF4077303F02CFC40
:1073C0000A9043E042F6A450C2F20040017840F235
:1073D000CE40C2F200406A469061022050610A200D
:1073E00010614FF48270D0604FF496709060BE20B0
:1073F0005060B820106000204FF470724FF4077393
:1074000003F00AFC0A9021E042F6A450C2F20040C8
:10741000017840F2CE40C2F200406A4690610720F7
:1074200050610A2010614FF48270D0604FF4967062
:107430009060BE205060AA20106000204FF470724F
:107440004FF4077303F0E8FB0A90FFE70A9B186804
:1074500059689A68D3F80BC044F29173C2F20043A2
:10746000C3F80BC09A605960186040F62C00C2F255
:107470000040017801F58072EC460F20CCF8000046
:1074800040F20110FFF71CFD0CB080BD00000000B1
:107490002DE9F04192B040F2A830C2F200400178EC
:1074A0000120002908BF022042F6A551C2F2004186
:1074B000087040F62C00C2F200404078032869D1E1
:1074C000FFE742F6A550C2F200400C90017840F26E
:1074D000D240C2F200406A46106103200D90D06095
:1074E00004200E9090604FF4E170506040F27940BB
:1074F000106001200F9040F28A22002303F0D8FC94
:107500000C99DDF834C00E9A03460F981193DDF8FC
:1075100044E0DEF80030DEF80440DEF80850DEF823
:107520000B6044F2917EC2F2004ECDF840E0CEF8FE
:107530000B60CEF80850CEF80440CEF80030097841
:1075400040F2D64EC2F2004E6B46C3F810E0C3F8CC
:107550000CC09A604FF4DC725A6040F28B521A6091
:107560004FF4F062B42303F0A3FC10991190DDF8FE
:1075700044C0DCF80000DCF80420DCF80830DCF85B
:107580000BC0C1F81AC0C1F81730C1F81320C1F8F8
:107590000F0065E042F6A550C2F200400690017867
:1075A00040F2D240C2F200406A4610610324D46027
:1075B0000420099090600020079050604FF4F07014
:1075C000106001200A9040F213324FF4A273089326
:1075D00003F06EFC0699079A089BDDF824E08446C8
:1075E0000A98CDF844C0119DD5F800C06E68AF6808
:1075F000D5F80B8044F29175C2F200450B95C5F8A1
:107600000B80AF606E60C5F800C0097840F2D645C7
:10761000C2F20045EC46CCF81050CCF80C40CCF847
:1076200008E0CCF804204FF4B462CCF8002040F21B
:107630006C4203F03DFC0B991190DDF844C0DCF87E
:107640000000DCF80420DCF80830DCF80BC0C1F8DE
:107650001AC0C1F81730C1F81320C1F80F00FFE7B6
:1076600040F62C00C2F20040017801F580726B46B2
:107670001E20186044F29173C2F200434FF48170EF
:10768000FFF71EFC12B0BDE8F08100000000000012
:1076900083B002908DED010ACDED000A029890EDC5
:1076A000000A9DED011AB4EE410AF1EE10FA04DA77
:1076B000FFE70198029908600FE0029890ED000A38
:1076C0009DED001AB4EE410AF1EE10FA04DDFFE779
:1076D000009802990860FFE7FFE703B070470000D9
:1076E00080B594B00DA90A9101460A9880ED060A6A
:1076F0008DF84B100021CCF2202110910021C4F212
:1077000020210F912821ADF83A108C21ADF83810C6
:1077100090ED060A90ED032A30EE420A90ED021A2F
:1077200031EE421A80EE010A80ED000A90ED000A67
:10773000B5EE400AF1EE10FA05DAFFE79FED470AD1
:107740008DED090A1AE00A9890ED000AB7EE001ACA
:10775000B4EE410AF1EE10FA05DDFFE7B7EE000ADC
:107760008DED080A05E00A9890ED000A8DED080AF3
:10777000FFE79DED080A8DED090AFFE70A999DEDE7
:10778000090A81ED000ABDF83A0091ED000ABDF842
:107790003810091A01EE101AB8EEC11A20EE010ACB
:1077A000BCEEC00A10EE101A0844ADF83200BDF865
:1077B00032000138ADF83000BDF832000130ADF8CC
:1077C0002E009DF84B000121002808BF022142F63F
:1077D000A650C2F2004001700178BDF83020BDF81B
:1077E0002EC040F2DA40C2F200406B4698610020A1
:1077F00058614FF0240EC3F810E040F2771EC3F832
:107800000CE0C3F808E0C3F804C01A604FF47072CB
:107810004FF4077303F000FA1190119B1868596830
:107820009A68D3F80BC044F29173C2F20043C3F8D4
:107830000BC09A605960186040F62C00C2F20040FC
:10784000017801F58072EC460F20CCF8000040F280
:107850000110FFF735FB14B080BD00BF0000000031
:1078600080B584B0ADF80E00ADF80C10BDF80C007A
:10787000093042F6A751C2F200410091087040F66B
:107880004840C2F200400190A5210170BDF80C10E3
:10789000A0F8011042F6A853C2F2004319784A1C1E
:1078A0001A70C170052102F0BBFE00990198BDF865
:1078B0000E20A0F80520097802F046FF03208DF87D
:1078C0000B00FFE79DF80B0088B1FFE79DF80B0068
:1078D00001388DF80B0042F6A750C2F20040017843
:1078E00040F64840C2F2004002F0B6FFEAE704B0BA
:1078F00080BD00000000000010B588B002F00CFE52
:10790000BCEEC00A42F6AC50C2F2004080ED000A64
:1079100040F2A830C2F200400078012866DBFFE7A1
:1079200040F2A830C2F200400178013901700078BD
:10793000FE280CD1FFE742F69831C2F20041002048
:10794000087042F69B31C2F200410870FFE740F236
:10795000A830C2F200400078C00768B9FFE700F025
:107960008BFF01F04DFA01F02BFBFFF7B1FBFFF7A6
:107970008FFDFFF7E1FA08E001F0BAFB01F0F0FD3E
:1079800002F026F802F074FAFFE740F2A830C2F2E3
:107990000040069000789FEDDE0A8DED050A02F0AA
:1079A000DFFB00F029FA9DED050A06980078FFF745
:1079B00097FE06980078FFF79BFC40F62C01C2F278
:1079C000004108684A688B68D1F80CC0D1F810E013
:1079D0004C6940F64401C2F200414C61C1F810E02C
:1079E000C1F80CC08B604A600860BBE142F6983079
:1079F000C2F20040007820B3FFE702F08DFDBCEE3C
:107A0000C00A8DED070A079842F6BC51C2F2004148
:107A10000968401AB0F5FA7F12D9FFE7079842F6D5
:107A2000BC51C2F20041086042F69831C2F20041F6
:107A30000020087042F69B31C2F200410870FFE757
:107A40000AE002F069FDBCEEC00A42F6BC50C2F288
:107A5000004080ED000AFFE745F6BC40C2F200405E
:107A600000780146049150B1FFE70498012800F026
:107A7000AA80FFE70498022800F0078172E140F62F
:107A80004400C2F20040007940F62C01C2F20041ED
:107A90000979884223D0FFE745F6AC41C2F20041A4
:107AA00008880130088045F6BC41C2F2004101203F
:107AB000087042F6B051C2F20041087042F6B85167
:107AC000C2F200410020087042F6AC50C2F2004001
:107AD000006842F6B451C2F20041086042E140F64B
:107AE0004400C2F20040007A40F62C01C2F200418C
:107AF000097A88421DD0FFE745F6BC41C2F2004139
:107B00000120087042F6B051C2F200410220087014
:107B100042F6B851C2F200410020087042F6AC5063
:107B2000C2F20040006842F6B451C2F2004108605F
:107B300018E140F64400C2F20040407840F62C01C3
:107B4000C2F20041497888421DD0FFE745F6BC41AA
:107B5000C2F200410120087042F6B051C2F2004169
:107B60000320087042F6B851C2F2004100200870AC
:107B700042F6AC50C2F20040006842F6B451C2F284
:107B800000410860EEE042F6AC50C2F200400068EE
:107B900042F6B451C2F200410968401A0B2811D3D1
:107BA000FFE745F6BC41C2F200410220087042F6F0
:107BB000AC50C2F20040006842F6B451C2F200413B
:107BC0000860FFE7CEE042F6B050C2F20040007815
:107BD00001460391012808D0FFE70398022811D03D
:107BE000FFE7039803281BD027E000F005F940F6D3
:107BF0002C00C2F20040007940F64401C2F200417C
:107C000008711AE00020FFF773FB40F62C00C2F267
:107C10000040007A40F64401C2F2004108720CE0D4
:107C2000FFF736FC40F62C00C2F20040407840F6E8
:107C30004401C2F200414870FFE742F6B850C2F278
:107C4000004001780131017000780A2811DBFFE75C
:107C500045F6BC41C2F200410020087042F6AC502B
:107C6000C2F20040006842F6B451C2F2004108601E
:107C70000AE042F6AC50C2F20040006842F6B4514D
:107C8000C2F200410860FFE76CE040F64400C2F237
:107C9000004090ED040A40F62C00C2F2004090ED46
:107CA000041A30EE410A0AF0CFFF9FED2F1AB4EE0E
:107CB000410AF1EE10FA12DDFFE740F62C00C2F2A5
:107CC0000040029090ED040A0020FFF709FD0298A1
:107CD000006940F64401C2F200410861FFE740F646
:107CE0004400C2F2004090ED030A40F62C00C2F2BC
:107CF000004090ED031A30EE410A0AF0A5FF9FED17
:107D00001A1AB4EE410AF1EE10FA10DB02E000BFDD
:107D10000000000000F02CF840F62C00C2F20040F9
:107D2000C06840F64401C2F20041C860FFE740F677
:107D30002C00C2F2004090ED050A0020019002F0F4
:107D40000FFA019845F6BC41C2F20041087042F6B4
:107D5000AC50C2F20040006842F6B451C2F2004199
:107D60000860FFE708B010BD0AD7233C0000000000
:107D700080B58AB00020ADF82200ADF8200040F2B6
:107D8000DE41C2F200416A469161022151611E2129
:107D9000116140F26511D1609160E1215160B4211F
:107DA000116001214FF470724FF4077302F034FF39
:107DB0000990099B186859689A68D3F80BC044F277
:107DC0009173C2F20043C3F80BC09A605960186007
:107DD00040F62C00C2F20040017801F58072EC46BA
:107DE0000F20CCF8000040F20110FFF769F80AB04C
:107DF00080BD0000000000002DE9F0439BB0002092
:107E0000ADF86600ADF8640040F2A830C2F2004060
:107E100001780120002908BF022042F6C051C2F2B9
:107E20000041087040F62C00C2F200400079014683
:107E3000189128B1FFE71898012800F0A1803FE1D0
:107E400042F6C050C2F200401290017840F2E24285
:107E5000C2F20042684602610225C56006248460C1
:107E600040F29322426040F2396214920260002094
:107E7000169040F2D62303F01BF81299024616988A
:107E80001A92DDF868E0DEF80020DEF80430DEF853
:107E900008C0DEF80BE044F29176C2F20046179675
:107EA000C6F80BE0C6F808C073603260097840F28B
:107EB000E642C2F200426B461A61DD609C6040F20D
:107EC000F72213925A6040F2FE521A604FF4C762D2
:107ED0004FF43573159302F0EBFF1299DDF84CC0A7
:107EE000149A159B86461698CDF868E0DDF86890E0
:107EF000D9F800E0D9F80470D9F80880D9F80B90C7
:107F0000C6F81A90C6F81780C6F81370C6F80FE0C6
:107F1000097840F2EA46C2F20046EE46CEF810601A
:107F2000CEF80C50CEF80840CEF804C040F2736C86
:107F3000CEF800C002F0BCFF179B1A90DDF868C0B5
:107F4000DCF80000DCF80410DCF80820DCF80BC0DA
:107F5000C3F829C0C3F82620C3F82210C3F81E00B6
:107F600040F62C00C2F20040017801F58072EC4628
:107F70002D20CCF8000040F20310FEF7A1FF3FE1F6
:107F800042F6C050C2F200400C90017840F2E2424A
:107F9000C2F20042684602610325C560062484607F
:107FA00040F29322426040F239620E920260002059
:107FB000109040F2D62302F07BFF0C9902461098F5
:107FC0001A92DDF868E0DEF80020DEF80430DEF812
:107FD00008C0DEF80BE044F29176C2F2004611963A
:107FE000C6F80BE0C6F808C073603260097840F24A
:107FF000E642C2F200426B461A61DD609C6040F2CC
:10800000F7220D925A6040F2FE521A604FF4C76296
:108010004FF435730F9302F04BFF0C99DDF834C029
:108020000E9A0F9B86461098CDF868E0DDF86890B0
:10803000D9F800E0D9F80470D9F80880D9F80B9085
:10804000C6F81A90C6F81780C6F81370C6F80FE085
:10805000097840F2EA46C2F20046EE46CEF81060D9
:10806000CEF80C50CEF80840CEF804C040F2736C45
:10807000CEF800C002F01CFF119B1A90DDF868C01A
:10808000DCF80000DCF80410DCF80820DCF80BC099
:10809000C3F829C0C3F82620C3F82210C3F81E0075
:1080A00040F62C00C2F20040017801F58072EC46E7
:1080B0002D20CCF8000040F20310FEF701FF9FE0F6
:1080C00042F6C050C2F200400690017840F2E2420F
:1080D000C2F20042684602610725C560062484603A
:1080E00040F29322426040F239620892026000201E
:1080F0000A9040F2D62302F0DBFE069902460A9867
:108100001A92DDF868E0DEF80020DEF80430DEF8D0
:1081100008C0DEF80BE044F29176C2F200460B96FE
:10812000C6F80BE0C6F808C073603260097840F208
:10813000E642C2F200426B461A61DD609C6040F28A
:10814000F72207925A6040F2FE521A604FF4C7625B
:108150004FF43573099302F0ABFE0699DDF81CC0AD
:10816000089A099B86460A98CDF868E0DDF8689081
:10817000D9F800E0D9F80470D9F80880D9F80B9044
:10818000C6F81A90C6F81780C6F81370C6F80FE044
:10819000097840F2EA46C2F20046EE46CEF8106098
:1081A000CEF80C50CEF80840CEF804C040F2736C04
:1081B000CEF800C002F07CFE0B9B1A90DDF868C080
:1081C000DCF80000DCF80410DCF80820DCF80BC058
:1081D000C3F829C0C3F82620C3F82210C3F81E0034
:1081E00040F62C00C2F20040017801F58072EC46A6
:1081F0002D20CCF8000040F20310FEF761FEFFE7EF
:108200001BB0BDE8F0830000B0B586B094468E4642
:1082100004460E980D980C980B990A9A8DF8174001
:10822000CDF810E0ADF80EC0ADF80C308DF80B2095
:108230008DF80A10ADF808000E98827842F6C15108
:10824000C2F2004100918A70008808809DF81720D2
:10825000D1F8030002F00F0220F4707040EA82109F
:10826000C1F80300049AD1F8030062F30200C1F8D8
:108270000300D1F8030040F03800C1F803000D9A64
:10828000D1F8030002F00F0220F4705040EA82207F
:10829000C1F80300BDF80E20D1F807006FF3DF220C
:1082A0006FF3942040EA8220C1F80700BDF80C204B
:1082B000D1F807006FF35F5040EA4250C1F8070061
:1082C0009DF80B20D1F803006FF3963040EA82301E
:1082D000C1F803009DF80A20D1F803006FF3DF50C6
:1082E00040EAC250C1F80300BDF80820D1F80700E9
:1082F00062F30900C1F807000F208DF80700FFE7BF
:108300009DF807002C280FDCFFE79DF8072044F2BA
:108310009171C2F2004100208854FFE79DF80700E8
:1083200001308DF80700EBE742F6C150C2F2004081
:1083300006B0B0BD0000000085B004908DF80F10AD
:10834000049845F28801C2F2004188423FD1FFE71C
:108350009DF80F00013801460191072836D8019990
:10836000DFE801F0040A10161C22282E40F2B0505B
:10837000C2F20040029029E040F2B850C2F2004040
:10838000029023E040F2C050C2F2004002901DE093
:1083900040F2C850C2F20040029017E040F2D050C4
:1083A000C2F20040029011E040F2D850C2F2004008
:1083B00002900BE040F2E050C2F20040029005E073
:1083C00040F2E850C2F200400290FFE747E0049814
:1083D00045F22811C2F2004188423FD1FFE79DF8E3
:1083E0000F00013801460091072836D80099DFE8D0
:1083F00001F0040A10161C22282E40F24060C2F23E
:108400000040029029E040F24860C2F20040029031
:1084100023E040F25060C2F2004002901DE040F2C2
:108420005860C2F20040029017E040F26060C2F271
:108430000040029011E040F26860C2F200400290F9
:108440000BE040F27060C2F20040029005E040F2A2
:108450007860C2F200400290FFE7FFE7FFE7029872
:1084600005B070470000000086B005908DF813102D
:10847000059845F28801C2F2004188425BD1FFE7CE
:108480009DF813000138014602910A2852D802993A
:10849000DFE801F0060C131A21272E353C42490073
:1084A00040F2F850C2F20040039043E040F2F8502E
:1084B000C2F20040023003903CE040F2F850C2F2B9
:1084C00000400430039035E040F2F850C2F2004022
:1084D000063003902EE040F2F050C2F200400390CC
:1084E00028E040F2F050C2F200400230039021E058
:1084F00040F2F050C2F20040043003901AE040F223
:10850000F050C2F200400630039013E040F20060E9
:10851000C2F2004003900DE040F20060C2F2004061
:108520000230039006E040F20060C2F200400430E6
:108530000390FFE7C7E0059845F22811C2F2004119
:1085400088425BD1FFE79DF8130001380146019195
:108550000A2852D80199DFE801F0060C131A2127E6
:108560002E353C42490040F28860C2F20040039040
:1085700043E040F28860C2F20040023003903CE0E9
:1085800040F28860C2F200400430039035E040F2CF
:108590008860C2F20040063003902EE040F2806016
:1085A000C2F20040039028E040F28060C2F2004036
:1085B0000230039021E040F28060C2F200400430BB
:1085C00003901AE040F28060C2F20040063003904F
:1085D00013E040F29060C2F2004003900DE040F2E0
:1085E0009060C2F200400230039006E040F29060DA
:1085F000C2F2004004300390FFE763E0059845F2C3
:10860000C811C2F2004188425BD1FFE79DF8130018
:108610000138014600910A2852D80099DFE801F09C
:10862000060C131A21272E353C42490040F2E8601F
:10863000C2F20040039043E040F2E860C2F2004022
:10864000023003903CE040F2E860C2F200400430A7
:10865000039035E040F2E860C2F20040063003903B
:108660002EE040F2E060C2F20040039028E040F2C9
:10867000E060C2F200400230039021E040F2E0608E
:10868000C2F20040043003901AE040F2E060C2F20F
:1086900000400630039013E040F2F060C2F2004068
:1086A00003900DE040F2F060C2F20040023003900F
:1086B00006E040F2F060C2F2004004300390FFE7B1
:1086C000FFE7FFE7FFE7039806B0704700000000F0
:1086D00080B582B000F024F840F60040C2F20040BD
:1086E00090ED000AB8EE400A818801EE101AB8EE4B
:1086F000C11A9FED092AA1EE020AC08801EE100AF4
:10870000B8EEC11A9FED052AA1EE020A8DED010A0D
:108710009DED010A02B080BD6F12833ABD378635E8
:10872000B0B586B002F040FC41F20400CEF2000089
:108730000068059040F25470C2F20040016805984C
:10874000002302934FF0FF3C1A46E1FB0C0240F27B
:108750004871C2F2004100914A60086008684968A7
:1087600040F23874C2F200442268E7F7CFFD029B62
:1087700002468C46009942F6D050C2F20040C0F842
:1087800004C00260D1F800C04968D0F800E0426837
:108790002468AEFB04E502FB0452BCEB0E0C61EB5B
:1087A000020242F6D851C2F200410391C1F800C062
:1087B0004A60006840F60042C2F200420492106033
:1087C0000868496840F23C72C2F2004201921268A5
:1087D000E7F79CFDDDF804C0029B049A014603986C
:1087E0009180016840689288DCF800C002FB0CF2BE
:1087F0008A1A60F1000042F6E051C2F200410A60BC
:1088000048600868496840F24072C2F2004212684B
:10881000E7F77CFD0499C88006B0B0BD00000000F9
:1088200087B00690059104928DED030ACDED020A02
:1088300006980599401A00EE100AB8EEC00A04988E
:10884000401A01EE100AB8EEC11A80EE010A8DED51
:10885000010A9DED011A9DED022A9DED030A32EEFB
:10886000402AA1EE020A8DED000A9DED000A07B034
:108870007047000000000000B0B592B00020ADF8D5
:108880004200ADF84000BDF8420000EE100AB8EE1C
:10889000C01B9FEDFB0B8DED060B31EE000BBCEE0C
:1088A000C00B10EE102ABDF8400000EE100AB8EE22
:1088B000C00B9FEDFB2B30EE022BBCEEC22B12EE59
:1088C000103A9FEDF92B8DED082B31EE021BBCEE1B
:1088D000C11B11EE100A9FEDF61B30EE010BBCEE32
:1088E000C00B10EE10EA40F2EE41C2F20041EC463D
:1088F000CCF810100824CCF80C4001210E91CCF8D3
:108900000810CCF804E0CCF80000084602F0D0FAD9
:108910000E991190119A10685368D2F808C0D2F8D5
:108920000BE044F29172C2F200420F92C2F80BE0E7
:10893000C2F808C053601060BDF8420000EE100A93
:10894000B8EEC01B9FEDDC0B8DED0A0B31EE000B7A
:10895000BCEEC00B10EE102ABDF8400000EE100A6D
:10896000B8EEC00B9FEDD62B30EE022BBCEEC22B27
:1089700012EE103A9FEDD42B8DED0C2B31EE021B35
:10898000BCEEC11B11EE100A9FEDFD1B30EE010B7A
:10899000BCEEC00B10EE10EA40F2F245C2F2004508
:1089A000EC46CCF81050CCF80C40CCF80810CCF8C1
:1089B00004E0CCF80000084602F07AFA0E990F9A0B
:1089C0001190DDF844E0DEF80000DEF80430DEF857
:1089D00008C0DEF80BE0C2F81AE0C2F817C0C2F80F
:1089E0001330C2F80F00BDF8420000EE100AB8EED6
:1089F000C01B9FEDE50B31EE000BBCEEC00B10EE83
:108A0000102ABDF8400000EE100AB8EEC00B9FED32
:108A1000E02B30EE022BBCEEC22B12EE103A9FED93
:108A2000DE2B31EE021BBCEEC11B11EE100A9FEDD6
:108A3000DC1B30EE010BBCEEC00B10EE10EA40F276
:108A4000F645C2F20045EC46CCF81050CCF80C408C
:108A5000CCF80810CCF804E0CCF80000084602F08E
:108A600027FA0E990F9A1190DDF844E0DEF8000025
:108A7000DEF80430DEF808C0DEF80BE0C2F829E0CA
:108A8000C2F826C0C2F82230C2F81E00BDF842006B
:108A900000EE100AB8EEC01B9FEDC30B31EE000BC9
:108AA000BCEEC00B10EE102ABDF8400000EE100A1C
:108AB000B8EEC00B9FEDBE2B30EE022BBCEEC22BEE
:108AC00012EE103A9FEDBC2B31EE021BBCEEC11B27
:108AD00011EE100A9FEDBA1B30EE010BBCEEC00B7D
:108AE00010EE10EA40F2FA45C2F20045EC46CCF82E
:108AF0001050CCF80C40CCF80810CCF804E0CCF8BE
:108B00000000084602F0D4F90E990F9A1190DDF892
:108B100044E0DEF80000DEF80430DEF808C0DEF8DD
:108B20000BE0C2F838E0C2F835C0C2F83130C2F804
:108B30002D00BDF8420000EE100AB8EEC00B9FED0C
:108B4000A21B30EE011BBCEEC11B11EE102ABDF8BA
:108B5000400001EE100AB8EEC11B9FED9D2B31EED7
:108B6000021BBCEEC11B11EE103A9FED9B1B30EEB9
:108B7000010BBCEEC00B10EE100A40F2FE4EC2F22A
:108B8000004EEC46CCF810E0CCF80C40CCF80810C5
:108B9000CCF80430CCF80000084602F089F99DEDCD
:108BA000060B9DED082B0E990F9A1190DDF844E00D
:108BB000DEF80000DEF80430DEF808C0DEF80BE076
:108BC000C2F847E0C2F844C01364D063BDF8420065
:108BD00001EE100AB8EEC11B31EE000BBCEEC00B6B
:108BE00010EE102ABDF8400000EE100AB8EEC00BDF
:108BF0009FED7B3B30EE033BBCEEC33B13EE103AE4
:108C000031EE021BBCEEC11B11EE100A9FED761B6C
:108C100030EE010BBCEEC00B10EE10EA40F2025534
:108C2000C2F20045EC46CCF81050CCF80C40CCF821
:108C30000810CCF804E0CCF80000084602F038F93F
:108C40009DED0A0B9DED0C2B0E990F9A1190DDF8FE
:108C500044E0DEF80000DEF80430DEF808C0DEF89C
:108C60000BE0C2F856E0C2F853C0C2F84F30C2F869
:108C70004B00BDF8420000F007B800BF00BF00BFC6
:108C8000000000000078944001EE100AB8EEC11B0D
:108C900031EE000BBCEEC00B00F01AB800BF00BFF5
:108CA0000000000000D082400000000000B49440AA
:108CB0000000000000E0824000000000001C944022
:108CC000000000000098844000000000008C9440E8
:108CD00010EE102ABDF8400000EE100AB8EEC00BEE
:108CE0009FED433B30EE033BBCEEC33B13EE103A2B
:108CF00031EE021BBCEEC11B11EE100A9FED3E1BB4
:108D000030EE010BBCEEC00B10EE10EA40F206553F
:108D1000C2F20045EC46CCF81050CCF80C40CCF830
:108D20000810CCF804E0CCF80000084602F0C0F8C7
:108D30000F9B1190DDF844C0DCF80000DCF8041053
:108D4000DCF80820DCF80BC0C3F865C0C3F862206B
:108D5000C3F85E10C3F85A0040F62C00C2F200407F
:108D6000017801F58072EC466920CCF800004FF4E0
:108D70008270FEF7A5F812B0B0BD00BF00BF00BF03
:108D80000000000000E884400000000000D0934094
:108D900000000000007086400000000000049440C5
:108DA0000000000000A8864000000000002C934056
:108DB0000000000000E087400000000000889340B1
:108DC000000000000078884000000000007094401F
:108DD0000000000000E080400000000000E8944037
:108DE0000000000000E07D400000000000C07D4069
:108DF0000000000000507A400000000000B0794000
:108E0000B0B58AB00020ADF82200ADF82000BDF862
:108E1000220000EE100AB8EEC01B9FED590B31EE98
:108E2000000BBCEEC00B10EE102ABDF8200000EEC7
:108E3000100AB8EEC00B9FED542B30EE022BBCEEA7
:108E4000C22B12EE103A9FED522B31EE021BBCEEFC
:108E5000C11B11EE100A9FED501B30EE010BBCEE52
:108E6000C00B10EE10EA40F20A51C2F20041EC468B
:108E7000CCF810100824CCF80C4001210691CCF855
:108E80000810CCF804E0CCF80000084602F010F816
:108E900006990990099A10685368D2F808C0D2F868
:108EA0000BE044F29172C2F200420792C2F80BE06A
:108EB000C2F808C053601060BDF8220000EE100A2E
:108EC000B8EEC01B9FED360B31EE000BBCEEC00BB5
:108ED00010EE102ABDF8200000EE100AB8EEC00B0C
:108EE0009FED312B30EE022BBCEEC22B12EE103A6E
:108EF0009FED2F2B31EE021BBCEEC11B11EE100AB1
:108F00009FED2D1B30EE010BBCEEC00B10EE10EAF6
:108F100040F20E55C2F20045EC46CCF81050CCF8A9
:108F20000C40CCF80810CCF804E0CCF8000008465F
:108F300001F0BEFF079B0990DDF824C0DCF80000BB
:108F4000DCF80410DCF80820DCF80BC0C3F81AC009
:108F5000C3F81720C3F81310C3F80F0040F62C0015
:108F6000C2F20040017801F58072EC461E20CCF878
:108F700000004FF48170FDF7A3FF0AB0B0BD00BF41
:108F80000000000000D093400000000000A07640E8
:108F90000000000000049440000000000030764013
:108FA00000000000002C93400000000000C073404F
:108FB0000000000000889340000000000090724014
:108FC00010B58CB040F22650C2F200406A465061A3
:108FD00040F21250C2F20040106108200B90D060A5
:108FE000012109919160022050600D2008901060CD
:108FF00040F2065240F22123084601F0BDFE0B9BD1
:109000000898099940F2285CC2F2004C6A46C2F8FE
:1090100014C040F2165CC2F2004CC2F810C0D3601B
:109020009160042307935360106040F2EC42069273
:1090300040F29623084601F09FFEDDF82CC0079B06
:109040000898099940F22C5EC2F2004E6A46C2F8B6
:1090500014E040F21A5EC2F2004EC2F810E0C2F80C
:109060000CC091605360106040F2AD420A9240F231
:10907000FB23084601F080FE069ADDF81CC0089824
:109080000999DDF82CE040F23054C2F200446B46FE
:109090005C6140F21E54C2F200441C61C3F80CE053
:1090A0009960C3F804C018604FF4D473084601F007
:1090B00063FEDDF81CC0089809990A9ADDF82CE0D7
:1090C00040F23454C2F200446B465C6140F22254D8
:1090D000C2F200441C61C3F80CE09960C3F804C0FC
:1090E000186040F24513084601F046FE0CB010BD72
:1090F00010B590B00020ADF83A00ADF83800BDF8DA
:109100003A0000EE100AB8EEC00B9FEDFD1B30EEEA
:10911000010BBCEEC00B10EE102ABDF8380000EEBB
:10912000100AB8EEC00B9FEDFE1B8DED061B30EE56
:10913000011BBCEEC11B11EE103A9FEDFB1B8DED28
:10914000081B30EE010BBCEEC00B10EE10CA40F253
:109150003851C2F200416846016108210C91C1609A
:1091600001210B918160C0F804C00260084601F043
:109170009FFE9DED062B9DED081B0B99DDF830E061
:109180000F900F9A10685368D2F808C0D2F80B40BD
:1091900044F29172C2F200420D92C2F80B40C2F842
:1091A00008C053601060BDF83A0000EE100AB8EE37
:1091B000C00B9FEDDF3B30EE030BBCEEC00B10EE9F
:1091C000102ABDF8380000EE100AB8EEC00B30EEE1
:1091D000022BBCEEC22B12EE103A30EE010BBCEEAD
:1091E000C00B10EE10CA40F23C54C2F20044684674
:1091F0000461C0F80CE08160C0F804C00260084659
:1092000001F056FE9DED062B9DED081B0B990D9A66
:10921000DDF830E00F900F9C20686368D4F808C038
:10922000D4F80B40C2F81A40C2F817C0C2F8133085
:10923000C2F80F00BDF83A0000EE100AB8EEC00BFD
:109240009FEDBD3B30EE030BBCEEC00B10EE102AC1
:10925000BDF8380000EE100AB8EEC00B30EE022B5D
:10926000BCEEC22B12EE103A30EE010BBCEEC00B7E
:1092700010EE10CA40F24054C2F200446846046145
:10928000C0F80CE08160C0F804C00260084601F03C
:109290000FFE9DED062B9DED081B0B990D9ADDF839
:1092A00030E00F900F9C20686368D4F808C0D4F8B1
:1092B0000B40C2F82940C2F826C0C2F82230C2F8DA
:1092C0001E00BDF83A0000EE100AB8EEC00B9FED8C
:1092D0009C3B30EE030BBCEEC00B10EE102ABDF829
:1092E000380000EE100AB8EEC00B30EE022BBCEED8
:1092F000C22B12EE103A30EE010BBCEEC00B10EE9A
:1093000010CA40F24454C2F2004468460461C0F8F6
:109310000CE08160C0F804C00260084601F0C8FD9E
:109320009DED062B9DED081B0B990D9ADDF830E0A5
:109330000F900F9C20686368D4F808C0D4F80B40E5
:109340009463C2F835C0C2F83130C2F82D00BDF8C0
:109350003A0000EE100AB8EEC00B9FED7B3B30EEFA
:10936000030BBCEEC00B10EE102ABDF8380000EE67
:10937000100AB8EEC00B30EE022BBCEEC22B12EE80
:10938000103A30EE010BBCEEC00B10EE10CA40F2EA
:109390004854C2F2004468460461C0F80CE08160A1
:1093A000C0F804C00260084601F082FD9DED062B66
:1093B0009DED081B0B990D9ADDF830E00F900F9C86
:1093C00020686368D4F808C0D4F80B40C2F847405E
:1093D000C2F844C01364D063BDF83A0000EE100A2E
:1093E000B8EEC00B9FED5A3B30EE030BBCEEC00B4A
:1093F00010EE102ABDF8380000EE100AB8EEC00BCF
:1094000030EE022BBCEEC22B12EE103A30EE010B06
:10941000BCEEC00B10EE10CA40F24C54C2F2004435
:1094200068460461C0F80CE08160C0F804C00260C6
:10943000084601F03DFD9DED062B9DED081B0B99A7
:109440000D9ADDF830E00F900F9C20686368D4F827
:1094500008C0D4F80B40C2F85640C2F853C0C2F856
:109460004F30C2F84B00BDF83A0000EE100AB8EEDB
:10947000C00B9FED393B30EE030BBCEEC00B10EE82
:10948000102ABDF8380000EE100AB8EEC00B30EE1E
:10949000022BBCEEC22B12EE103A30EE010BBCEEEA
:1094A000C00B10EE10CA40F25054C2F2004468469D
:1094B0000461C0F80CE08160C0F804C00260084696
:1094C00001F0F6FC0D9B0F90DDF83CC0DCF80000CD
:1094D000DCF80410DCF80820DCF80BC0C3F865C029
:1094E000C3F86220C3F85E10C3F85A0040F62C009F
:1094F000C2F20040017800F007B800BF00BF00BF13
:109500000000000000C8894001F58072EC46692027
:10951000CCF800004FF48270FDF7D2FC10B010BD03
:109520000000000000E0804000000000009080404B
:109530000000000000408A400000000000B88A409F
:109540000000000000308B400000000000A88B40AD
:109550000000000000208C400000000000988C40BB
:1095600010B590B00020ADF83A00ADF83800BDF865
:109570003A0000EE100AB8EEC00B9FEDFD1B30EE76
:10958000010BBCEEC00B10EE102ABDF8380000EE47
:10959000100AB8EEC00B9FEDFE1B8DED061B30EEE2
:1095A000011BBCEEC11B11EE103A9FEDFB1B8DEDB4
:1095B000081B30EE010BBCEEC00B10EE10CA40F2DF
:1095C0005451C2F200416846016108210C91C1600A
:1095D00001210B918160C0F804C00260084601F0CF
:1095E00067FC9DED062B9DED081B0B99DDF830E027
:1095F0000F900F9A10685368D2F808C0D2F80B4049
:1096000044F29172C2F200420D92C2F80B40C2F8CD
:1096100008C053601060BDF83A0000EE100AB8EEC2
:10962000C00B9FEDDF3B30EE030BBCEEC00B10EE2A
:10963000102ABDF8380000EE100AB8EEC00B30EE6C
:10964000022BBCEEC22B12EE103A30EE010BBCEE38
:10965000C00B10EE10CA40F25854C2F200446846E3
:109660000461C0F80CE08160C0F804C002600846E4
:1096700001F01EFC9DED062B9DED081B0B990D9A2C
:10968000DDF830E00F900F9C20686368D4F808C0C4
:10969000D4F80B40C2F81A40C2F817C0C2F8133011
:1096A000C2F80F00BDF83A0000EE100AB8EEC00B89
:1096B0009FEDBD3B30EE030BBCEEC00B10EE102A4D
:1096C000BDF8380000EE100AB8EEC00B30EE022BE9
:1096D000BCEEC22B12EE103A30EE010BBCEEC00B0A
:1096E00010EE10CA40F25C54C2F2004468460461B5
:1096F000C0F80CE08160C0F804C00260084601F0C8
:10970000D7FB9DED062B9DED081B0B990D9ADDF8FF
:1097100030E00F900F9C20686368D4F808C0D4F83C
:109720000B40C2F82940C2F826C0C2F82230C2F865
:109730001E00BDF83A0000EE100AB8EEC00B9FED17
:109740009C3B30EE030BBCEEC00B10EE102ABDF8B4
:10975000380000EE100AB8EEC00B30EE022BBCEE63
:10976000C22B12EE103A30EE010BBCEEC00B10EE25
:1097700010CA40F26054C2F2004468460461C0F866
:109780000CE08160C0F804C00260084601F090FB64
:109790009DED062B9DED081B0B990D9ADDF830E031
:1097A0000F900F9C20686368D4F808C0D4F80B4071
:1097B0009463C2F835C0C2F83130C2F82D00BDF84C
:1097C0003A0000EE100AB8EEC00B9FED7B3B30EE86
:1097D000030BBCEEC00B10EE102ABDF8380000EEF3
:1097E000100AB8EEC00B30EE022BBCEEC22B12EE0C
:1097F000103A30EE010BBCEEC00B10EE10CA40F276
:109800006454C2F2004468460461C0F80CE0816010
:10981000C0F804C00260084601F04AFB9DED062B2B
:109820009DED081B0B990D9ADDF830E00F900F9C11
:1098300020686368D4F808C0D4F80B40C2F84740E9
:10984000C2F844C01364D063BDF83A0000EE100AB9
:10985000B8EEC00B9FED5A3B30EE030BBCEEC00BD5
:1098600010EE102ABDF8380000EE100AB8EEC00B5A
:1098700030EE022BBCEEC22B12EE103A30EE010B92
:10988000BCEEC00B10EE10CA40F26854C2F20044A5
:1098900068460461C0F80CE08160C0F804C0026052
:1098A000084601F005FB9DED062B9DED081B0B996D
:1098B0000D9ADDF830E00F900F9C20686368D4F8B3
:1098C00008C0D4F80B40C2F85640C2F853C0C2F8E2
:1098D0004F30C2F84B00BDF83A0000EE100AB8EE67
:1098E000C00B9FED393B30EE030BBCEEC00B10EE0E
:1098F000102ABDF8380000EE100AB8EEC00B30EEAA
:10990000022BBCEEC22B12EE103A30EE010BBCEE75
:10991000C00B10EE10CA40F26C54C2F2004468460C
:109920000461C0F80CE08160C0F804C00260084621
:1099300001F0BEFA0D9B0F90DDF83CC0DCF8000092
:10994000DCF80410DCF80820DCF80BC0C3F865C0B4
:10995000C3F86220C3F85E10C3F85A0040F62C002A
:10996000C2F20040017800F007B800BF00BF00BF9E
:1099700000000000001C914001F58072EC46692057
:10998000CCF800004FF48270FDF79AFA10B010BDC9
:109990000000000000E080400000000000908040D7
:1099A0000000000000E090400000000000A4904093
:1099B000000000000068904000000000002C904073
:1099C0000000000000E08F400000000000688F40B1
:1099D00010B59AB00020ADF86200ADF86000BDF897
:1099E000620000EE100AB8EEC00B9FEDFB1B8DED80
:1099F000081B30EE010BBCEEC00B10EE102ABDF8B8
:109A0000600000EE100AB8EEC00B9FEDF51B8DED67
:109A10000C1B30EE011BBCEEC11B11EE103A9FED8A
:109A2000F21B8DED061B30EE010BBCEEC00B10EEF1
:109A300010CA40F27051C2F200416846016108212B
:109A40001691C160012115918160C0F804C00260C7
:109A5000084601F02DFA9DED061B9DED0C2B159986
:109A6000DDF858E01990199A10685368D2F808C0C8
:109A7000D2F80B4044F29172C2F200421792C2F83F
:109A80000B40C2F808C053601060BDF8620000EEE1
:109A9000100AB8EEC00B9FEDE63B8DED0A3B30EEB1
:109AA000030BBCEEC00B10EE102ABDF8600000EEF8
:109AB000100AB8EEC00B30EE022BBCEEC22B12EE39
:109AC000103A30EE010BBCEEC00B10EE10CA40F2A3
:109AD0007454C2F2004468460461C0F80CE081602E
:109AE000C0F804C00260084601F0E2F99DED081BD1
:109AF0009DED0C2B1599179ADDF858E01990199CDB
:109B000020686368D4F808C0D4F80B40C2F81A4043
:109B1000C2F817C0C2F81330C2F80F00BDF86200D7
:109B200000EE100AB8EEC00B30EE011BBCEEC11BFC
:109B300011EE102ABDF8600001EE100AB8EEC11B4C
:109B400031EE021BBCEEC11B11EE103A9FEDBA1BA9
:109B500030EE010BBCEEC00B10EE100A40F2785450
:109B6000C2F20044EC46CCF81040CCF80CE0CCF843
:109B70000810CCF80430CCF80000084601F098F941
:109B80009DED0A1B9DED0C2B1599179ADDF858E0F9
:109B90001990199C20686368D4F808C0D4F80B4069
:109BA000C2F82940C2F826C0C2F82230C2F81E000E
:109BB000BDF8620000EE100AB8EEC00B30EE011BDB
:109BC000BCEEC11B11EE102ABDF8600001EE100AB8
:109BD000B8EEC11B31EE021BBCEEC11B11EE103AF8
:109BE0009FED971B30EE010BBCEEC00B10EE100A80
:109BF00040F27C54C2F20044EC46CCF81040CCF861
:109C00000CE0CCF80810CCF80430CCF80000084682
:109C100001F04EF91599179ADDF858E01990199C42
:109C200020686368D4F808C0D4F80B409463C2F885
:109C300035C0C2F83130C2F82D00BDF8620000EE28
:109C4000100AB8EEC00B9FED801B8DED0E1B30EEA1
:109C5000010BBCEEC00B10EE102ABDF8600000EE48
:109C6000100AB8EEC00B9FED7A1B30EE011BBCEE64
:109C7000C11B11EE103A9FED781B30EE010BBCEECC
:109C8000C00B10EE10CA40F28054C2F20044684685
:109C90000461C0F80CE08160C0F804C002600846AE
:109CA00001F006F99DED0E1B1599179ADDF858E0A5
:109CB0001990199C20686368D4F808C0D4F80B4048
:109CC000C2F84740C2F844C01364D063BDF86200D4
:109CD00000EE100AB8EEC00B30EE010BBCEEC00B6C
:109CE00010EE102ABDF8600000EE100AB8EEC00BAE
:109CF0009FED5B1B8DED101B30EE011BBCEEC11BFD
:109D000011EE103A9FED581B8DED121B30EE010B3A
:109D1000BCEEC00B10EE10CA40F28454C2F20044F4
:109D200068460461C0F80CE08160C0F804C00260BD
:109D3000084601F0BDF89DED0E3B9DED102B9DED0D
:109D4000121B1599179ADDF858E01990199C206894
:109D50006368D4F808C0D4F80B40C2F85640C2F883
:109D600053C0C2F84F30C2F84B00BDF8620000EE9D
:109D7000100AB8EEC00B30EE030BBCEEC00B10EEB9
:109D8000102ABDF8600000EE100AB8EEC00B30EEED
:109D9000022BBCEEC22B12EE103A30EE010BBCEEE1
:109DA000C00B10EE10CA40F28854C2F2004468465C
:109DB0000461C0F80CE08160C0F804C0026008468D
:109DC00001F076F8179B1990DDF864C0DCF800000C
:109DD000DCF8041000F00CB80000000000508940CE
:109DE0000000000000E080400000000000408040D3
:109DF000DCF80820DCF80BC0C3F865C0C3F86220AB
:109E0000C3F85E10C3F85A0040F62C00C2F20040BE
:109E1000017801F58072EC466920CCF800004FF41F
:109E20008270FDF74DF81AB010BD00BF00BF00BF33
:109E30000000000000589140000000000010884021
:109E40000000000000F891400000000000008E407B
:109E50000000000000C082400000000000D88340E5
:109E60000000000000A07E400000000000A0744040
:109E700010B58AB00020ADF82200ADF82000BDF882
:109E8000220000EE100AB8EEC00B9FED9D1B30EED5
:109E9000011BBCEEC11B11EE102ABDF8200001EE23
:109EA000100AB8EEC11B9FED982B31EE021BBCEEE1
:109EB000C11B11EE103A9FED961B30EE010BBCEE6C
:109EC000C00B10EE100A40F28C51C2F20041EC4679
:109ED000CCF8101008210691CCF80C100121059146
:109EE000CCF80810CCF80430CCF80000084600F09C
:109EF000DFFF0599DDF818E00990099A10685368AA
:109F0000D2F808C0D2F80B4044F29172C2F200427B
:109F10000792C2F80B40C2F808C053601060BDF849
:109F2000220000EE100AB8EEC00B9FED7B1B30EE56
:109F3000011BBCEEC11B11EE102ABDF8200001EE82
:109F4000100AB8EEC11B9FED762B31EE021BBCEE62
:109F5000C11B11EE103A9FED741B30EE010BBCEEED
:109F6000C00B10EE100A40F29054C2F20044EC46CE
:109F7000CCF81040CCF80CE0CCF80810CCF8043049
:109F8000CCF80000084600F093FF0599079ADDF829
:109F900018E00990099C20686368D4F808C0D4F8D8
:109FA0000B40C2F81A40C2F817C0C2F81330C2F80A
:109FB0000F00BDF8220000EE100AB8EEC00B9FEDB6
:109FC0005C1B30EE011BBCEEC11B11EE102ABDF86C
:109FD000200001EE100AB8EEC11B9FED572B31EEA9
:109FE000021BBCEEC11B11EE103A9FED551B30EE6B
:109FF000010BBCEEC00B10EE100A40F29454C2F2FA
:10A000000044EC46CCF81040CCF80CE0CCF808103A
:10A01000CCF80430CCF80000084600F049FF059960
:10A02000079ADDF818E00990099C20686368D4F865
:10A0300008C0D4F80B40C2F82940C2F826C0C2F8C4
:10A040002230C2F81E00BDF8220000EE100AB8EE61
:10A05000C00B9FED3D1B30EE011BBCEEC11B11EE92
:10A06000102ABDF8200001EE100AB8EEC11B9FEDCA
:10A07000382B31EE021BBCEEC11B11EE103A9FEDE6
:10A08000361B30EE010BBCEEC00B10EE100A40F296
:10A090009854C2F20044EC46CCF81040CCF80CE0E6
:10A0A000CCF80810CCF80430CCF80000084600F0DA
:10A0B000FFFE079B0990DDF824C0DCF80000DCF807
:10A0C0000410DCF80820DCF80BC0C3F838C0C3F873
:10A0D0003520C3F83110C3F82D0040F62C00C2F231
:10A0E0000040017801F58072EC463C20CCF800007D
:10A0F00040F20310FCF7E4FE0AB010BD00BF00BF41
:10A100000000000000688D400000000000A07C40BE
:10A110000000000000A08E400000000000C88C403D
:10A120000000000000A07A400000000000408F40C6
:10A130000000000000288C400000000000A07840D3
:10A140000000000000E08F400000000000888B400D
:10A150000000000000A07640000000000040904099
:10A16000B0B590B00FAA82ED000A8DF83B0092EDD9
:10A17000000ABDEEC00A10EE103A46F2B700CBF26C
:10A180000B6050FB0331081200EBD1704FF4B47137
:10A1900000FB113000EE100AB8EEC00A82ED000A92
:10A1A00092ED000A9FEDDA1A30EE010A82ED000A04
:10A1B00092ED000A9FEDD71A30EE010ABCEEC00AFC
:10A1C00010EE10CA40F66130C0F2B600ACFB00E3FE
:10A1D00003FB11C3ADF8383092ED000AB2EE0E1A4F
:10A1E00030EE010ABCEEC00A10EE102AA2FB0030CD
:10A1F00000FB1120ADF8360053200B909DF83B106A
:10A200000120002908BF022042F6E851C2F20041B5
:10A2100008700020ADF82A00ADF8280040F62C00A8
:10A22000C2F20040407801460891032800F20581FF
:10A230000899DFE801F0024282C242F6E850C2F219
:10A2400000400178BDF82A0000EE100AB8EEC00BFD
:10A250009FEDAB1B30EE010BBCEEC00B10EE102AD5
:10A26000BDF8280000EE100AB8EEC00B9FEDA61B4B
:10A2700030EE010BBCEEC00B10EE103A0B9840F222
:10A280009C5EC2F2004EEC46CCF818E04FF0070E90
:10A29000CCF814E04FF00F0ECCF810E0CCF80C0026
:10A2A000CCF808004FF4B470CCF804000020CCF8CF
:10A2B000000000F0B1FC0C90FFE042F6E850C2F262
:10A2C00000400178BDF82A0000EE100AB8EEC00B7D
:10A2D0009FED8B1B30EE010BBCEEC00B10EE102A75
:10A2E000BDF8280000EE100AB8EEC00B9FED861BEB
:10A2F00030EE010BBCEEC00B10EE103ABDF838008A
:10A30000BDF836E00B9C40F29C55C2F20045EC468D
:10A31000CCF818500225CCF814500F25CCF810506A
:10A32000CCF80C40CCF80840CCF804E0CCF80000A5
:10A33000002000F071FC0C90BFE042F6E850C2F241
:10A3400000400178BDF82A0000EE100AB8EEC00BFC
:10A350009FED6B1B30EE010BBCEEC00B10EE102A14
:10A36000BDF8280000EE100AB8EEC00B9FED661B8A
:10A3700030EE010BBCEEC00B10EE103A0B9840F221
:10A380009C5EC2F2004EEC46CCF818E04FF0030E93
:10A39000CCF814E04FF00F0ECCF810E0CCF80C0025
:10A3A000CCF808004FF4B470CCF804000020CCF8CE
:10A3B000000000F031FC0C907FE042F6E850C2F261
:10A3C00000400178BDF82A0000EE100AB8EEC00B7C
:10A3D0009FED4B1B30EE010BBCEEC00B10EE102AB4
:10A3E000BDF8280000EE100AB8EEC00B9FED461B2A
:10A3F00030EE010BBCEEC00B10EE103A0B9840F2A1
:10A400009C5EC2F2004EEC46CCF818E04FF0060E0F
:10A41000CCF814E04FF00F0ECCF810E0CCF80C00A4
:10A42000CCF808004FF4B470CCF804000020CCF84D
:10A43000000000F0F1FB0C903FE042F6E850C2F261
:10A4400000400178BDF82A0000EE100AB8EEC00BFB
:10A450009FED2B1B30EE010BBCEEC00B10EE102A53
:10A46000BDF8280000EE100AB8EEC00B9FED261BC9
:10A4700030EE010BBCEEC00B10EE103A0B9840F220
:10A480009C5EC2F2004EEC46CCF818E04FF0070E8E
:10A49000CCF814E04FF00F0ECCF810E0CCF80C0024
:10A4A000CCF808004FF4B470CCF804000020CCF8CD
:10A4B000000000F0B1FB0C90FFE70C9B1868596896
:10A4C0009A68D3F80BC044F29173C2F20043C3F808
:10A4D0000BC09A605960186040F62C00C2F2004030
:10A4E000017801F58072EC460F20CCF8000040F2B4
:10A4F0000110FCF7E5FC10B0B0BD00BF00BF00BF0D
:10A500000000000000E098400000000000A086402D
:10A5100085EB54420080AC4380B582B0FEF700F971
:10A5200040F60040C2F20040016883884FF47A721E
:10A5300001FB023100EE101AB8EE400AC08801EEAD
:10A54000100AB8EEC11A9FED052AA1EE020A8DEDA0
:10A55000010A9DED010A02B080BD00BF6F12833A6F
:10A5600083B0029001918DF80320FFE70198411E0E
:10A57000019198B1FFE79DF8030002994A1C0292ED
:10A58000097848408DF802009DF8021045F2DC4041
:10A59000C0F60200405C8DF80300E7E79DF8030079
:10A5A00003B070470000000084B002900191ADF844
:10A5B0000220029828B9FFE74FF6FF70ADF80E00B1
:10A5C00021E0FFE70198411E0191B8B1FFE7029831
:10A5D000411C029100788DF80100BDF802109DF831
:10A5E00001004840C2B245F24C20C0F6020030F8EB
:10A5F000120080EA1120ADF80200E3E7BDF8020086
:10A60000ADF80E00FFE7BDF80E0004B07047000083
:10A6100083B002900191ADF8022003B070470000B2
:10A6200080B584B00390029100208DF80700039854
:10A6300020B1FFE70298022801D8FFE70FE0039856
:10A6400002990139FF22FFF78BFF8DF807009DF873
:10A650000700039A0299114401F8010CFFE704B0C6
:10A6600080BD00000000000080B582B045F6984033
:10A67000C2F20040FCF704FD45F67C40C2F2004007
:10A680000168013101600068B0F5FA6F07D9FFE792
:10A6900045F6AE41C2F2004101200870FFE742F6E4
:10A6A000C860C2F2004001F033FF45F6AE40C2F28E
:10A6B00000400078C007B8B3FFE742F6EC50C2F2A2
:10A6C0000040016801310160006802280DD1FFE7F8
:10A6D00042F6C860C2F2004001F076FE42F6EC514C
:10A6E000C2F2004100200860FFE7F6F7B5FC42F631
:10A6F000F050C2F2004001680131016000680A2890
:10A7000011D1FFE742F6C860C2F20040019001F0AB
:10A71000ABFD019801F044FE42F6F051C2F2004157
:10A7200000200860FFE7FFE745F69840C2F20040CE
:10A73000FCF7A6FC40F27C70C2F2004080ED000AFB
:10A7400002B080BD0000000080B584B0039002918B
:10A750000020ADF80600039820B1FFE70298022818
:10A7600001D8FFE717E00398029902394FF6FF720C
:10A77000FFF71AFFADF80600BDF80600039A02992C
:10A78000114401F8020C9DF80700039A0299114444
:10A7900001F8010CFFE704B080BD000000000000DC
:10A7A00084B0039002910398019002980090019860
:10A7B000407800990870019800780099487004B0BA
:10A7C000704700000000000080B582B00190ADF835
:10A7D000021045F69C40C2F20040FCF751FCB0EE7E
:10A7E000401AB7EE000A80EE010A40F28070C2F211
:10A7F000004080ED000A0199BDF8022042F6C860D1
:10A80000C2F2004000F5B26002F0BEFA02B080BDB4
:10A8100080B542F6F450C2F2004002884BF6520076
:10A82000C0F21E50A2FB0010322100FB11200128B3
:10A8300007D1FFE742F6F451C2F200410020088040
:10A84000FFE742F6C860C2F2004000F5E47007F08E
:10A850007FFD80BD0000000080B584B00390ADF89E
:10A860000A10BDF80A0028B1FFE7BDF80A008128E8
:10A8700001DBFFE732E000F097FC08B1FFE72DE0D5
:10A8800042F69A30C2F200400190007800EB80114D
:10A8900042F69C30C2F20040009000EB4100039968
:10A8A000BDF80A20E5F763FD009A0199BDF80A009A
:10A8B0000B7803EB831302EB4302A2F880000878C5
:10A8C000013000F00300087042F69B31C2F20041F3
:10A8D00008780130087000F073FCFFE704B080BD19
:10A8E00080B582B0019042F6BE61C2F20041088894
:10A8F0000130088001980068A0F201200146009113
:10A90000072800F277800099DFE801F004401C4D31
:10A91000285A346745F69440C2F20040FCF7B0FB79
:10A9200040F27870C2F2004080ED000A019800F118
:10A93000280142F6C860C2F2004000F5436004F00E
:10A9400037FD57E0019800F1280142F6C860C2F2D5
:10A95000004000F5556004F02BFD4BE0019800F13C
:10A96000280142F6C860C2F2004000F5676004F0BA
:10A970001FFD3FE0019800F1280142F6C860C2F2D5
:10A98000004000F5796004F013FD33E0019800F118
:10A99000280142F6C860C2F2004041F2B002104401
:10A9A00004F006FD26E0019800F1280142F6C86097
:10A9B000C2F2004041F2F012104404F0F9FC19E038
:10A9C000019800F1280142F6C860C2F2004041F24D
:10A9D0003032104404F0ECFC0CE0019800F1280146
:10A9E00042F6C860C2F2004041F27042104404F0E6
:10A9F000DFFCFFE702B080BD80B582B0019042F677
:10AA0000BE61C2F200414888013048800198006868
:10AA1000009077280ED0FFE70098782814D0FFE741
:10AA20000098792817D0FFE7009840F2411188423A
:10AA300018D058E0019800F1280142F6C860C2F22F
:10AA4000004001F0A5FA4EE042F6C860C2F20040B4
:10AA500001F04AFC47E042F6C860C2F2004001F053
:10AA600087FC40E0019890F82900E0B1FFE745F647
:10AA7000A040C2F20040FCF703FBB0EE401AB7EE74
:10AA8000000A80EE010A40F27470C2F2004080EDCC
:10AA9000000A019800F1280142F6C860C2F20040A5
:10AAA00002F02EFBFFE740F27470C2F2004090ED1E
:10AAB000000AB3EE041AB4EE410AF1EE10FA11DA0C
:10AAC000FFE742F69860C2F20040012108F088FFDB
:10AAD00042F6C860C2F2004000F5FF60002106F0B7
:10AAE000DBFAFFE7FFE702B080BD000000000000D6
:10AAF00080B582B0019042F6BE61C2F20041888802
:10AB00000130888001980068009067283CD0FFE7FA
:10AB10000098D1280CD0FFE70098D22813D0FFE787
:10AB20000098D3281AD0FFE70098D42821D037E026
:10AB3000019942F6C860C2F2004041F2B0021044EE
:10AB400004F066FE2CE0019942F6C860C2F20040B3
:10AB500041F2F012104404F05BFE21E0019942F64C
:10AB6000C860C2F2004041F23032104404F050FE9E
:10AB700016E0019942F6C860C2F2004041F270420C
:10AB8000104404F045FE0BE0019800F1280142F664
:10AB9000C860C2F2004000F5216002F031FCFFE71E
:10ABA00002B080BD0000000081B08DED000AFFE71B
:10ABB0009DED000A9FED141AB4EE410AF1EE10FA71
:10ABC00009DDFFE79DED000A9FED121A30EE010A44
:10ABD0008DED000AECE7FFE79DED000A9FED0B1AF3
:10ABE000B4EE410AF1EE10FA09DAFFE79DED000A32
:10ABF0009FED071A30EE010A8DED000AECE79DED9E
:10AC0000000A01B0704700BFDB0F4940DB0F49C0AD
:10AC1000DB0FC940DB0FC9C0B0B585B094468E4686
:10AC200004460F980E980D980C990B990A99099A59
:10AC30008DF81340CDF80CE0ADF80AC0ADF808303F
:10AC4000ADF80620ADF80410ADF802000F998A782F
:10AC500042F60C60C2F200408270098801809DF8C3
:10AC60001320D0F8031002F00F0221F4707141EAB2
:10AC70008211C0F80310039AD0F8031062F30201A6
:10AC8000C0F80310D0F80310042262F3C501C0F825
:10AC90000310BDF80220D0F8071062F30901C0F8D4
:10ACA00007100E9AD0F8031002F00F0221F4705131
:10ACB00041EA8221C0F80310BDF80A20D0F807103D
:10ACC0006FF3DF226FF3942141EA8221C0F807106D
:10ACD000BDF80820D0F807106FF35F5141EA4251E8
:10ACE000C0F80710BDF80620D0F803106FF35F22FC
:10ACF0006FF3963141EA8231C0F80310BDF80420A9
:10AD0000D0F803106FF3DF5141EAC251C0F80310CD
:10AD10000B9AD0F80B106FF3DF226FF3942141EA06
:10AD20008221C0F80B100C9AD0F80B106FF35F5112
:10AD300041EA4251C0F80B1005B0B0BD0000000060
:10AD400082B08DED010A9DED010AB5EE400AF1EEEB
:10AD500010FA05DDFFE79DED010A8DED000A06E022
:10AD60009DED010AB1EE400A8DED000AFFE79DED71
:10AD7000000A02B07047000070B58CB094468E4651
:10AD8000044615981498139812981199109A8DF8F2
:10AD90002F40CDF828E0ADF826C0ADF824308DF86E
:10ADA00023208DF82210ADF820000A99BDF8262046
:10ADB000BDF824309DF823009DF822E0BDF8204026
:10ADC000139D149EEC46CCF81060CCF80C50CCF8D7
:10ADD0000840CCF804E0CCF8000000200590FDF716
:10ADE00013FA05990790079802684368D0F808C0DD
:10ADF000D0F80BE044F29170C2F200400690C0F827
:10AE00000BE0C0F808C043600260A0F82B10C0F847
:10AE10002710C0F82310C0F81F10C0F81B10C0F88E
:10AE20001710C0F8131040F80F1F15999DF8222035
:10AE3000E5F79DFA069B40F62C00C2F2004001782F
:10AE400001F58072EC462D20CCF800004FF488709C
:10AE5000FCF736F80CB070BD83B08DED020A41F2FC
:10AE60000400CEF200000068019002980090FFE715
:10AE700041F20400CEF2000000680199401A00EE91
:10AE8000100AB8EE400A9DED001A40F23870C2F286
:10AE9000004090ED002AB8EE422A21EE021AB4EEEC
:10AEA000410AF1EE10FA01DAFFE7E1E703B070477B
:10AEB000B0B585B094468E4604460D980C980B9814
:10AEC0000A99099A8DF81340CDF80CE0ADF80AC044
:10AED000ADF80830ADF80620ADF80410ADF802006A
:10AEE0000D998A7842F61B60C2F200408270098890
:10AEF00001809DF81320D0F8031002F00F0221F416
:10AF0000707141EA8211C0F80310039AD0F803105F
:10AF100062F30201C0F80310D0F8031021F03801E9
:10AF2000C0F80310BDF80220D0F8071062F3090141
:10AF3000C0F807100C9AD0F8031002F00F0221F4A9
:10AF4000705141EA8221C0F80310BDF80A20D0F800
:10AF500007106FF3DF226FF3942141EA8221C0F8DA
:10AF60000710BDF80820D0F807106FF35F5141EAD1
:10AF70004251C0F80710BDF80620D0F80B106FF34F
:10AF8000DF226FF3942141EA8221C0F80B10BDF853
:10AF90000420D0F80B106FF35F5141EA4251C0F822
:10AFA0000B1005B0B0BD000081B041F20400CEF23C
:10AFB000000000680090009840F25071C2F2004119
:10AFC0000968884208D2FFE740F25471C2F200419A
:10AFD000086801300860FFE7009840F25071C2F243
:10AFE0000041086001B0704780B584B003900399B8
:10AFF000002001900874039BD3F8F400596845F6CB
:10B00000AA42C2F20042009212889B7B5A43E5F7A3
:10B01000AEF90099039A50680988927B5143E5F78D
:10B02000BFF90099039AD2F818010988927B51431D
:10B030005143E5F7B5F90099039AD2F80C01098854
:10B04000137B927B59435143E5F7AAF901988DF898
:10B050000B00FFE79DF80B000399897B884243DAD8
:10B06000FFE70398D0F8F4009DF80B1000EB810087
:10B0700090ED000AB5EE400AF1EE10FA2DD0FFE790
:10B08000039AD2F8F4109DF80B0051F82000127CBE
:10B0900041F822009DF80B00039A516A127C8854F3
:10B0A000DDF80CC0DCF818009DF80BE050F82E001D
:10B0B000DCF80C119CF80C209CF81030DCF814C063
:10B0C0001CF80EC012FB03C201EB820141F8040C14
:10B0D0000399087C01300874FFE7FFE79DF80B0037
:10B0E00001308DF80B00B5E700208DF80A00FFE76E
:10B0F0009DF80A000399097C884216DAFFE7039B52
:10B10000D869596A9DF80A20895C50F82100D3F863
:10B1100018111B7C12FB032241F82200FFE79DF867
:10B120000A0001308DF80A00E2E70399087CA1F8D3
:10B1300078000399087BA1F87A000399087BA1F8AD
:10B1400080000399087CA1F882000399087CA1F88B
:10B1500090000399087CA1F892000399087BA1F85C
:10B1600098000399087CA1F89A000399087CA1F83B
:10B17000480004B080BD000080B500F00DF908B1B2
:10B18000FFE710E042F69931C2F200410878013041
:10B1900000F00300087042F69B31C2F200410878CB
:10B1A00001380870FFE780BD42F69B30C2F20040D4
:10B1B000017800200329C8BF01207047000000006B
:10B1C00080B582B042F69830C2F20040007820B9D3
:10B1D000FFE700F0E1F808B1FFE726E042F6993119
:10B1E000C2F20041087800EB801242F69C30C2F2B5
:10B1F000004000EB4202B2F88020ADF8062009784A
:10B2000001EB811100EB4101BDF8062045F69810D5
:10B21000C2F20040F2F7E0FE38B9FFE742F698319B
:10B22000C2F2004101200870FFE702B080BD0000BB
:10B2300080B588B007900691069805900798D0F8D9
:10B24000EC0090ED000A30EE000A42F63460C2F2E3
:10B250000040019080ED000A0798D0F8EC0090EDD6
:10B26000010A30EE000A42F63860C2F20040029055
:10B2700080ED000A0798D0F8EC0090ED020A30EE5D
:10B28000000A42F63C60C2F20040039080ED000AE2
:10B290000798D0F8EC0090ED030A30EE000A42F671
:10B2A0004060C2F20040049080ED000A079BD3F892
:10B2B0000C0145F6AA41C2F2004109881A7B9B7B2A
:10B2C00059435143E5F76CF8019B029A039904989E
:10B2D00091ED000AB1EE400ADDF81CC0DCF80CC1AB
:10B2E0008CED000AD0F800C0DDF81CE0DEF80CE1BF
:10B2F000CEF804C093ED000AB1EE400ADDF81CC0A0
:10B30000DCF80CC18CED020AD2F800C0DDF81CE0BC
:10B31000DEF80CE1CEF80CC0D2F800C0DDF81CE07D
:10B32000DEF80CE1CEF818C0D3F800C0DDF81CE060
:10B33000DEF80CE1CEF81CC0D0F800C0DDF81CE04F
:10B34000DEF80CE1CEF820C0D1F800C0DDF81CE03A
:10B35000DEF80CE1CEF824C01B68DDF81CC0DCF878
:10B360000CC1CCF8303092ED000AB1EE400A079AD9
:10B37000D2F80C2182ED0D0A91ED000AB1EE400ADF
:10B380000799D1F80C1181ED0E0A00680799D1F8E0
:10B390000C11C86308B080BD42F69B30C2F2004079
:10B3A0000078B0FA80F0400970470000000000000B
:10B3B00080B584B003900291029801900398D0F870
:10B3C000F81040F21830C2F200409022E4F7CFFFAC
:10B3D0000398D0F81C1140F2DC70C2F20040482201
:10B3E0000092E4F7C4FF009A0398D0F80C1140F2E1
:10B3F0009470C2F20040E4F7BAFF04B080BD0000D0
:10B4000080B588B00790069106980590079901F1DC
:10B410007800803108F06CF9079981F8C800079925
:10B42000B1F87800A1F8A8000799B1F85A00A1F87E
:10B43000AA00079A02F1780002F15801A83208F038
:10B4400067F8079981F8C8000799B1F8A800A1F832
:10B45000B0000799B1F88200A1F8B200079A02F192
:10B46000A80002F18001B03208F052F8079981F883
:10B47000C8000799B1F89000A1F8A0000799B1F8A9
:10B480009200A1F8A200079A02F1B00002F1900127
:10B49000A03207F015FD079981F8C800079901F15E
:10B4A000A000B03107F054FD079981F8C800079853
:10B4B000D0F8EC00006842F64463C2F20043186022
:10B4C0000798D0F8EC00406842F64862C2F20042A9
:10B4D00010600798D0F8EC00806842F64C61C2F228
:10B4E000004108600798D0F8EC00D0F80CC042F694
:10B4F0005060C2F20040C0F800C0DDF81CE0BEF8A9
:10B5000078C0AEF8B8C0DDF81CE04FF0010CAEF822
:10B51000BAC092ED001A90ED002A93ED000A91ED69
:10B52000003A20EE030A91EE020A30EE000ADDF83E
:10B530001CC0DCF82CC18CED000A93ED001A92EDD2
:10B54000002A91ED000A90ED003A20EE030AA1EEE8
:10B55000020A30EE000ADDF81CC0DCF82CC18CEDCC
:10B56000010A93ED001A92ED000A20EE000A91EE16
:10B57000010A91ED001AA1EE410A90ED001AA1EE28
:10B58000010A0798D0F82C0180ED020A00208DF8FE
:10B590001300FFE79DF8130002281BDCFFE7079864
:10B5A000D0F82C019DF8131000EB810090ED000AFB
:10B5B000B0EEC00A08F062FB05989DF8131000EB8E
:10B5C000810080ED610AFFE79DF8130001308DF8DE
:10B5D0001300DFE70799B1F84800A1F8C000079908
:10B5E00001200290A1F8C200079A02F1480002F17E
:10B5F000B801C03208F048F801460298079A82F86C
:10B60000C810079AB2F8C010A2F8A8100799A1F8BC
:10B61000AA00079A02F1B00002F1C001A83207F0B7
:10B6200077FF01460298079A82F8C8100799A1F897
:10B63000B8000799B1F8C000A1F8BA00079901F164
:10B64000C000B83108F054F8079981F8C80007998C
:10B6500001F1B800A831059A02F5E27207F058FF2F
:10B66000079981F8C800059890ED730A90ED741A57
:10B67000B6EE002A21EE021AB4EE410AF1EE10FAFB
:10B6800005DAFFE70599012081F83801FFE7059801
:10B6900090ED730A90ED741AB4EE410AF1EE10FACF
:10B6A00052DDFFE7059890F8380100284CD0FFE7FD
:10B6B000059890F8390168B1FFE70599D1F8402164
:10B6C000D1F84401013240F10000C1F84021C1F835
:10B6D000440106E005990020C1F84401C1F8400189
:10B6E000FFE70598D0F84011D0F84401333970F1E4
:10B6F000000008D3FFE70599002081F83801079979
:10B7000081F82C001FE0079BD3F8E800D3F8EC1079
:10B7100045F6AA42C2F20042019212881B7B5A43AC
:10B72000E4F725FE019A079BD3F8F800D3F8FC1044
:10B7300012881B7B5A435A43E4F719FE07990120EC
:10B7400081F82C003FE133E0059890ED730A90ED0D
:10B75000741A9FED9E2A21EE021AB4EE410AF1EE10
:10B7600010FA15DDFFE7059890F8380180B1FFE782
:10B77000059890ED730A90ED741A31EE400A9FED32
:10B78000942A21EE021A80EE010A80ED670A05E094
:10B7900005994FF07E50C1F89C01FFE70599002004
:10B7A000C1F84401C1F84001079981F82C00FFE776
:10B7B0000799B1F85800A1F8A8000799B1F88200DC
:10B7C000A1F8AA00079A02F1580002F18001A832FC
:10B7D00007F09EFE079981F8C800079A02F1A800B9
:10B7E00002F1B001983207F093FE079981F8C80082
:10B7F00000208DF81200FFE79DF81200079AB2F8BA
:10B800009810B2F89A205143884217DAFFE705985A
:10B8100090ED671A0798D0F81C019DF8121000EB04
:10B82000810090ED000A20EE010A80ED000AFFE79A
:10B830009DF8120001308DF81200DDE704208DF82C
:10B840001100FFE79DF81100052832DCFFE700201A
:10B850008DF81000FFE79DF81000022822DCFFE7BA
:10B8600005989DF8111000EB810090ED5D0A9FEDA9
:10B870005B1A80EE011A0798D0F81C0101EB410118
:10B880009DF81020114400EB810090ED000A20EE9D
:10B89000010A80ED000AFFE79DF8100001308DF8E5
:10B8A0001000D8E7FFE79DF8110001308DF8110076
:10B8B000C8E70799B1F89800A1F8B80007990120E6
:10B8C000A1F8BA00079A02F1980002F1C001B8325B
:10B8D00007F01EFE079981F8C800059890F8380116
:10B8E00000285FD0FFE704208DF80F00FFE79DF8E8
:10B8F0000F00052855DCFFE70798D0F8BC009DF83D
:10B900000F1000EB810090ED000A059890ED701A81
:10B910009FED302A21EE021AB4EE410AF1EE10FA40
:10B9200011DDFFE7059890ED700A9FED2A1A20EED1
:10B93000010A0798D0F8BC009DF80F1000EB8100B9
:10B9400080ED000AFFE70798D0F8BC009DF80F10C3
:10B9500000EB810090ED000A059890ED701A9FEDC4
:10B960001E2A21EE021AB4EE410AF1EE10FA11DAA3
:10B97000FFE7059890ED700A9FED171A20EE010A77
:10B980000798D0F8BC009DF80F1000EB810080ED07
:10B99000000AFFE7FFE79DF80F0001308DF80F0068
:10B9A000A5E7FFE70798D0F8BC100020C860079A09
:10B9B00002F1380002F1B801303207F081FA07993C
:10B9C00081F8C800FFE708B080BD00BFCDCCCC3DFA
:10B9D0006666663F0AD7233C0AD723BCDA0FC93F05
:10B9E00080B584B003900291029801900398D0F83A
:10B9F000EC00006842F65463C2F2004318600398FA
:10BA0000D0F8EC00406842F65862C2F20042106082
:10BA10000398D0F8EC00806842F65C61C2F2004105
:10BA200008600398D0F8EC00D0F80CC042F66060D3
:10BA3000C2F20040C0F800C093ED001A92ED000A77
:10BA400020EE000AA1EE010A91ED001AA1EE010A12
:10BA500090ED001AA1EE010A00F00EF942F66460C2
:10BA6000C2F2004080ED000A00208DF80300FFE7DD
:10BA70009DF8030003281ADCFFE742F66460C2F277
:10BA8000004090ED001A0398D0F8EC009DF80310E8
:10BA900000EB810090ED000A20EE010A80ED000A23
:10BAA000FFE79DF8030001308DF80300E0E742F660
:10BAB0005860C2F2004090ED000A019991ED701AB1
:10BAC00020EE010AB6EE002A20EE020A0399D1F810
:10BAD000001181ED040A42F65C61C2F2004191ED71
:10BAE000000A019A92ED701A20EE010A20EE020A75
:10BAF000039AD2F8002182ED050A42F65462C2F29E
:10BB0000004292ED000A019B93ED701A20EE010AAB
:10BB1000BEEE001A20EE010A039BD3F8003183ED3C
:10BB20000A0A42F66063C2F2004393ED000ADDF8B0
:10BB300004C09CED703A20EE030A20EE020ADDF804
:10BB40000CC0DCF800C18CED0B0A93ED000A019BE0
:10BB500093ED703A20EE030A20EE010A039BD3F81E
:10BB6000003183ED100A92ED000A019A92ED703ACD
:10BB700020EE030A20EE010A039AD2F8002182ED9A
:10BB8000110A91ED000A019991ED703A20EE030A35
:10BB900020EE020A0399D1F8001181ED160A90ED0A
:10BBA000000A019890ED702A20EE020A20EE010AA8
:10BBB0000398D0F8000180ED170A019890ED751AEE
:10BBC0000398D0F8F80090ED1C0A80EE010A80ED91
:10BBD0001C0A019890ED751A0398D0F8F80090EDC2
:10BBE000230A80EE010A80ED230A0398D0F8F800BA
:10BBF00090ED1C0A9FED141AB4EE410AF1EE10FA12
:10BC000009DDFFE70398D0F8F81044F20000C4F211
:10BC10001C600867FFE70398D0F8F80090ED230A4E
:10BC20009FED091AB4EE410AF1EE10FA0ADDFFE7C2
:10BC30000398D0F8F81044F20000C4F21C60C1F878
:10BC40008C00FFE704B080BD00401C4600000000EF
:10BC500081B08DED000A9DED000A9FED051A20EEE2
:10BC6000010AB3EE0E1A80EE010A01B0704700BF60
:10BC7000DB0F49400000000084B08DED030A9DED0C
:10BC8000030AB6EE001A20EE010A8DED020A0398AF
:10BC9000019001980090009945F68620C5F637700E
:10BCA000A0EB61000090009801909DED011A9DEDC0
:10BCB000020A20EE012ABFEE080AA2EE010A20EED7
:10BCC000410A8DED010A9DED010A04B070470000A4
:10BCD00082B001908DED000A01990098886102B050
:10BCE000704700000000000080B582B0019001980C
:10BCF000009090ED040AB5EE400AF1EE10FA5ADD1C
:10BD0000FFE7009890ED041A90ED060AB4EE410AA0
:10BD1000F1EE10FA21DDFFE7009890ED040A90EDB6
:10BD2000061A30EE410AFFF70BF8009890ED001A62
:10BD3000B4EE410AF1EE10FA0ADDFFE7009890ED4B
:10BD4000001A90ED050A30EE010A80ED050A03E0C5
:10BD5000009988694861FFE72CE0009890ED041A8B
:10BD600090ED060AB4EE410AF1EE10FA21DAFFE78F
:10BD7000009890ED040A90ED061A30EE410AFEF7A5
:10BD8000DFFF009890ED011AB4EE410AF1EE10FACF
:10BD90000ADDFFE7009890ED011A90ED050A30EEFC
:10BDA000410A80ED050A03E0009988694861FFE7D0
:10BDB000FFE7FFE7BDE0009890ED040AB5EE400A0A
:10BDC000F1EE10FA5ADAFFE7009890ED041A90EDC0
:10BDD000060AB4EE410AF1EE10FA21DAFFE7009804
:10BDE00090ED040A90ED061A30EE410AFEF7A8FF26
:10BDF000009890ED001AB4EE410AF1EE10FA0ADD57
:10BE0000FFE7009890ED001A90ED050A30EE410A28
:10BE100080ED050A03E0009988694861FFE72CE09E
:10BE2000009890ED041A90ED060AB4EE410AF1EE86
:10BE300010FA21DDFFE7009890ED040A90ED061A54
:10BE400030EE410AFEF77CFF009890ED011AB4EE47
:10BE5000410AF1EE10FA0ADDFFE7009890ED011AB1
:10BE600090ED050A30EE010A80ED050A03E0009925
:10BE700088694861FFE7FFE7FFE759E0009890ED28
:10BE8000041A90ED060AB4EE410AF1EE10FA21DD33
:10BE9000FFE7009890ED040A90ED061A30EE410A93
:10BEA000FEF74EFF009890ED001AB4EE410AF1EE55
:10BEB00010FA0ADDFFE7009890ED001A90ED050AF0
:10BEC00030EE010A80ED050A03E0009988694861B7
:10BED000FFE72CE0009890ED041A90ED060AB4EE0E
:10BEE000410AF1EE10FA21DAFFE7009890ED040A1A
:10BEF00090ED061A30EE410AFEF722FF009890ED11
:10BF0000001AB4EE410AF1EE10FA0ADDFFE70098DC
:10BF100090ED001A90ED050A30EE410A80ED050A19
:10BF200003E0009988694861FFE7FFE7FFE7FFE763
:10BF3000FFE700994869086102B080BD0000000079
:10BF400083B002908DED010ACDED000A02990198AF
:10BF500088600098C86088680860C868486003B056
:10BF6000704700000000000081B00090009890ED44
:10BF7000050A01B07047000081B0009000980021D0
:10BF800001614161816101B0704700000000000063
:10BF900080B59CB01B901A911B980F9041F6AC0293
:10BFA0008158013181501A990988ADF856101A99B3
:10BFB0004988ADF854101A998988ADF850101A992B
:10BFC000C988ADF85210BDF95610089100F5FF6010
:10BFD000119003F0D9FC1198B0EE401A9FED990A28
:10BFE0008DED0A0A30EE410A8DED090A03F0CCFC12
:10BFF0000898F0EE400A9DED090A4FF63E61CFF633
:10C00000FF710C914FF4E1720D92FCF709FC11984D
:10C010008DED180ABDF954100B9103F0C1FC119875
:10C02000B0EE401A9DED0A0A30EE410A8DED0E0A7F
:10C0300003F0B6FC0B980C990D9AF0EE400A9DEDBA
:10C040000E0AFCF7EDFB8DED190ABDF950006FF0FB
:10C05000C701C822B9EE000AF1EE000AFCF7E0FBC6
:10C0600044F28070C2F2004080ED000ABDF9520037
:10C070000021109147F6FF729FED730ADFED730AFE
:10C08000FCF7CEFB0F9A1099119841F694031A44CD
:10C0900082ED000A139104F0F7FF02280CD1FFE7AC
:10C0A0000F9800F5FF6003F057FC9FED691A20EE32
:10C0B000010A8DED130A02E000201390FFE70F98AC
:10C0C00001F016F80F9841F6A401014481ED000A31
:10C0D00091ED001A9FED5F0A30EE410A41F6A8018A
:10C0E000084490ED001A30EE010A9DED131A30EE6F
:10C0F000010A8DED120A9DED120AB5EE400AF1EE2D
:10C1000010FA09DAFFE79DED120A9FED531A30EE9F
:10C11000010A8DED070A04E09DED120A8DED070A74
:10C12000FFE79DED070A8DED120A9DED190A8DEDD1
:10C13000020A9DED120A06F06FFD8DED010A9DEDDC
:10C14000180A8DED030A9DED120A06F071FD9DEDB2
:10C15000012A9DED021AB0EE403A9DED030A20EE51
:10C16000030A91EE020A8DED170A9DED190A8DED75
:10C17000060A9DED120A06F05BFD8DED050A9DEDA8
:10C18000180A8DED040A9DED120A06F045FD9DED9D
:10C19000041A9DED052AB0EE403A9DED060A21EE07
:10C1A000031AA0EE021A9FED270A30EE410A8DED28
:10C1B000160A44F28070C2F2004090ED000A9FED32
:10C1C000271AB4EE410AF1EE10FA15DAFFE744F24D
:10C1D0008070C2F2004090ED000A9FED211AB4EE8B
:10C1E000410AF1EE10FA07DDFFE744F28071C2F276
:10C1F000004100200860FFE70F9800F5FF60009005
:10C200009DED190A03F0F0FB00989DED180AB1EEC0
:10C21000400A03F0F5FB009804F036FF03280ED126
:10C22000FFE70F9800F5FF6044F28071C2F2004111
:10C2300091ED000AB1EE400A04F042FBFFE71CB0AA
:10C2400080BD00BF00000080000020C2000020422E
:10C25000D57869BD6FD56DBFD00FC940CDCCCC3D71
:10C26000CDCCCCBD0000000080B586B0059005980F
:10C2700000F5B260019000F0B7FD01460198ADF8FD
:10C28000101000F099FD01460198ADF8121000F071
:10C2900067FD0198B2EE041A20EE010ABCEEC00A56
:10C2A00010EE101AADF80E1000F096FD0146019840
:10C2B000ADF80C1000F03CFE0146019840F2986287
:10C2C000C2F200420292117000F042FD02994870E1
:10C2D000BDF810004880BDF80C008880BDF8120041
:10C2E000C88006B080BD000080B582B00190019882
:10C2F0004FF4C551415891F82C1044F29072C2F29B
:10C3000000421170117801F003018DF803101178CB
:10C31000C1F3800141F68A03C1541178C1F3C10110
:10C320008DF802101178C1F3401341F68C0143548B
:10C330001378C3F3801341F68E0C00F80C3012789A
:10C34000D20941F68F03C2549DF8023040F62C0208
:10C35000C2F200421372415C11719DF803105170DA
:10C3600000F5FF609DF8031004F096FE02B080BD5A
:10C3700081B0009000984FF4C5514258D26A40F203
:10C38000F023C2F200431A604058006B40F2F421DF
:10C39000C2F20041086001B07047000000000000D8
:10C3A00081B0009045F6C440C2F20040006840F2FF
:10C3B000A061C2F20041086045F6C840C2F20040E8
:10C3C0000068486001B0704780B588B00790079852
:10C3D000049000F5FF6004F057FE01284AD1FFE702
:10C3E000049800F07DFE049841F6A401014481ED1B
:10C3F000000A00F07DFE8DED060A9DED061A9FED08
:10C40000410A30EE410A8DED050A9DED050AFEF761
:10C41000CBFB04988DED050A00F5BC7002909DEDF4
:10C42000060A9DED051A30EE010A9FED371A8DEDD3
:10C43000011A20EE010A06F0F7F99DED011A0298A3
:10C440009DED060A20EE010A06F09EFB029806F01A
:10C4500003FA0499029801F5FF61039106F08CFB41
:10C46000039803F085FA42F6C461C2F2004100204D
:10C4700008703BE0049800F5FF6004F005FE022818
:10C480000AD1FFE7049800F5FF60009003F064FA1A
:10C49000009803F06DFA28E0049800F5FF6004F0BE
:10C4A000F3FD032818D1FFE742F6C460C2F2004052
:10C4B000007863280FDCFFE7049800F5FF609FED2C
:10C4C000100A03F055FA42F6C461C2F2004108783E
:10C4D00001300870FFE707E0049800F5FF609FED6A
:10C4E000080A03F045FAFFE7FFE7FFE7049901F5C3
:10C4F000FF6041F68A02895C04F006FE08B080BD48
:10C50000000000006FD56DBF3333654200000000AE
:10C5100080B58AB009900998009042F66B60C2F22B
:10C5200000400178013101700078322840F0D3805A
:10C53000FFE7009842F66862C2F2004211780131CA
:10C54000117042F66962C2F2004211780131117035
:10C5500042F66A62C2F2004211780131117000F5B0
:10C560004360089008980790089800F5906006903E
:10C57000FFE70798069988420BD0FFE707980590D8
:10C58000059803F00DF8FFE7079800F59070079005
:10C59000EFE7009841F2B00108440490049803903A
:10C5A000049800F5A0600290FFE703980299884282
:10C5B0000BD0FFE703980190019803F08DF9FFE796
:10C5C000039800F5A0700390EFE742F66860C2F2AE
:10C5D000004000784AF6AA22C2F6AA224AF6AB2107
:10C5E000CAF6AA2100FB0120B0F1553F0FD2FFE7A8
:10C5F000009800F5216000F043FF009800F0F8F883
:10C6000042F66861C2F2004100200870FFE742F67E
:10C610006960C2F20040007842F29242C1F24922BF
:10C6200046F6B751CBF2DB6100FB012044F6241142
:10C63000C2F2924188420AD8FFE7009800F078FDE4
:10C6400042F66961C2F2004100200870FFE742F63D
:10C650006A60C2F20040007849F69812C1F6991259
:10C660004CF6CD41CCF6CC4100FB01204FEAB000A6
:10C670004CF6CC41C0F6CC4188420CD8FFE700987C
:10C6800000F5B26000F0B8FB42F66A61C2F2004108
:10C6900000200870FFE7009800F042FD38B9FFE77E
:10C6A000009800F5FF60002104F0F6FCFFE7009819
:10C6B00041F6B401405C38B9FFE7009800F5FF602F
:10C6C000002104F0E9FCFFE742F66B61C2F2004191
:10C6D00000200870FFE70AB080BD000000000000E5
:10C6E00080B58CB00B908DED0A0A0B98059000F583
:10C6F000E470039005F040FF059800F5B2600690E5
:10C7000045F69811C2F20041A52200F08DFB039B73
:10C71000059A069902F5FF600790C2F8F837C2F84B
:10C720002C1CF2EE000AB3EE041AF6EE001AB0EE7C
:10C73000600A04F055FF059800F5BC709FED250ACE
:10C740009FED251AB0EE042AF1EE062ADFED234A0A
:10C750009FED235A00210491F0EE450AF0EE451AB0
:10C76000B0EE453AF0EE453AB0EE454A06F0C8F96B
:10C77000049B05986946A1224A600B6045F2281186
:10C78000C2F2004101229FED170ADFED170A00F007
:10C79000EBFC059A06990798C2F8FC27C2F8101A14
:10C7A000B1EE000A8DED080A03F006F907989DED39
:10C7B000080A03F00DF945F2D470C2F20040099066
:10C7C000EFF76AFD09980421EFF7C2FD07F098F82A
:10C7D0000CB080BD9A9919BE17B751BA6F12833A3F
:10C7E0000000000000004843000004420000000078
:10C7F00082B001900199009141F6AC00085841F6D1
:10C80000B0028958884206D1FFE7009941F6B40288
:10C810000020885405E0009941F6B40201208854B4
:10C82000FFE7009941F6AC00085841F6B002885085
:10C8300002B070470000000080B582B001900198FE
:10C84000009000F0F1FC009800F5BC7006F0A8F92B
:10C85000009800F5E47005F093FF009800F5B260D1
:10C8600000F06EFB009800F5FF6005F0C1F900983C
:10C870004FF4C4510022425241F68201425241F625
:10C880008401425241F68601425241F68A014254E5
:10C8900041F68B01425441F68C01425441F68D0120
:10C8A000425441F68E01425441F68F01425441F602
:10C8B0009001425441F69101425441F69203012104
:10C8C000C15441F69403C25041F69C03C25440F255
:10C8D000A863C2F200434FF4C55C40F80C3041F647
:10C8E000A80C4FF0004340F80C3041F6AC03C250A6
:10C8F00041F6B003C25041F6B403C25441F6B50349
:10C90000C25441F6B603C25441F6B702815402B094
:10C9100080BD00000000000080B582B00190019849
:10C92000009000F5FF6005F023FA009802B080BD8A
:10C9300080B586B00590ADF81210059801900020E2
:10C940000290FFE70298BDF81210884280F29281AF
:10C95000FFE701994868029A1044843003900398D5
:10C960000078097A884204D0FFE7029801300290EB
:10C97000E8E701980399042200F07EF90399097908
:10C98000884204D0FFE7029801300290DAE701986C
:10C990000399B1F80120073200F0A2F90399B1F828
:10C9A00001201144B1F80710884208D0FFE703982E
:10C9B000B0F801000299084409300290C2E70298D9
:10C9C0000399B1F8011008440930BDF812108842EB
:10C9D00001DDFFE74EE10398B0F805000146009144
:10C9E000012856D0FFE7009802286ED0FFE7009894
:10C9F000032874D0FFE7009840F20111884276D0F6
:10CA0000FFE70098B0F5817F7BD0FFE70098B0F595
:10CA1000827F00F08080FFE7009840F20121884289
:10CA200000F08380FFE7009840F20221884200F086
:10CA30009A80FFE7009840F20321884200F0B3801B
:10CA4000FFE70098B0F5017F00F0C080FFE7009895
:10CA500040F20621884200F0C880FFE7009840F2CB
:10CA60000721884200F0CB80FFE70098B0F5027FF5
:10CA700000F0D380FFE7009840F20921884200F0DF
:10CA8000DB80FFE7009840F20A21884200F0DF8057
:10CA9000E8E00199039BD87C81F82400D3F80700D3
:10CAA000D3F80B20D3F80F300B62CA61886145F6CA
:10CAB0008040C2F200400430FAF7E2FA40F26070BF
:10CAC000C2F2004080ED010ACCE001990398427A5D
:10CAD00081F82720B0F80700A1F82500C2E00198EE
:10CAE0002830039907311222E3F741FCBAE001999B
:10CAF0000398B0F80B20CA87D0F80700C1F83A00B5
:10CB0000B0E001990398B0F80B20A1F84420D0F8C8
:10CB100007000864A6E001990398C27A81F84A20C8
:10CB2000D0F80700C1F846009CE00199DDF80CC080
:10CB3000DCF80700DCF80B20DCF80F30DCF812C062
:10CB4000C1F85BC08B654A65086545F68040C2F256
:10CB500000400830FAF794FA40F26070C2F20040E8
:10CB600080ED020A7EE00199DDF80CC0DCF80700D8
:10CB7000DCF80B20DCF80F30DCF813C0C1F86BC018
:10CB8000C1F86730C1F86320C1F85F0045F6804006
:10CB9000C2F20040FAF774FA40F26070C2F200404C
:10CBA00080ED000A5EE00199039BB3F81300A1F841
:10CBB0007B00D3F80700D3F80B20D3F80F30C1F86F
:10CBC0007730C1F87320C1F86F004BE00199039AE8
:10CBD000B2F80F00A1F88500D2F80700D2F80B20B8
:10CBE000C1F88120C1F87D003CE001990398427AA8
:10CBF00081F88D20B0F80700A1F88B0032E0019990
:10CC0000039AD07B81F89600D2F80700D2F80B2067
:10CC1000C1F89220C1F88E0024E00199039AB2F87D
:10CC20000F00A1F89F00D2F80700D2F80B20C1F83E
:10CC30009B20C1F8970015E00199039AD2F80700EC
:10CC4000D2F80A20C1F8A420C1F8A1000AE0019995
:10CC5000039AD2F80700D2F80B20C1F8AC20C1F833
:10CC6000A800FFE70398B0F80100029908440930D2
:10CC7000029067E606B080BD85B0039002910192F4
:10CC8000FF208DF80200029828B9FFE79DF8020006
:10CC90008DF813001EE0FFE70198411E0191A0B13D
:10CCA000FFE7029800788DF80300029801300290A7
:10CCB0009DF802009DF80310414045F2DC40C0F6AB
:10CCC0000200405C8DF80200E6E79DF802008DF856
:10CCD0001300FFE79DF8130005B070470000000047
:10CCE00085B00390029101924FF6FF70ADF80000FD
:10CCF000029828B9FFE7BDF80000ADF8120022E065
:10CD0000FFE70198411E0191C0B1FFE7029800784A
:10CD10008DF80300029801300290BDF800109DF8D4
:10CD200003004840C2B245F24C20C0F6020030F881
:10CD3000120080EA1120ADF80000E2E7BDF8000023
:10CD4000ADF81200FFE7BDF8120005B07047000013
:10CD500081B000900098007E000901B0704700008B
:10CD600081B000900098D0F8910000EE100A01B058
:10CD7000704700000000000081B00090009800782B
:10CD800001B070470000000080B584B003900291AC
:10CD9000ADF806200398016901310161BDF8061064
:10CDA000FFF7C6FD04B080BD81B000900098B0F8D8
:10CDB0005A0001B07047000081B000900098B0F8B0
:10CDC000690001B07047000081B000900098B0F891
:10CDD000670001B07047000081B000900098B0F883
:10CDE000560001B07047000081B000900098B0F884
:10CDF000580001B07047000082B001900199009185
:10CE000008694969884204D1FFE700990020087049
:10CE100003E0009901200870FFE700990869486164
:10CE200002B070470000000084B0039002918DF8BA
:10CE30000720039800900298006841F20001C4F2B4
:10CE40000101884207D1FFE7009940F6D850C2F2AD
:10CE50000040486065E00298006844F20041C4F276
:10CE60000001884207D1FFE7009940F6E860C2F26E
:10CE70000040486054E00298006844F60001C4F2A3
:10CE80000001884207D1FFE7009940F6F870C2F22E
:10CE90000040486043E00298006844F60041C4F254
:10CEA0000001884207D1FFE7009941F20810C2F261
:10CEB0000040486032E00298006845F20001C4F288
:10CEC0000001884207D1FFE7009941F21820C2F221
:10CED0000040486021E00298006841F20041C4F23D
:10CEE0000101884207D1FFE7009941F22830C2F2E0
:10CEF0000040486010E00298006841F60041C4F22A
:10CF00000101884207D1FFE7009940F6C840C2F20C
:10CF100000404860FFE7FFE7FFE7FFE7FFE7FFE7C5
:10CF2000FFE700999DF80700087204B07047000001
:10CF300081B00090009890F8500001B07047000058
:10CF400080B582B00190019800900021017041727B
:10CF5000052282720222C27202730161416100F2F3
:10CF6000331004F0A9FF009800F23B1004F084FF96
:10CF7000009800F5A87004F087FF009800F5BA70DB
:10CF800004F08AFF009800F2C51004F08DFF0098AD
:10CF900000F2252004F098FF009802B080BD000048
:10CFA00080B586B0059005990091D1F8F0002C303D
:10CFB00001900198C088ADF80E0001988088ADF806
:10CFC0000C0001984088ADF80A00BDF80E00B1F8D9
:10CFD0004821801A04900498D1F814114A42C1EBF8
:10CFE000D271B0EB610F07DAFFE70099D1F8500179
:10CFF0000130C1F8500111E000990498D1F81411E2
:10D0000001EBD171B0EB610F07DDFFE70099D1F8BB
:10D0100050010138C1F85001FFE7FFE70099D1F84E
:10D02000FC20D1F81431D1F85001BDF80EC000FB3E
:10D0300003C01044C1F84C010198007881F82C011C
:10D0400091ED451A91ED530AB8EEC00AB8EE411AB7
:10D0500080EE010A9FED1E1A20EE010A81ED4C0AB6
:10D0600091ED4C0A9FED1B1A20EE010A81ED4D0A4D
:10D07000BDF90C0000EE100AB8EEC00A81ED4E0AB0
:10D08000BDF90C0000EE100AB8EEC00A20EE010A4D
:10D0900081ED4F0ABDF80A0091ED410A70EE000AD9
:10D0A000002140F6FF729FED0C0AFBF7B9FB0099D7
:10D0B00081ED500A0198407800EE100AB8EE400A5F
:10D0C00081ED510ABDF80E00A1F8480106B080BDFF
:10D0D0000000B44335FA8E3C000000000000000060
:10D0E00081B00090009890ED4C0A01B070470000AC
:10D0F00081B00090009890ED4D0A01B0704700009B
:10D1000080B582B0019000910198D0F81C110131D6
:10D11000C0F81C11FFF744FF02B080BD0000000002
:10D1200081B00090009890F8280101B0704700008D
:10D1300082B0019001990091D1F81C01D1F8201121
:10D14000884205D1FFE70099002081F8280104E01A
:10D150000099012081F82801FFE70099D1F81C010E
:10D16000C1F8200102B07047B0B58AB00DF1100CC3
:10D17000CDF804C09446019A8E4604460F980E9945
:10D180000994CDF820E08DF81FC082ED020A0593C6
:10D19000C2ED000A8DF80F108DF80E00099802906C
:10D1A000089800684AF20001C4F20001884208D1E0
:10D1B000FFE7029940F20860C2F20040C1F8F000B7
:10D1C00011E0089800684AF20041C4F20001884268
:10D1D00008D1FFE7029940F2A860C2F20040C1F80E
:10D1E000F000FFE7FFE702999DF81F0081F8F400C7
:10D1F0009DF80F0081F856019DF80E0081F854014A
:10D200000598C1F8FC000698C1F800010498C1F81F
:10D21000040108989DF81F10FBF78EF80299C1F8D9
:10D22000F8000AB0B0BD000080B582B0019001984E
:10D23000009005F0B5FC0098503005F0B1FC009866
:10D24000A03005F0ADFC00980021C4F24831C0F8D0
:10D2500000114CF25031A0F808114FF40062A0F810
:10D260000A210021A0F80C1149F69A13C3F699631C
:10D27000C0F810314FF48033C0F8143180F8181121
:10D28000C0F81C11C0F820114FF6FF73A0F824312C
:10D29000A0F8262180F828119C2280F8542180F8DB
:10D2A0005511022280F85621C0F85811C0F85C11BF
:10D2B000C0F86011C0F86411C0F86811C0F86C11B2
:10D2C000C0F87011C0F8741102B080BD00000000F9
:10D2D00080B584B003900398019040684068029044
:10D2E000552852D0FFE70298672857D1FFE70198E9
:10D2F0004268D16A126BC2658165B0F9581000EEC0
:10D30000101AB8EEC00AB2EE041A80EE010A80EDDF
:10D31000120AB0F85A1000EE101AB8EEC00A9FEDCB
:10D32000201A80EE010A42F69461C2F2004181EDBA
:10D33000000A1830009091ED000A01F019FF0098E2
:10D3400001F0C2FE009801F00BFF019880ED130A76
:10D350000068FFF7FDFC042816D1FFE7019800F0F4
:10D360006FF80146019848F6B952C0F20602A1FBD7
:10D37000022100EE101AB8EEC01A90ED110A30EE3C
:10D38000410A80ED110AFFE708E00199486890F82A
:10D39000302081F86420C06A0866FFE704B080BDD1
:10D3A0000000C8420000000082B001908DED000A2C
:10D3B00001990098C1F86F0002B0704700000000AA
:10D3C00081B00090009890ED130ABCEEC00A10EEF8
:10D3D000100A01B07047000081B00090009890F8EA
:10D3E000660001B07047000082B001908DF8031014
:10D3F00001999DF8030081F8660002B070470000B3
:10D4000080B582B0019000910198016D01310165F4
:10D41000FFF75EFF02B080BD82B001908DF803106F
:10D4200001999DF8030081F8730002B07047000075
:10D4300081B00090009890F8650001B0704700003E
:10D4400081B000900098B0F85E0001B07047000015
:10D4500082B001908DF8031001999DF8030081F8C6
:10D46000760002B07047000082B00190ADF8021063
:10D470000199BDF80200A1F8740002B070470000E5
:10D4800082B0019001990091086D496D884205D1E3
:10D49000FFE70099002081F8650004E00099012071
:10D4A00081F86500FFE70099086D486502B0704794
:10D4B00080B582B00190019800F05AF802B080BDAA
:10D4C00080B584B0039002918DED010A039800901D
:10D4D000029800684AF20001C4F20001884207D1B4
:10D4E000FFE7009940F20860C2F20040486021E086
:10D4F000029800684AF20041C4F20001884207D154
:10D50000FFE7009940F2A860C2F20040486010E0D6
:10D51000029800684DF20041C4F20001884207D130
:10D52000FFE7009940F2F860C2F200404860FFE770
:10D53000FFE7FFE700980199C0F86F1040F23071E3
:10D54000C2F20041C16018309FED050ADFED050A07
:10D550009FED051AF7EE001A01F0EAFD04B080BD58
:10D560009A99993ECDCCCC3D00000000000000000F
:10D5700080B582B0019001980090FFF72DFF01283F
:10D5800005D1FFE700980021FFF746FF04E000986F
:10D590000121FFF741FFFFE7009AD168D2F86F0041
:10D5A000D2F873204A60086002B080BD000000001D
:10D5B00080B582B0019001980090183001F0E4FD30
:10D5C000009844F20001C4F29C61416400210165AD
:10D5D000416580F8651080F86610816702B080BDF3
:10D5E00081B00090009940F2B030C2F20040026871
:10D5F0004DF68363C4F21B33A2FB0332920C8A60A4
:10D60000006844F6D352C1F26202A0FB02208009F6
:10D61000C86001B07047000080B584B003900291EB
:10D620000398019000F09CFE30B1FFE70199087962
:10D6300040F08000087108E0019800F019FA0199A3
:10D640000246087910430871FFE7019800F0E4FDF5
:10D6500030B1FFE70199087940F04000087108E017
:10D66000019800F06DF9019902460879104308719C
:10D67000FFE70198407928B1FFE70198029900F08F
:10D680008FFA26E002994BF21F30C3F67B00486206
:10D6900002994DF2C970C3F66B308862029944F664
:10D6A0002F70CBF6E220C86202994CF65830C4F2D3
:10D6B0001B100863029890ED0C1A9FED080A80EE8B
:10D6C000010A80ED080A02990020C4F22020886136
:10D6D000FFE70198007904B080BD00BFC3F51C418D
:10D6E00080B586B0059004910598029042F66E626E
:10D6F000C2F2004203921221062300F0E1FF0298D9
:10D70000039A1178537841EA032142F66C63C2F21E
:10D7100000431980B3F9001000EE101AB8EEC00AE9
:10D7200040F21401C2F2004191ED001A20EE010A0C
:10D73000DDF810C08CED000A92F802C092F803E008
:10D740004CEA0E2CA3F800C0B3F900C000EE10CADA
:10D75000B8EEC00A91ED001A20EE010ADDF810C003
:10D760008CED010A92F804C092F805E04CEA0E2C08
:10D77000A3F800C0B3F9003000EE103AB8EEC00ACA
:10D7800091ED001A20EE010A049981ED020A0021B0
:10D79000082300F05DFF039800780F2840F0958083
:10D7A000FFE70298407900284AD0FFE742F66E630F
:10D7B000C2F200439878D97840EA012042F66C61C1
:10D7C000C2F200410880B1F9000000EE100AB8EE84
:10D7D000C01A40F21800C2F2004090ED002A049AEC
:10D7E00092ED090A91EE020A82ED030A1A7993F882
:10D7F00005C042EA0C220A80B1F9002000EE102A8E
:10D80000B8EEC01A90ED002A049A92ED0A0A91EE41
:10D81000020A82ED040A9A79DB7942EA03220A803D
:10D82000B1F9001000EE101AB8EEC01A90ED002AFF
:10D83000049890ED0B0A91EE020A80ED050A43E090
:10D8400042F66E63C2F200439878D97840EA01202C
:10D8500042F66C61C2F200410880B1F9000000EEAE
:10D86000100AB8EEC00A40F21800C2F2004090ED73
:10D87000001A20EE010A049A82ED030A1A7993F83D
:10D8800005C042EA0C220A80B1F9002000EE102AFD
:10D89000B8EEC00A90ED001A20EE010A049A82ED5B
:10D8A000040A9A79DB7942EA03220A80B1F900106E
:10D8B00000EE101AB8EEC00A90ED001A20EE010A30
:10D8C000049880ED050AFFE7FFE7029842F66E62D2
:10D8D000C2F2004201922221022300F0F1FE0199DE
:10D8E00008784978C00040EA511142F66C60C2F2F3
:10D8F00000400180B0F90000B0F5806F09DBFFE760
:10D9000042F66C61C2F200410888A0F50060088010
:10D91000FFE742F66C60C2F20040B0F9000000EE92
:10D92000100AB8EEC01AB4EE002AB3EE070AA1EE50
:10D93000020A049880ED070A06B080BD00000000CE
:10D9400080B58AB0089008980590002103918DF861
:10D950001F108DF81E100DF11E02049200F0ECFE57
:10D9600005989621069101F027F80399049A0598E5
:10D9700000F0E2FE0598069901F01EF805981421C2
:10D98000B62200F02DFF0598502100F0C9FF039941
:10D99000049A059800F0D0FE0598069901F00CF85D
:10D9A0000399049A059800F0C7FE0598069901F0BE
:10D9B00003F89DF81E000F2804D0FFE7FF208DF824
:10D9C00027004FE000208DF81F00FFE79DF81F00A3
:10D9D000052843DCFFE705989DF81F1001EB410384
:10D9E00040F28641C2F200410291CA18C95C5278E5
:10D9F00000F0F6FE05989621019100F0DDFF0598F4
:10DA000002999DF81F2002EB4202895C0DF11E0273
:10DA100000F092FE0598019900F0CEFF02999DF862
:10DA20001E009DF81F2002EB4202114449788842F3
:10DA30000DD0FFE79DF81F0000EB400140F286404B
:10DA4000C2F20040084480788DF827000AE0FFE722
:10DA50009DF81F0001308DF81F00B7E700208DF8FA
:10DA60002700FFE79DF827000AB080BD00000000F6
:10DA700080B58AB0089008980590002103918DF830
:10DA80001F108DF81E100DF11F02049200F07CFE95
:10DA900005989621069100F08FFF0399049A059846
:10DAA00000F072FE0598069900F086FF05987E2129
:10DAB000B62200F0B9FE0598502100F031FF03991D
:10DAC000049A059800F060FE0598069900F074FF2E
:10DAD0000399049A059800F057FE0598069900F0FE
:10DAE0006BFF9DF81F001E2804D0FFE7FF208DF874
:10DAF00027004FE000208DF81E00FFE79DF81E0074
:10DB0000052843DCFFE705989DF81E1001EB410353
:10DB100040F29841C2F200410291CA18C95C5278A1
:10DB200000F082FE05989621019100F045FF0598CE
:10DB300002999DF81E2002EB4202895C0DF11F0242
:10DB400000F022FE0598019900F036FF02999DF839
:10DB50001F009DF81E2002EB4202114449788842C2
:10DB60000DD0FFE79DF81E0000EB400140F2984009
:10DB7000C2F20040084480788DF827000AE0FFE7F1
:10DB80009DF81E0001308DF81E00B7E700208DF8CB
:10DB90002700FFE79DF827000AB080BD00000000C5
:10DBA00080B594B006AA0292139012911398039034
:10DBB000002011901090FAF78BFD42F67860C2F2C7
:10DBC000004080ED000AFFE7FAF782FD42F6786038
:10DBD000C2F2004090ED001A30EE410AB2EE041A93
:10DBE000B4EE410AF1EE10FA1EDDFFE712994BF296
:10DBF0001F30C3F67B00486212994DF2C970C3F61C
:10DC00006B308862129944F62F70CBF6E220C8621E
:10DC100012994CF65830C4F21B1008631299002078
:10DC2000C4F220208861E1E29FEDE40AFDF714F9D7
:10DC30001299002008631299486212998862129919
:10DC4000C862ADF81600FFE7BDF8160040F2A0511B
:10DC5000C2F200410988884280F2DA81FFE7039826
:10DC6000122110AA0192062300F02AFD9DF840001F
:10DC70009DF8411040EA0120ADF83E00BDF93E009C
:10DC800000EE100AB8EEC00A40F21400C2F20040E2
:10DC900090ED001A20EE010A129981ED000A9DF81C
:10DCA00042109DF8432041EA0221ADF83E10BDF933
:10DCB0003E1000EE101AB8EEC00A90ED001A20EEE9
:10DCC000010A129981ED010A9DF844109DF8452042
:10DCD00041EA0221ADF83E10BDF93E1000EE101AE7
:10DCE000B8EEC00A90ED001A20EE010A129880EDFD
:10DCF000020A129890ED002A90ED010A90ED021AA6
:10DD000020EE000AA2EE020AA1EE010A07F002F8D4
:10DD100002990398019A81ED020A91ED021A129973
:10DD200091ED0C0A30EE010A81ED0C0A0021082366
:10DD300000F08EFC9DF840000F285FD1FFE79DF8B2
:10DD400042009DF8431040EA0120ADF83E00BDF9C5
:10DD50003E0000EE100AB8EEC00A40F21800C2F20F
:10DD6000004090ED001A20EE010A129981ED030A9D
:10DD7000129991ED031A91ED090A30EE010A81ED35
:10DD8000090A9DF844109DF8452041EA0221ADF8AA
:10DD90003E10BDF93E1000EE101AB8EEC00A90ED2C
:10DDA000001A20EE010A129981ED040A129991EDF0
:10DDB000041A91ED0A0A30EE010A81ED0A0A9DF873
:10DDC00046109DF8472041EA0221ADF83E10BDF90A
:10DDD0003E1000EE101AB8EEC00A90ED001A20EEC8
:10DDE000010A129880ED050A129890ED051A90ED3F
:10DDF0000B0A30EE010A80ED0B0AFFE7BDF81600B2
:10DE000038BBFFE7089807900898069000208DF827
:10DE10001500FFE79DF81500022819DCFFE71298AE
:10DE20009DF8152000EB8200C0680CA941F8220083
:10DE300012989DF8152000EB8200C06809A941F8EE
:10DE40002200FFE79DF8150001308DF81500E1E78D
:10DE500064E0029890ED020A90ED011AB4EE410AD6
:10DE6000F1EE10FA03DDFFE708980790FFE702984C
:10DE700090ED020A90ED001AB4EE410AF1EE10FAAC
:10DE800003DAFFE708980690FFE700208DF81400FA
:10DE9000FFE79DF8140002283FDCFFE712989DF889
:10DEA000141000EB810090ED030A0CA800EB810038
:10DEB00090ED001AB4EE410AF1EE10FA0ADDFFE728
:10DEC00012989DF8142000EB8200C0680CA941F85C
:10DED0002200FFE712989DF8141000EB810090EDEE
:10DEE000030A09A800EB810090ED001AB4EE410A84
:10DEF000F1EE10FA0ADAFFE712989DF8142000EB11
:10DF00008200C06809A941F82200FFE7FFE79DF8F9
:10DF1000140001308DF81400BBE7FFE7029890ED84
:10DF2000010A90ED001A30EE410A44F2FC70C2F290
:10DF3000004080ED000A00208DF81300FFE79DF8F7
:10DF4000130002281DDCFFE79DF813100CA800EB5E
:10DF5000810090ED000A09A800EB810090ED001A05
:10DF600030EE410A44F60000C2F2004000EB8100AE
:10DF700080ED000AFFE79DF8130001308DF81300D3
:10DF8000DDE744F2FC70C2F2004090ED000AB6EE0C
:10DF9000001AB4EE410AF1EE10FA2DDCFFE744F668
:10DFA0000000C2F2004090ED000A9FED961AB4EE18
:10DFB000410AF1EE10FA1FDC02E000BF0AD7A33BD2
:10DFC00044F60000C2F2004090ED010A9FED8D1A68
:10DFD000B4EE410AF1EE10FA0EDCFFE744F6000061
:10DFE000C2F2004090ED020A9FED861AB4EE410A9B
:10DFF000F1EE10FA01DDFFE70AE09FED830AFCF77E
:10E000002BFFFFE7BDF816000130ADF816001BE648
:10E0100040F2A050C2F20040008800EE100AB8EEB4
:10E02000401A129890ED0C0A80EE010A80ED0C0A5D
:10E0300000208DF81200FFE79DF8120002281BDC7B
:10E04000FFE740F2A050C2F20040008800EE100A44
:10E05000B8EE401A12989DF8121000EB810090ED76
:10E06000090A80EE010A80ED090AFFE79DF8120017
:10E0700001308DF81200DFE70398222110AA022355
:10E0800000F01EFB9DF840009DF84110C00040EAE2
:10E090005110ADF83E00BDF93E00B0F5806F07DBD2
:10E0A000FFE7BDF83E00A0F50060ADF83E00FFE7D9
:10E0B000BDF93E0000EE100AB8EEC01AB4EE002A18
:10E0C000B3EE070AA1EE020A129880ED060A42F6A4
:10E0D000BC61C2F20041088801300880FFE744F2C9
:10E0E000FC70C2F2004090ED000A0120B6EE001A6A
:10E0F000B4EE410AF1EE10FA009071DCFFE71298DD
:10E1000090ED0C0A9FED411A30EE010AB0EEC00A04
:10E110000120B6EE001AB4EE410AF1EE10FA0090BA
:10E120005EDCFFE744F60000C2F2004090ED000A1A
:10E1300001209FED341AB4EE410AF1EE10FA00907E
:10E140004EDCFFE744F60000C2F2004090ED010A09
:10E1500001209FED2C1AB4EE410AF1EE10FA009066
:10E160003EDCFFE744F60000C2F2004090ED020AF8
:10E1700001209FED241AB4EE410AF1EE10FA00904E
:10E180002EDCFFE7129890ED090AB0EEC00A0120DC
:10E190009FED1F1AB4EE410AF1EE10FA00901FDC59
:10E1A000FFE7129890ED0A0AB0EEC00A01209FED39
:10E1B000181AB4EE410AF1EE10FA009010DCFFE7F5
:10E1C000129890ED0B0AB0EEC00A9FED111A0020D4
:10E1D000B4EE410AF1EE10FAC8BF01200090FFE74B
:10E1E0000098C00700287FF4EFACFFE7129890ED8D
:10E1F0000C1A9FED080A80EE010A80ED080A14B09F
:10E2000080BD00BF9A99193E6F12033ACDCC1CC154
:10E210000AD7233CC3F51C4180B58AB00890089802
:10E220000590002102918DF81F108DF81E100DF140
:10E230001F02039200F080FA05989621049100F0E5
:10E24000BBFB0299039A059800F076FA04990598A9
:10E2500000F0B2FB05981421B62200F0C1FA05982F
:10E260005021069100F05CFB0299039A059800F09A
:10E2700063FA0499059800F09FFB0299039A0598A8
:10E2800000F05AFA0499059800F096FB05983C2195
:10E29000012200F0A5FA0598069900F041FBFFE77E
:10E2A00005983C210DF11F0200F046FA05989621D1
:10E2B00000F082FB9DF81E0001308DF81E00FFE784
:10E2C0009DF81F10002089070029019008D4FFE75E
:10E2D0009DF81E1000200A29B8BF01200190FFE719
:10E2E0000198C0070028DBD1FFE79DF81E000A282F
:10E2F00004D1FFE740208DF827000DE09DF81F00B6
:10E300004007002804D5FFE740208DF8270003E0F0
:10E3100000208DF82700FFE79DF827000AB080BD98
:10E3200080B584B003908DF80B10039801909DF890
:10E330000B100268917200680068694601230B6047
:10E3400040F60001C5F602010822F2F771FB0198C0
:10E35000006890F88A0004B080BD00000000000052
:10E3600080B596B0149014980C9000210A91ADF8E5
:10E3700040100F918DF83B108DF83A100DF13B02D3
:10E380000B9200F001FA0C9896210D9100F014FB0D
:10E390000A990B9A0C9800F0F7F90C980D9900F077
:10E3A0000BFB0C987E21B62200F03EFA0C9850210F
:10E3B00000F0B6FA0A990B9A0C9800F0E5F90C985F
:10E3C0000D9900F0F9FA0A990B9A0C9800F0DCF913
:10E3D0000C980D9900F0F0FA9DF83B001E2804D02F
:10E3E000FFE7FF208DF857002EE100208DF83A005E
:10E3F000FFE79DF83A00032847DCFFE70C989DF8FB
:10E400003A1001EB410345F2DC51C0F602010991DB
:10E41000CA18C95C527800F007FA0C989621089146
:10E4200000F0CAFA0C9809999DF83A2002EB4202D2
:10E43000895C0DF13B0200F0A7F90C98089900F0F7
:10E44000BBFA09999DF83B009DF83A2002EB420285
:10E450001144497888420DD0FFE79DF83A0000EB5F
:10E46000400145F2DC50C0F60200084480788DF887
:10E470005700E9E00C98502100F052FAFFE79DF8B0
:10E480003A0001308DF83A00B3E700208DF83A00E9
:10E49000FFE79DF83A00012875DCFFE70C989DF82E
:10E4A0003A1001EB410145F2DC52C0F6020207923C
:10E4B0000A44117B527B00F0B7F90C989621069123
:10E4C00000F07AFA0C98079A9DF83A1001EB410196
:10E4D0001144097B0DF13B0200F056F90C980699A6
:10E4E00000F06AFA079A9DF83B009DF83A1001EB9C
:10E4F00041011144497B88420DD0FFE79DF83A0065
:10E5000045F2DC51C0F6020100EB40000844807B7C
:10E510008DF8570098E00C98502100F001FA0C9803
:10E5200012210FAA062300F0CBF89DF83C009DF8BD
:10E530003D1040EA01209DF83A1001EB410211A97B
:10E5400021F812009DF83E009DF83F2040EA02208D
:10E550009DF83A2002EB420201EB420250809DF806
:10E5600040009DF8412040EA02209DF83A2002EB4D
:10E57000420201EB42018880FFE79DF83A0001303A
:10E580008DF83A0085E70C986D210491002200F087
:10E590004BF90C989621059100F00EFA04990C980D
:10E5A0000DF13B0200F0F0F80C98059900F004FA28
:10E5B0009DF83B0020B1FFE704208DF8570043E0B1
:10E5C0000C987E21B62200F02FF90C98502100F013
:10E5D000A7F9BDF94400BDF94A10401A40F255515F
:10E5E000884213DBFFE7BDF94600BDF94C10401A25
:10E5F00040F25551884209DBFFE7BDF94800BDF9FB
:10E600004E10401AB0F52A7F04DAFFE780208DF81B
:10E61000570019E00C98002103910DF13B02019283
:10E6200000F0B2F80C989621029100F0C5F9019A19
:10E630000C98039900F0A8F80C98029900F0BCF926
:10E6400003988DF85700FFE79DF8570016B080BD7E
:10E6500080B586B005908DF8131003928DF80B30BD
:10E660000598019040F60000C5F602000821E7F782
:10E67000F7FF01989DF8131041F08001FFF750FE5D
:10E68000FFE79DF80B0078B1FFE701985521FFF7F0
:10E6900047FE039908700398013003909DF80B0022
:10E6A00001388DF80B00ECE740F60000C5F60200DB
:10E6B0000821E7F7D5FF06B080BD0000000000008C
:10E6C00080B586B005908DF8131003928DF80B304D
:10E6D0000598019040F60000C5F602000121E7F719
:10E6E000BFFF01989DF8131041F08001FFF718FE5D
:10E6F00001989DF8131041F08001FFF711FEFFE72C
:10E700009DF80B0078B1FFE701985521FFF708FE4F
:10E71000039908700398013003909DF80B000138AD
:10E720008DF80B00ECE740F60000C5F60200012171
:10E73000E7F796FF06B080BD80B586B005908DF8EE
:10E74000131003920598009040F60000C5F60200F1
:10E75000029008210191E7F783FF00989DF81310BC
:10E7600041F08001FFF7DCFD00985521FFF7D8FD4F
:10E77000019902460298039B1A70E7F771FF06B0F1
:10E7800080BD00000000000080B588B007908DF8C3
:10E790001B1005920798029040F60000C5F6020093
:10E7A000049001210391E7F75BFF02989DF81B108D
:10E7B00041F08001FFF7B4FD029855210191FFF768
:10E7C000AFFD01990298FFF7ABFD0399024604984B
:10E7D000059B1A70E7F744FF08B080BD00000000F9
:10E7E00080B586B005908DF813108DF8122005982D
:10E7F000019040F60000C5F6020003900821029146
:10E80000E7F72EFF01989DF81310FFF789FD019897
:10E810009DF81210FFF784FD02990398E7F720FF97
:10E8200006B080BD0000000080B586B005908DF870
:10E8300013108DF812200598019040F60000C5F6DF
:10E840000200039001210291E7F70AFF01989DF869
:10E850001310FFF765FD01989DF81210FFF760FD9A
:10E8600002990398E7F7FCFE06B080BD00000000A7
:10E8700080B586B0049003910292049801900398A9
:10E8800020B9FFE700208DF8170045E003980068E5
:10E8900043F20001C4F20101884207D1FFE7019968
:10E8A00040F6C400C2F20040086025E0039800680A
:10E8B00043F60001C4F20001884207D1FFE7019945
:10E8C00040F6D810C2F20040086014E003980068D7
:10E8D00043F60041C4F20001884207D1FFE70199E5
:10E8E00040F6EC20C2F20040086003E000208DF802
:10E8F000170011E0FFE7FFE7FFE70198FEF770FE62
:10E90000FFE701980299FEF787FE08B1FFE7F8E7F5
:10E9100001208DF81700FFE79DF8170006B080BDB5
:10E9200087B00690ADF81610069900200490039069
:10E930000290019000904EF21400CEF200000068A8
:10E940000090BDF81600C968484304904EF21800C4
:10E95000CEF2000000680390FFE74EF21800CEF2FE
:10E960000000006802900298039988421ED0FFE7D9
:10E9700002980399884207D2FFE703980299411A47
:10E9800001980844019008E000980299401A039900
:10E990000144019808440190FFE702980390019810
:10E9A0000499884201D3FFE701E0FFE7D5E707B00C
:10E9B000704700000000000087B00690ADF8161008
:10E9C00006990020049003900290019000904EF26E
:10E9D0001400CEF2000000680090BDF816008968AF
:10E9E000484304904EF21800CEF2000000680390F5
:10E9F000FFE74EF21800CEF2000000680290029885
:10EA0000039988421ED0FFE702980399884207D2F3
:10EA1000FFE703980299411A01980844019008E021
:10EA200000980299401A0399014401980844019002
:10EA3000FFE70298039001980499884201D3FFE709
:10EA400001E0FFE7D5E707B07047000000000000D5
:10EA500081B0009000980021017141718160C16016
:10EA600001B070470000000082B001900091009951
:10EA70004FF07E500860009900204860009988603F
:10EA80000099C86002B0704781B0009000984FF0C4
:10EA90007E510160002141600022C4F27A4282600E
:10EAA000C1600161416101B07047000000000000D9
:10EAB00080B592B0119010911198039000200F90A2
:10EAC0000E900D900C900B908DF82B00FFE79DF8A9
:10EAD0002B00072862DCFFE70398109A9DF82B10A3
:10EAE000C1EBC10302EB830292ED0A0AD2ED0C0ADC
:10EAF00000F076FA10989DF82B10C1EBC10100EBE5
:10EB0000810080ED0D0A10989DF82B10C1EBC1011A
:10EB100000EB810090ED0D1A9DED0D0A30EE010A1B
:10EB20008DED0D0A10989DF82B10C1EBC10100EB83
:10EB3000810090ED0D0AB5EE400AF1EE10FA26DDE7
:10EB4000FFE79DF82B00042810DBFFE710989DF8E5
:10EB50002B10C1EBC10100EB810090ED0D1A9DED72
:10EB60000E0A30EE010A8DED0E0A0FE010989DF8A6
:10EB70002B10C1EBC10100EB810090ED0D1A9DED52
:10EB80000F0A30EE010A8DED0F0AFFE7FFE7FFE7FE
:10EB90009DF82B0001308DF82B0098E74FF07E5048
:10EBA000099008901098008800EE100AB8EEC00A8C
:10EBB0009FED9A1A20EE010A8DED070A00200690BB
:10EBC0009DED0E0A9DED071AB4EE410AF1EE10FA22
:10EBD00015DDFFE79DED070A9DED0E1A80EE010A97
:10EBE0008DED080A1098008800EE100AB8EEC00AF1
:10EBF0009DED071A30EE410A8DED060A0FE04FF049
:10EC00007E5008901098008800EE100AB8EEC00AF6
:10EC10009DED0E1A30EE410A8DED060AFFE79DEDDF
:10EC20000F0A9DED061AB4EE410AF1EE10FA09DD65
:10EC3000FFE79DED060A9DED0F1A80EE010A8DEDAE
:10EC4000090A03E04FF07E500990FFE700208DF89D
:10EC50001700FFE79DF81700072800F3D180FFE7B2
:10EC60009DF81700042805DBFFE79DED080A8DEDF0
:10EC7000020A04E09DED090A8DED020AFFE79DED11
:10EC8000020A8DED040A10989DF81710C1EBC1011E
:10EC900000EB810090ED0D0AB5EE400AF1EE10FA9E
:10ECA00015DAFFE710989DF81710C1EBC10100EBD2
:10ECB0008101486B886310989DF81710C1EBC10162
:10ECC00000EB8101B1F84000A1F8420092E01098F9
:10ECD0009DF81710C1EBC10100EB810090ED0D0A0A
:10ECE0009DED041A20EE010A80ED0E0AFFE79DF863
:10ECF0001700042810DBFFE710989DF81710C1EBF0
:10ED0000C10100EB810090ED0E1A9DED0B0A30EE73
:10ED1000010A8DED0B0A0FE010989DF81710C1EB5A
:10ED2000C10100EB810090ED0E1A9DED0C0A30EE52
:10ED3000010A8DED0C0AFFE70398109A9DF8171051
:10ED4000C1EBC10302EB830292ED0A0A92ED0C1AA9
:10ED5000D2ED0E0A00F068F89FED311A20EE010A9C
:10ED6000BDEEC00A10EE100A10999DF81720C2EBF4
:10ED7000C20201EB8201A1F8420010989DF8171021
:10ED8000C1EBC10100EB8100B0F94200B0F5804F4A
:10ED900004DDFFE74FF48040019020E010989DF8DB
:10EDA0001710C1EBC10100EB8100B0F9420010F572
:10EDB000804F06DAFFE74CF20000CFF6FF700090BC
:10EDC0000AE010989DF81710C1EBC10100EB81001B
:10EDD000B0F942000090FFE700980190FFE701982A
:10EDE00010999DF81720C2EBC20201EB8201A1F835
:10EDF0004200FFE79DF8170001308DF8170029E762
:10EE00000D98109948619DED0C0A9DED0B1A30EE9E
:10EE1000010A109880ED070A12B080BDCDCC4C3F9E
:10EE200090D54C470000000080B590B00F908DED5C
:10EE30000E0ACDED0D0A8DED0C1A8DF82F100F98DE
:10EE400004909DED0E0AFCF703FF04988DED0E0A69
:10EE500000210A919DED0E0A8DED050A90ED031A31
:10EE60008DED061A03F0F0FE04989DED051AB0EE44
:10EE7000404A9DED060A90ED042A90ED053AA0EE79
:10EE8000043A9DED0D0A30EE430AB1EE003A20EE51
:10EE9000030A20EE020AA1EE010A8DED090A9DED9A
:10EEA000090AB5EE400AF1EE10FA03DAFFE7002096
:10EEB0000A9090E09DED0E0A8DED020A9DED090A83
:10EEC00005F028FF9DED021A049830EE410A90EDFE
:10EED000041A31EE011A80EE010A8DED080A9DED4B
:10EEE0000E0AB1EE400A8DED030A9DED090A05F008
:10EEF00011FF0498B0EE401A9DED030A30EE410A6E
:10EF000090ED041A31EE011A80EE010A8DED070A28
:10EF10009DED080AB5EE400AF1EE10FA08DDFFE7B4
:10EF20009DED070AB5EE400AF1EE10FA10DBFFE79F
:10EF30009DED080AB5EE400AF1EE10FA2FDAFFE770
:10EF40009DED070AB5EE400AF1EE10FA27DDFFE766
:10EF50009DED0C0AB5EE400AF1EE10FA08DDFFE770
:10EF60009DED080AB5EE400AF1EE10FA10DCFFE75D
:10EF70009DED0C0AB5EE400AF1EE10FA0BDAFFE750
:10EF80009DED080AB5EE400AF1EE10FA03DAFFE74C
:10EF900008980A9002E007980A90FFE71AE09DEDB2
:10EFA000080AFBF7CDFE8DED010A9DED070AFBF780
:10EFB000C7FEB0EE401A9DED010AB4EE410AF1EE33
:10EFC00010FA03DAFFE708980A9002E007980A901F
:10EFD000FFE7FFE7FFE79DED0A0A10B080BD0000E4
:10EFE00080B588B007908DED060ACDED050A8DF845
:10EFF0001310079800909DED060AFCF729FE009873
:10F000009DED051A20EE010A8DED020A90ED060A2B
:10F010008DED010A9DED060AFCF71AFE03F014FEC1
:10F0200000989DED014A9DED022A90ED035A90ED66
:10F03000043A90ED051A20EE050AA2EE040A9DEDB1
:10F04000052A22EE022AA2EE030A30EE010A8DED15
:10F05000030A9DED030A08B080BD00000000000017
:10F0600080B582B0019001980090002101704CF2AF
:10F070008F21C3F67541C1604CF20001C4F2054115
:10F0800001610021C3F6507141614FF07E518161F1
:10F090001C309FED040ADFED040A02F0ADFE00987B
:10F0A00002B080BDACC5273772F97F3F0000000079
:10F0B00080B582B00190019800901C3002F0C4FE2F
:10F0C000009802B080BD000081B000900099486AAD
:10F0D000086291ED000A91ED051A30EE010A81ED0A
:10F0E000010A91ED010A91ED041A30EE011A80EE49
:10F0F000010A81ED060A91ED061A91ED090A91EDDA
:10F100000A2A32EE402AA1EE020A81ED090A91EDA7
:10F11000011A91ED062AB7EE000A30EE420A20EEFF
:10F12000010A81ED000A486AC86101B07047000019
:10F1300085B004908DED030ACDED020A8DED011A24
:10F14000CDED001A0499039808610298486101986E
:10F1500048620098086005B0704700000000000099
:10F1600081B00090009890ED070A01B07047000050
:10F1700082B001908DED000A01990098886202B07A
:10F18000704700000000000081B0009000984FF030
:10F190007E518160C1600161416100218161C16175
:10F1A000816201B07047000080B586B00590059877
:10F1B0000090D0F8AC002C300190019804A9FBF726
:10F1C000EFFA019802300DF10E01FBF7E9FA019810
:10F1D000043003A9FBF7E4FA019806300DF10A01A7
:10F1E000FBF7DEFA009890F8BC0001282CD1FFE76D
:10F1F0000099BDF81000D1F8E820801AADF812008F
:10F20000BDF91200B1F8BE104A42C1EBD271B0EBA9
:10F21000610F07DAFFE70099D1F8F0000130C1F87B
:10F22000F00010E00099BDF91200B1F8BE10B0EB8B
:10F23000510F07DDFFE70099D1F8F0000138C1F860
:10F24000F000FFE7FFE7FFE70098D0F8F010B0F814
:10F25000BE20BDF8103001FB0231C0F8EC1090ED7B
:10F260002D1A90ED3B0AB8EEC00AB0F8BE1002EEBF
:10F27000101AB8EE422A80EE020A30EE000A9FED24
:10F28000302A20EE020A80EE010A80ED350A90ED68
:10F290002D1A90ED3B0AB8EEC00AB0F8BE1002EE8F
:10F2A000101AB8EE422A80EE020A9FED262A20EEBE
:10F2B000020A80EE010A80ED340ABDF90E1000EE5C
:10F2C000101AB8EEC00A9FED201A20EE010A90ED48
:10F2D0002D1A80EE010A80ED360ABDF90E1000EEFF
:10F2E000101AB8EEC00AB1EE081A20EE010A90ED2D
:10F2F0002D1A80EE010A80ED370ABDF90C1000EEE0
:10F30000101AB8EEC00A80ED380ABDF90A1000EEF6
:10F31000101AB8EEC00A9FED0D1A30EE010A80ED0A
:10F32000390ABDF81010C0F8E81090F8BC0028B9F0
:10F33000FFE70099012081F8BC00FFE706B080BD1F
:10F34000DB0F49400000B4435077D63D33938843E8
:10F3500081B00090009890ED380A01B0704700002D
:10F3600081B000900098B0F8C00001B07047000074
:10F3700081B00090009890ED2D0A01B07047000018
:10F3800082B001908DED000A01990098C1F8080142
:10F3900002B070470000000082B001908DED000ABD
:10F3A00001990098C1F8100102B0704700000000F8
:10F3B00080B582B0019000910198D0F8C41001315D
:10F3C000C0F8C410FFF7F0FE02B080BD00000000DE
:10F3D00081B00090009890ED360A01B070470000AF
:10F3E00082B001908DED000A01990098C1F81801D2
:10F3F00002B070470000000082B001908DF8031049
:10F4000001999DF8030081F8FC0002B070470000EC
:10F4100080B586B005900598039090F8FC000146F1
:10F420000491062800F2A6800499DFE801F004099F
:10F430002F47A3A3710003990020C1F814019EE097
:10F44000039991ED2D1A91ED440AB1F8C00002EE36
:10F45000100AB8EEC22A20EE020A9FED4D2A21EED4
:10F46000021AB3EE042A21EE021A9FED4A2A81EE17
:10F47000021A80EE010A01F58A7081ED450A9FEDBE
:10F48000460ADFED460AF8F703F978E0039901F13F
:10F490005000029091ED430A03F0C6F902980399D7
:10F4A00091ED360A03F070FB029803F0D5F902984B
:10F4B00003F062FB039880ED450A60E0039890ED4D
:10F4C000420A03F0B1F9039890ED350A03F05CFBB2
:10F4D000039803F0C1F9039803F04EFB039981ED03
:10F4E000430A01F15000019091ED430A03F09CF9A9
:10F4F0000198039991ED360A03F046FB019803F059
:10F50000ABF9019803F038FB039880ED450A36E02B
:10F51000039890ED420A03F087F9039890ED460AAC
:10F5200003F032FB039803F097F9039803F024FBF0
:10F53000039981ED430A01F15000009091ED430AD7
:10F5400003F072F90098039991ED360A03F01CFB61
:10F55000009803F081F9009803F00EFB039901F580
:10F560008A7081ED450A9FED080ADFED080AF8F779
:10F570008FF804E003990020C1F81401FFE7039815
:10F5800000F096F806B080BD00401CC600401C4646
:10F590009A99993E27A09941000080C600008046B4
:10F5A00080B584B0039003990291D1F8C400D1F8DA
:10F5B000C810884211D1FFE70298002180F8CC10D2
:10F5C0009FED0C0A8DED010A03F03AF902989DEDCA
:10F5D000010A503003F034F904E00299012081F867
:10F5E000CC00FFE70299D1F8C400C1F8C80004B00C
:10F5F00080BD00BF0000000080B586B0059004917A
:10F600008DF80F208DF80E308DED020ACDED010A38
:10F6100005980090049800684AF20001C4F20001C5
:10F62000884208D1FFE7009940F20860C2F200402A
:10F63000C1F8AC0023E0049800684AF20041C4F22B
:10F640000001884208D1FFE7009940F2A860C2F2A9
:10F650000040C1F8AC0011E0049800684DF2004190
:10F66000C4F20001884208D1FFE7009940F2F86037
:10F67000C2F20040C1F8AC00FFE7FFE7FFE70099E6
:10F680009DF80F0081F8B0009DF80E0081F8FC0095
:10F690000298C1F8B4000198C1F8B80004989DF828
:10F6A0000F10F8F7E1FE0099C1F8A80006B080BD80
:10F6B00081B00090009991ED450ABDEEC00A10EEB0
:10F6C000100A000AD1F8A820107091ED450ABDEE8D
:10F6D000C00A10EE100AD1F8A810487001B07047A7
:10F6E00080B584B00390039802900021FFF784FE58
:10F6F000029850309FED0A0A8DED010A03F0A0F840
:10F700009DED010A029803F09BF89DED010A029815
:10F7100000F012F80298FFF7CBFF04B080BD00BFE5
:10F72000000000000000000081B00090009890ED03
:10F73000450A01B07047000080B582B001908DEDA0
:10F74000000A01980099C0F81411FFF7B1FF02B048
:10F7500080BD00000000000080B582B001900198DB
:10F76000009003F01DFA0098503003F019FA009849
:10F770000021C0F8A41080F8BC104FF40052A0F88B
:10F78000BE2042F6F822A0F8C020C0F8C410C0F88D
:10F79000C81080F8CC10032280F8FC20C0F80011BB
:10F7A000C0F80411C0F80811C0F80C11C0F810110D
:10F7B000C0F81411C0F81811C0F81C1102B080BDB7
:10F7C00081B000900098002180F8B411C0F8B81101
:10F7D00001B070470000000081B000900098002147
:10F7E000C4F2202141604FF08241816001B0704736
:10F7F00080B584B003908DED020A039801909DEDD1
:10F80000020AFBF7D1F9019880ED4D0A04B080BDE2
:10F8100080B586B00590049105980090D0F82C1121
:10F820000131C0F82C11049A92F8291092F82A207C
:10F8300041EA0221ADF80E10049A92F82B1092F8CA
:10F840002C2041EA0221ADF80C10049A92F82D10F8
:10F8500092F82E2041EA0221ADF80A10BDF90E10EF
:10F86000494200EE101AB8EEC00A9FED161A80EE5B
:10F87000010A80ED480ABDF90C10494200EE101A49
:10F88000B8EEC00A80EE010A80ED490ABDF90A10FF
:10F89000494200EE101AB8EEC00A80EE010A80ED6F
:10F8A0004A0A90ED480A90ED4D1A30EE410A8DED6E
:10F8B000010A9DED010AFBF777F9009880ED4E0AE9
:10F8C00006B080BD0000C84281B00090009890ED65
:10F8D0004E0A01B07047000080B584B003900399D0
:10F8E0000291D1F82C01D1F83011884211D1FFE7F3
:10F8F0000298002180F83C119FED0C0A8DED010A61
:10F9000002F09EFF02989DED010A503002F098FF30
:10F9100004E00299012081F83C01FFE70299D1F847
:10F920002C01C1F8300104B080BD00BF0000000010
:10F9300080B582B0019001980090FFF70DFF00980C
:10F940000021C0F83411C0F8381180F83C1102B021
:10F9500080BD00000000000081B00090009800F61B
:10F96000C85090ED000A01B0704700000000000090
:10F9700082B001908DED000A01990098C1F8280E1F
:10F9800002B070470000000081B00090009800F6BF
:10F99000B85090ED000A01B0704700000000000070
:10F9A00081B00090009800F6BC5090ED000A01B0C4
:10F9B000704700000000000082B001908DED000A49
:10F9C00001990098C1F8B80D02B07047000000001E
:10F9D00082B001908DED000A01990098C1F8BC0D2C
:10F9E00002B070470000000082B001908DED000A67
:10F9F00001990098C1F8200E02B070470000000085
:10FA000082B001908DED000A01990098C1F8240E92
:10FA100002B070470000000080B5B8B03490349850
:10FA20002B9045F6B041C2F200410020086045F637
:10FA3000B841C2F20041086045F6B441C2F200414B
:10FA400008603390FFE73398032800F3A180FFE7B5
:10FA50002B9800F587602490339901EBC10100EBEE
:10FA60004110FFF7B5FC2B988DED230A00F6B80086
:10FA70002690339901EB810100EB8110FFF724FF01
:10FA800003F09EF92498B0EE401A9DED230A20EE73
:10FA9000010A9FEDBE1A8DED281A20EE011A45F6D7
:10FAA000B441C2F2004191ED000AB5EE002A8DED9D
:10FAB000292A01EE020A81ED000A339901EBC10106
:10FAC00000EB4110FFF784FC26988DED250A339951
:10FAD00001EB810100EB8110FFF7F6FE03F050FE11
:10FAE00024989DED281A9DED292AB0EE403A9DED0F
:10FAF000250A20EE030A20EE011A45F6B841C2F2AB
:10FB0000004191ED000A01EE020A81ED000A3399ED
:10FB100001EBC10100EB4110FFF75AFC2B9A26982C
:10FB20008DED2A0A339902EB810202F6447292EDBE
:10FB3000000A8DED270A01EB810100EB8110FFF730
:10FB4000C3FEB0EE401A9DED270A30EE410A03F0E5
:10FB500037F99DED281A9DED292AB0EE403A9DED2A
:10FB60002A0A20EE030A20EE010A9FED891A80EE90
:10FB7000011A45F6B040C2F2004090ED000A01EED5
:10FB8000020A80ED000AFFE73398013033905AE70C
:10FB90002B98006802F0C4FA2B98B1EE400A40F6A8
:10FBA0002401C2F2004181ED000A006802F0C0FAAF
:10FBB000B1EE400A40F62800C2F2004080ED000A93
:10FBC00040F2F020C2F20040219090ED000A40F295
:10FBD000F420C2F200402290D0ED000A04F070F947
:10FBE000219922988DED320A91ED001A90ED000ACC
:10FBF00020EE000AA1EE010A8DED360A40F25C709B
:10FC0000C2F2004035909DED360AB5EE400AF1EEA5
:10FC100010FA0BDBFFE79DED360A05F07BF835980F
:10FC200080ED000A00208DF8DF0006E03599002005
:10FC30000860FF208DF8DF00FFE72B9840F62401D5
:10FC4000C2F200411E9191ED000A8DED1A0A40F2B8
:10FC50005C71C2F20041199191ED000A8DED160A16
:10FC6000006802F055FA2B98B0EE401A9DED160A86
:10FC700020EE010A8DED170A006802F049FAB0EE95
:10FC8000401A9DED170A20EE010A8DED180A9DED30
:10FC9000320A03F095F89DED181A19991E9A2B98BF
:10FCA000B0EE402A9DED1A0AA1EE420A82ED000A4A
:10FCB00040F62802C2F200421F9292ED000A8DED3A
:10FCC000200A91ED000A8DED1B0A006802F020FA6F
:10FCD0002B98B0EE401A9DED1B0A20EE010A8DED27
:10FCE0001C0A006802F014FAB0EE401A9DED1C0ADE
:10FCF00020EE010A8DED1D0A9DED320A03F040FD54
:10FD00009DED1D1A1E9A1F992B98B0EE402A9DED6D
:10FD1000200AA1EE420A81ED000A126845F6C443AA
:10FD2000C2F200431A60096845F6C842C2F20042B6
:10FD300011604068FDF7DCF92B988DED300A9DEDE0
:10FD4000301A9FED8C0A30EE410A8DED310A90F8A1
:10FD50001C0E032809D1FFE79DED310A9FED861A9D
:10FD600030EE010A8DED310AFFE79DED310AB5EE67
:10FD7000400AF1EE10FA0DDAFFE79DED310A9FED32
:10FD80007F1A30EE010A8DED150A08E08FC2753D2D
:10FD9000C6DD803E9DED310A8DED150AFFE79DED34
:10FDA000150A8DED310A40F62400C2F200400D9094
:10FDB00000682F9040F62800C2F200400E900068C4
:10FDC0002E909DED2F0A8DED010A9DED310A02F076
:10FDD000F7FF8DED000A9DED2E0A8DED020A9DEDD7
:10FDE000310A03F0CDFC9DED002A9DED011A0D981E
:10FDF000B0EE403A9DED020A20EE030A91EE020AAF
:10FE000080ED000A9DED2F0A8DED040A9DED310A6B
:10FE100003F0B6FC8DED030A9DED2E0A8DED050A6B
:10FE20009DED310A02F0CCFF9DED032A9DED041AF1
:10FE30000E98B0EE403A9DED050A20EE030AA1EEC1
:10FE4000020A80ED000A45F6B440C2F200400B9071
:10FE500000682D9045F6B840C2F200400C90006852
:10FE60002C909DED2D0A8DED070A9DED310A02F0D3
:10FE7000A7FF8DED060A9DED2C0A8DED080A9DED7C
:10FE8000310A03F07DFC9DED062A9DED071A0B98C3
:10FE9000B0EE403A9DED080A20EE030A91EE020A08
:10FEA00080ED000A9DED2D0A8DED0A0A9DED310AC7
:10FEB00003F066FC8DED090A9DED2C0A8DED0F0A0D
:10FEC0009DED310A02F07CFF9DED092A9DED0A1A95
:10FED000DDF82CC00C9B0D9A0E992B98B0EE403A91
:10FEE0009DED0F0A20EE030AA1EE020A83ED000A3F
:10FEF0009CED000A8DED140A93ED000A8DED100AB9
:10FF000092ED000A8DED110A91ED000A8DED120AB5
:10FF100045F6B041C2F2004191ED000A8DED130AA1
:10FF2000006802F0F5F8DDED100A9DED111ADDED27
:10FF3000121A9DED132A2B98F0EE402A9DED140A1B
:10FF400001F0B6F82B9800F654700021EFF70CF989
:10FF50002B99D1F8540F0068C1F82C0ED1F8540F2A
:10FF60004068C1F8300ED1F8540F0069C1F8340E62
:10FF700038B080BD7DD56DBF9530B73EDC0FC94030
:10FF800080B5CCB04B904B982D9090F81C0E01464C
:10FF90002E9158B1FFE72E98013802284BD3FFE786
:10FFA0002E98032800F06A8200F07EBC00204A9060
:10FFB000FFE74A9803281CDCFFE72D9800F68C60C9
:10FFC0009FEDF00A8DED2C0A02F03AFC2D989DED84
:10FFD0002C0A00F6DC6002F033FC2D989DED2C0A13
:10FFE00000F63C6002F02CFCFFE74A9801304A9092
:10FFF000DFE700204990FFE74998032819DCFFE775
:020000040802F0
:100000002D98499901EBC10100EB411000F5876083
:10001000FFF766FB2D98499901EB810100EB8110F8
:1000200000F6B800FFF75CFBFFE749980130499004
:10003000E2E700F039BC2D9800F68C612991083078
:10004000FBF792FF299802F0EFFB29982D9901F612
:100050002C6191ED000A02F097FD299802F0FCFB5B
:100060002D9800F6DC612A912430FBF77DFF2A9859
:1000700002F0DAFB2A982D9901F5636191ED000AEF
:1000800002F082FD2A9802F0E7FB2D9901F63C6010
:100090002B9001F6286191ED000A02F0C5FB2B9828
:1000A0002D9901F6346191ED000A02F06DFD2B9857
:1000B00002F0D2FB299802F05FFD2A988DED480AE4
:1000C00002F05AFD2B988DED470A02F055FD2D9850
:1000D0008DED460A4068FDF70BF82D988DED440A2A
:1000E0009DED440A9FEDA81A30EE010A8DED450AF8
:1000F00090F81C0E032809D1FFE79DED450A9FEDFE
:10010000A31A30EE010A8DED450AFFE79DED450A81
:10011000B5EE400AF1EE10FA09DAFFE79DED450A67
:100120009FED9B1A30EE010A8DED280A04E09DED4B
:10013000450A8DED280AFFE79DED280A8DED450A59
:1001400048984390479842909DED430A8DED230ACD
:100150009DED450A02F034FE8DED220A9DED420A26
:100160008DED240A9DED450A03F00AFB9DED222A40
:100170009DED231AB0EE403A9DED240A20EE030ACD
:1001800091EE020A8DED480A9DED430A8DED260A97
:100190009DED450A03F0F4FA8DED250A9DED420A26
:1001A0008DED270A9DED450A02F00AFE9DED252AF8
:1001B0009DED261AB0EE403A9DED270A20EE030A87
:1001C000A1EE020A8DED470A489840F28871C2F20A
:1001D00000410860479840F28C71C2F2004108600B
:1001E000459842F69061C2F20041086000203D90BF
:1001F000FFE73D98032863DCFFE72D989DED480A53
:100200008DED1C0A00F6B8001D903D9901EB8101AF
:1002100000EB8110FFF758FB02F0D2FD1D988DED29
:100220001B0A9DED470A8DED1E0A3D9901EB8101E8
:1002300000EB8110FFF748FB03F0A2FA9DED1B2AAB
:100240009DED1C1A2D9A1D98B0EE403A9DED1E0AA8
:1002500020EE030AA1EE020A8DED210A9DED460A69
:100260009FED4C1A80EE010A8DED200A3D9902EBBC
:10027000810202F6447292ED000A8DED1F0A01EB35
:10028000810100EB8110FFF71FFBB0EE401A9DEDDE
:100290001F0A30EE410A02F093FD9DED201AB0EEE8
:1002A000402A9DED210AA1EE020A3D993EA800EBED
:1002B000810080ED000AFFE73D9801303D9098E70E
:1002C00000203C90FFE73C98032800F3D680FFE72E
:1002D0002D983C993EAA02EB810292ED000A8DED29
:1002E000180A00F5746292ED000A8DED1A0A00F604
:1002F000E852199202EB810292ED000A8DED170A85
:1003000001EBC10100EB411000F58760FFF760F8D9
:100310009DED172A9DED181A19992D98B0EE403AC7
:100320009DED1A0A32EE432A20EE020A9FED1A2AA8
:10033000A1EE020A3C9A00EB820202F6F85282ED2C
:10034000000A3C9A01EB820191ED000A00F63C7034
:1003500090ED001AB4EE410AF1EE10FA1EDDFFE74F
:100360002D983C9900EB810000F62C7191ED001A5C
:1003700000F6F85090ED000A30EE010A80ED000A18
:1003800053E000BF000000007DD56D3F9530B7BE43
:10039000DC0FC940C6DD803E8FC2753D2D983C996B
:1003A00000EB810101F6E85191ED000A00F63C7086
:1003B00090ED001AB1EE411AB4EE410AF1EE10FAD6
:1003C00011DAFFE72D983C9900EB810000F62C71C3
:1003D00091ED001A00F6F85090ED000A30EE410A57
:1003E00080ED000A20E02D983C9901EBC10100EB63
:1003F000411000F58760FEF7EBFF2D9800F63C7189
:1004000091ED001A80EE011A3C9900EB810000F694
:100410002C7191ED002A00F6F85090ED000AA1EE43
:10042000020A80ED000AFFE7FFE72D9800F58760DC
:1004300016903C9901EBC10100EB41100121FEF740
:10044000DBFF2D9916983C9A02EBC20300EB431098
:1004500001EB820101F6F85191ED000AFEF79CFFD5
:1004600016983C9901EBC10100EB4110FEF7D0FF5B
:10047000FFE73C9801303C9025E715E22D9800F607
:100480008C6113910830FBF76FFD139802F0CCF9E3
:1004900013982D9901F62C6191ED000A02F074FB7E
:1004A000139802F0D9F92D9800F6DC6114912430EC
:1004B000FBF75AFD149802F0B7F914982D9901F53D
:1004C000636191ED000A02F05FFB149802F0C4F939
:1004D0002D9901F63C60159001F6386191ED000A06
:1004E00002F0A2F915982D9901F6346191ED000AF8
:1004F00002F04AFB159802F0AFF9139802F03CFBAA
:1005000014988DED3B0A02F037FB15988DED3A0AF1
:1005100002F032FB2D988DED390A4068FCF7E8FDBA
:100520002D988DED370A9DED370A9FEDE01A30EEDC
:10053000010A8DED380A90F81C0E032809D1FFE757
:100540009DED380A9FEDDA1A30EE010A8DED380A7A
:10055000FFE79DED380AB5EE400AF1EE10FA09DA30
:10056000FFE79DED380A9FEDD31A30EE010A8DEDBD
:10057000120A04E09DED380A8DED120AFFE79DEDA9
:10058000120A8DED380A3B9836903A9835909DEDD9
:10059000360A8DED0D0A9DED380A02F011FC8DED45
:1005A0000C0A9DED350A8DED0E0A9DED380A03F01B
:1005B000E7F89DED0C2A9DED0D1AB0EE403A9DED49
:1005C0000E0A20EE030A91EE020A8DED3B0A9DED24
:1005D000360A8DED100A9DED380A03F0D1F88DED45
:1005E0000F0A9DED350A8DED110A9DED380A02F0D6
:1005F000E7FB9DED0F2A9DED101AB0EE403A9DED00
:10060000110A20EE030AA1EE020A8DED3A0A3B9888
:1006100040F28871C2F2004108603A9840F28C7151
:10062000C2F200410860389842F69061C2F200417F
:10063000086000203090FFE73098032863DCFFE774
:100640002D989DED3B0A8DED060A00F6B800079047
:10065000309901EB810100EB8110FFF735F902F0D1
:10066000AFFB07988DED050A9DED3A0A8DED080A5E
:10067000309901EB810100EB8110FFF725F903F0C0
:100680007FF89DED052A9DED061A2D9A0798B0EE8C
:10069000403A9DED080A20EE030AA1EE020A8DED14
:1006A0000B0A9DED390A9FED851A80EE010A8DED4A
:1006B0000A0A309902EB810202F6447292ED000AB6
:1006C0008DED090A01EB810100EB8110FFF7FCF8C9
:1006D000B0EE401A9DED090A30EE410A02F070FBBF
:1006E0009DED0A1AB0EE402A9DED0B0AA1EE020A1A
:1006F000309931A800EB810080ED000AFFE73098C7
:100700000130309098E700202F90FFE72F980328C2
:1007100000F3C980FFE72D982F9931AA02EB8102DF
:1007200092ED000A8DED020A00F5746292ED000A66
:100730008DED040A00F6E852039202EB810292ED7D
:10074000000A8DED010A01EBC10100EB411000F53B
:100750008760FEF73DFE9DED012A9DED021A03998B
:100760002D98B0EE403A9DED040A32EE432A20EE79
:10077000020A9FED512AA1EE020A2F9A00EB820293
:1007800002F6F85282ED000A2F9A01EB820191EDF8
:10079000000A00F63C7090ED001AB4EE410AF1EE4A
:1007A00010FA11DDFFE72D982F9900EB810000F67C
:1007B0002C7191ED001A00F6F85090ED000A30EE21
:1007C000010A80ED000A46E02D982F9900EB810187
:1007D00001F6E85191ED000A00F63C7090ED001A28
:1007E000B1EE411AB4EE410AF1EE10FA11DAFFE768
:1007F0002D982F9900EB810000F62C7191ED001AD5
:1008000000F6F85090ED000A30EE410A80ED000A43
:1008100020E02D982F9901EBC10100EB411000F56C
:100820008760FEF7D5FD2D9800F63C7191ED001A1A
:1008300080EE011A2F9900EB810000F62C7191EDEA
:10084000002A00F6F85090ED000AA1EE020A80EDB1
:10085000000AFFE7FFE72D9800F5876000902F99C9
:1008600001EBC10100EB41100121FEF7C5FD2D99FF
:1008700000982F9A02EBC20300EB431001EB8201B8
:1008800001F6F85191ED000AFEF786FD00982F99C8
:1008900001EBC10100EB4110FEF7BAFDFFE72F9815
:1008A00001302F9032E7FFE74CB080BD7DD56D3F22
:1008B0009530B7BEDC0FC9408FC2753DC6DD803EA6
:1008C00082B001908DED000A01990098C1F8380EB0
:1008D00002B070470000000080B5BEB03A903A9870
:1008E0001E9000213991389100F5626090ED000A68
:1008F00002F0AAF9B7EEC00A9FEDD51BB4EE410B8A
:10090000F1EE10FA80F20581FFE71E9800F62460F0
:1009100090ED000A02F098F9B7EEC00A9FEDCC1BEB
:10092000B4EE410BF1EE10FA80F2F380FFE71E986F
:1009300000F6286090ED000A02F086F9B7EEC00AD2
:100940009FEDC31BB4EE410BF1EE10FA80F2E18093
:10095000FFE742F68060C2F20040016801310160A9
:10096000006840F6B931884207D3FFE742F67C6160
:10097000C2F2004101200870FFE742F67C60C2F23B
:1009800000400078002800F0C380FFE70020379087
:10099000FFE73798032810DCFFE71E98379901EB33
:1009A000810100EB811000F6B8000621FEF724FD5E
:1009B000FFE7379801303790EBE71E9800F6B80054
:1009C0009FEDA50A8DED1C0AFEF7DAFC1E9800F6D5
:1009D000F8109FEDA20A8DED1D0AFEF7D1FC9DEDEA
:1009E0001C0A1E9800F63830FEF7CAFC1E989DEDD2
:1009F0001D0A00F67840FEF7C3FC00203690FFE7A2
:100A00003698032800F38380FFE71E98369901EBA0
:100A1000810100EB811000F6B800FEF755FF8DED67
:100A2000380A369800EBD07121F00101401A48B91C
:100A3000FFE79DED381A9FED880A30EE410A8DEDF3
:100A4000390A08E09DED381A9FED840A30EE410A1C
:100A50008DED390AFFE79DED390AFAF7A5F88DED1E
:100A6000390A9DED390A9FED7E1AB4EE410AF1EE86
:100A700010FA09DDFFE79DED390A9FED7A1A30EE95
:100A8000010A8DED390A13E09DED390A9FED761AC2
:100A9000B4EE410AF1EE10FA09DAFFE79DED390AEA
:100AA0009FED721A30EE010A8DED390AFFE7FFE77C
:100AB0001E9800F6B8001B90369901EB810100EBFF
:100AC00081109DED380A9DED391A30EE010AFEF7CE
:100AD00057FC1B98369901EB810100EB81109DEDCD
:100AE000380AFEF77DFC1B98369901EB810100EB7B
:100AF0008110FEF78DFC1E98369900EB81010020D5
:100B0000C1F8E80DFFE736980130369078E7A5E2A6
:100B100006E042F68061C2F2004100200860FFE773
:100B200042F67C60C2F20040007838B1FFE742F63E
:100B30007C61C2F2004100200870FFE71E98406807
:100B4000FCF7D6FA1E988DED240A9DED240A9FED40
:100B5000481A30EE010A8DED250A90F81C0E032884
:100B600009D1FFE79DED250A9FED421A30EE010AFB
:100B70008DED250AFFE79DED250AB5EE400AF1EE61
:100B800010FA09DAFFE79DED250A9FED3B1A30EEDA
:100B9000010A8DED1A0A04E09DED250A8DED1A0A71
:100BA000FFE71E989DED1A0A8DED250A00F562609B
:100BB000149090ED000A8DED130A9DED250A02F0C8
:100BC000FFF81E988DED120A00F62460169090ED45
:100BD000000A8DED150A9DED250A02F0D1FD9DED6F
:100BE000122A9DED131A1498B0EE403A9DED150AA5
:100BF00020EE030A91EE020A8DED230A90ED000A21
:100C00008DED180A9DED250A02F0BAFD16988DEDBE
:100C1000170A90ED000A8DED190A9DED250A02F0E4
:100C2000CFF89DED172A9DED181A1E98B0EE403AA8
:100C30009DED190A20EE030AA1EE020A8DED220AAB
:100C400090F81C0E032840F0858017E000BF00BF1D
:100C50007B14AE47E17A843FDC0F49BFDC0F493F8C
:100C6000DC0FC93FDC0F49C0DC0FC9BFDC0F4940B6
:100C70007DD56D3F9530B7BEDC0FC9409DED230A91
:100C80008DED0B0A1FED0B0A8DED0E0A03F06EFAC7
:100C90001E989DED0B1AB0EE402A9DED0E0A00F64F
:100CA00038600F9090ED003A22EE032A9FEDED3A66
:100CB0008DED103AA2EE431A8DED2F1A8DED2E1AFE
:100CC0009DED231A8DED0C1A03F050FA9DED0C1AD0
:100CD0000F989DED103AB0EE402A9DED0E0A90ED72
:100CE000004A22EE042AA2EE031A8DED311A8DED90
:100CF000301A9DED221A8DED0D1A03F043FF9DED84
:100D00000D1A0F989DED103AB0EE402A9DED0E0A97
:100D100090ED004A22EE042AA2EE031A8DED2D1A60
:100D20008DED2A1A9DED221A8DED111A03F02AFF7E
:100D30000F989DED102AB0EE401A9DED110A90ED2E
:100D4000003A21EE031AA1EE420A8DED2C0A8DED38
:100D50002B0A6BE09DED230A8DED040A9FEDC00A7E
:100D60008DED070A03F002FA1E989DED041AB0EE0D
:100D7000402A9DED070A00F62860089090ED003AA1
:100D800022EE032A9FEDB73A8DED093AA2EE431AFF
:100D90008DED2F1A8DED2E1A9DED231A8DED051A6E
:100DA00003F0E4F99DED051A08989DED093AB0EEBF
:100DB000402A9DED070A90ED004A22EE042AA2EE99
:100DC000031A8DED311A8DED301A9DED221A8DED3D
:100DD000061A03F0D7FE9DED061A08989DED093A14
:100DE000B0EE402A9DED070A90ED004A22EE042A5B
:100DF000A2EE031A8DED2D1A8DED2A1A9DED221A01
:100E00008DED0A1A03F0BEFE08989DED092AB0EE9A
:100E1000401A9DED0A0A90ED003A21EE031AA1EE68
:100E2000420A8DED2C0A8DED2B0AFFE70020219060
:100E3000FFE72198032800F31181FFE71E9821990D
:100E400001EB810100EB811000F6B8000621FEF7EE
:100E5000D3FA0020209021992EA800EB810090ED7C
:100E6000001A2AA800EB810090ED000A20EE000A8B
:100E7000A1EE010A8DED3C0A20A83B909DED3C0AB5
:100E8000B5EE400AF1EE10FA0BDBFFE79DED3C0AF0
:100E900003F040FF3B9880ED000A00208DF8F7003A
:100EA00006E03B9900200860FF208DF8F700FFE77F
:100EB0009DED200A9FED6C1A80EE010A8DED200A4F
:100EC0009DED200A01F0C0FE9FED681AB4EE410AC4
:100ED000F1EE10FA11DAFFE71E98219901EB81017A
:100EE00000EB811000F6B800FEF7EEFC219926A871
:100EF00000EB810080ED000A19E021992AA800EB9F
:100F0000810090ED000A2EA800EB8100D0ED000AD0
:100F100002F0D6FF219926A800EB810181ED000A9D
:100F2000219A50F8220032A941F82200FFE71E98CA
:100F3000219926AA02EB810292ED000A8DED030AA7
:100F400001EB810100EB811000F6B800FEF7BCFC5C
:100F5000B0EE401A9DED030A30EE410A8DED1F0AF6
:100F60009DED1F0AF9F720FE8DED1F0A9DED1F0A6A
:100F70009FED3F1AB4EE410AF1EE10FA11DDFFE7E2
:100F80009DED1F0A9FED3E1A30EE010A8DED1F0AFE
:100F90009DED201A9FED390A30EE410A8DED200AB1
:100FA0001BE09DED1F0A9FED331AB4EE410AF1EEEE
:100FB00010FA11DAFFE79DED1F0A9FED2F1A30EEB0
:100FC000010A8DED1F0A9DED201A9FED2C0A30EECF
:100FD000410A8DED200AFFE7FFE71E9800F6B800F2
:100FE0000290219901EB810100EB8110FEF76CFC6E
:100FF00002989DED1F1A30EE010A219A26A901EBF5
:10100000820282ED000A219A02EB820300EB831038
:1010100001EB820191ED000AFEF7B2F902982199E5
:1010200001EB810100EB81100190FEF74DFC01986E
:10103000FEF7D6F90298219901EB810100EB8110AE
:10104000FEF7E6F91E992098219A01EB8201C1F87A
:10105000E80DFFE7219801302190EAE63EB080BD1F
:10106000DC0F493FC6DD803E8FC2753D17B7D138D2
:10107000DC0FC93FDC0FC9BFDC0F49400000008016
:10108000DC0F49C00000000081B00090009890F88B
:101090001C0E01B07047000082B001908DF8031063
:1010A00001999DF8030081F81C0E02B07047000002
:1010B00087B006908DED050ACDED040A8DED031A7B
:1010C000CDED021A8DED012ACDED002A0699059885
:1010D000D1F8582F10600498D1F8582F5060039819
:1010E000D1F8582F90600298D1F8582FD06001980D
:1010F000D1F8582F10610098D1F8581F486107B0F7
:10110000704700000000000080B598B017908DF87F
:101110005B101799129101F108000E9001F56261C0
:1011200091ED000AFAF7D4FD0E98FAF7DDFD129959
:1011300001F124000F9001F6246191ED000AFAF705
:10114000C7FD0F98FAF7D0FD129901F140001090F9
:1011500001F6286191ED000AFAF7BAFD1098FAF746
:10116000C3FD42F68860C2F200401190F5F788FF97
:101170001298FEF751FC1198F5F782FF129842F68B
:101180008C61C2F2004181ED000AFFF7A5FB1298C5
:10119000FEF7F6FE1298D0F83404FBF7EDFD0128B7
:1011A00062D1FFE7129A02F54E700021C2F838139F
:1011B0009FEDD90AF3EE0E0AF6F76AFA129800F5D7
:1011C0000670FCF735F900283ED0FFE79DF85B007C
:1011D000012839D1FFE7129890EDCE0A9FEDCF1A82
:1011E0008DED0D1A30EE010A8DED0C0AD0F83404A5
:1011F000FBF7DAFD9DED0C0A0146129801EE101A7C
:10120000B8EEC11A30EE010ABCEEC00A10EE101A98
:10121000A0F82C1300F50670FCF7D2F89DED0D1A1E
:1012200000EE100AB8EEC00AB4EE410AF1EE10FA70
:1012300009DCFFE71298D0F83404FBF7B5FD1299EA
:10124000A1F82C03FFE70EE0129842F68462C2F286
:10125000004200211170D0F83404FBF7A5FD12996B
:10126000A1F82C03FFE713E0129940F2AC30C2F270
:10127000004090ED000ABCEEC00A10EE100AA1F882
:101280002C0340F25871C2F2004100200860FFE7D1
:1012900000201590FFE71598032800F3C680FFE7AC
:1012A000129800F587600690159901EBC10100EBDB
:1012B0004110FEF78DF8069812999FEDC61A8DED34
:1012C000071A20EE010A9FEDC41A20EE010A01F56B
:1012D00055710B91159AC2EBC20201EB820181EDAF
:1012E000000A159901EBC10100EB4110FEF730F83F
:1012F00006980B999FEDB91A8DED091A20EE010A97
:10130000159AC2EBC20201EB820181ED010A159927
:1013100001EBC10100EB4110FEF706FA06989DEDC6
:10132000091A0B9920EE010A159AC2EBC20201EBD1
:10133000820181ED020A159901EBC10100EB411018
:10134000FEF7F2F912980B9ABDEEC00A10EE101AD1
:10135000159BC3EBC30302EB8302118300F6B800B5
:101360000A90159901EB810100EB8110FEF730F82E
:101370009DED071A0A9820EE010A8DED080A1599CD
:1013800001EB810100EB8110FDF7F2FF0A980B9948
:10139000B0EE401A9DED080A20EE010A159AC2EB44
:1013A000C20201EB820181ED1C0A159901EB81015A
:1013B00000EB8110FDF7CCFF9DED091A0A980B99FF
:1013C00020EE010A159AC2EBC20201EB820181ED07
:1013D0001D0A159901EB810100EB8110FEF7A4F9BC
:1013E0009DED091A0A980B9920EE010A159AC2EB95
:1013F000C20201EB820181ED1E0A159901EB810108
:1014000000EB8110FEF790F90B99BDEEC00A10EECB
:10141000100A159AC2EBC20201EB8201A1F8880002
:10142000FFE715980130159035E7129901F5257001
:1014300001F54B71FDF73CFB00201490FFE7149879
:10144000032831DCFFE71299149A02EBC20001EB8A
:10145000401000F5876001F555710591C2EBC2029D
:1014600001EB8201B1F91A1000EE101AB8EEC00AB1
:10147000FEF762F912980599149A02EB820300EBC9
:10148000831000F6B800C2EBC20201EB8201B1F991
:101490008A1000EE101AB8EEC00AFEF74DF9FFE709
:1014A000149801301490CAE7129800F50670049061
:1014B0000121FBF799FF1298D0F83404FBF774FC74
:1014C0000146049800EE101AB8EE400AFBF76CFFD4
:1014D0001298D0F83404FBF767FC01460498C9B2AF
:1014E000FBF7B6FF1298D0F83404FBF76DFC014609
:1014F0000498FBF7B9FF0498FBF7DAFF1298FFF79F
:10150000C3FD002861D1FFE700201390FFE7139887
:10151000032859DC04E000BF000048C2000070420C
:10152000129800F587600090139901EBC10100EB60
:10153000411000210191FDF75FFF0098139901EB25
:10154000C10100EB411050309FED210A8DED030ADF
:1015500001F076F900989DED030A139901EBC101A2
:1015600000EB4110FEF7E8F81298019900F6B80078
:101570000290139A02EB820200EB8210FDF73CFF0F
:1015800002989DED030A139901EB810100EB811094
:10159000503001F055F902989DED030A139901EBC3
:1015A000810100EB811001F04BF902989DED030AD7
:1015B000139901EB810100EB8110FEF7BDF8FFE705
:1015C000139801301390A2E7FFE718B080BD00BF69
:1015D00000000000EFC91841F6287C4128F99F3728
:1015E00080B5A8B027908DED260ACDED250A8DEDAA
:1015F000241ACDED231A2798209000F5067045F2A5
:10160000C811C2F200419FED380AFBF759FF20983C
:101610002699C0F8B81D2599C0F8BC1D2499C0F8BA
:10162000C01D2399C0F8C41D0830DFED300ACDED90
:10163000210AB0EE600AFAF783FC2098DDED210A5A
:101640002430B0EE600AFAF77BFC2098DDED210A29
:101650004030B0EE600AFAF773FC00202290FFE7FA
:10166000229803284EDCFFE7209800F587601D9044
:10167000229901EBC10100EB411000F150011F91D3
:10168000FDF76EFE01461D9800EE101AB8EE400AF6
:101690008DED1E0A229901EBC10100EB4110FDF70F
:1016A0005FFE9DED1E2A01461F9800EE101AF8EE0F
:1016B000402A9FED0F0ADFED0F4A9FED0F5A0021E0
:1016C000F0EE450AB0EE451AF0EE451AB0EE453A96
:1016D000F0EE453AB0EE454A01F012FAFFE72298E3
:1016E00001302290BCE700BF0000C842CDCC4C3D89
:1016F000000048446F12833A00000000F6287C4145
:1017000000008046209800F5876045F28801C2F20B
:1017100000410B91012200231C931FED080A8DED5F
:10172000000A5FED090ACDED0D0AFDF765FF9DED9D
:10173000000A0B99DDED0D0A20981C9B00F5AB60AB
:101740000322FDF759FF9DED000A0B99DDED0D0A0F
:1017500020981C9B00F5CF600522FDF74DFF9DED05
:10176000000A0B99DDED0D0A20981C9B00F5F36033
:101770000722FDF741FF209800F6B8000E90FDF714
:10178000EFFD01460E9800EE101AB8EE400A8DEDFE
:10179000010AFDF7E5FD9DED012A1C9902460E9810
:1017A00000EE102AF8EE402AB2EE040A8DED150A7A
:1017B0005FED304ACDED174A1FED315A8DED185AC5
:1017C000F0EE450AB0EE451AF0EE451AB0EE453A95
:1017D000F0EE453AB0EE454A01F092F90E982099A4
:1017E00001F608110291FDF7BBFDDDED174A9DEDF5
:1017F000185A1C990246029800EE102AF8EE402A68
:101800009FEDF20A8DED080A9FEDF12A8DED092A70
:10181000F0EE450AB0EE451AF0EE451AB0EE453A44
:10182000F0EE453AB0EE454A01F06AF9209800F62C
:10183000F8100F90FDF794FD01460F9800EE101A76
:10184000B8EE400A8DED030AFDF78AFD9DED032AEF
:101850009DED150ADDED174A9DED185A1C990246BB
:101860000F9801EE102AF8EE412AF0EE450AB0EE8C
:10187000451AF0EE451AB0EE453AF0EE453AB0EEB4
:10188000454A01F03DF90F98209901F6482104914D
:10189000FDF766FD9DED080A9DED092ADDED174A6D
:1018A0009DED185A1C990246049801EE102AF8EE94
:1018B000412AF0EE450AB0EE451AF0EE451AB0EEB8
:1018C000453AF0EE453AB0EE454A01F019F9209854
:1018D00000F638301090FDF743FD0146109800EEF9
:1018E000101AB8EE400A8DED050AFDF739FD9DEDA1
:1018F000052A9DED150ADDED174A9DED185A1C9934
:101900000246109801EE102AF8EE412AF0EE450A40
:10191000B0EE451AF0EE451AB0EE453AF0EE453A13
:10192000B0EE454A01F0ECF81098209901F68831A4
:101930000691FDF715FD9DED080A9DED092ADDEDE7
:10194000174A9DED185A1C990246069801EE102A76
:10195000F8EE412AF0EE450AB0EE451AF0EE451ACF
:10196000B0EE453AF0EE453AB0EE454A01F0C8F81F
:10197000209800F678401190FDF7F2FC014611988E
:1019800000EE101AB8EE400A8DED070AFDF7E8FCEC
:101990009DED072A9DED150ADDED174A9DED185ABC
:1019A0001C990246119801EE102AF8EE412AF0EE39
:1019B000450AB0EE451AF0EE451AB0EE453AF0EEA3
:1019C000453AB0EE454A01F09BF81198209901F68E
:1019D000C8410A91FDF7C4FC9DED080A9DED092A56
:1019E000DDED174A9DED185A1C9902460A9801EE42
:1019F000102AF8EE412AF0EE450AB0EE451AF0EE54
:101A0000451AB0EE453AF0EE453AB0EE454A01F0DF
:101A100077F80B99DDED0D0A0E9802220623199333
:101A2000B2EE000A8DED0C0AFDF7E6FD0B999DED77
:101A30000C0ADDED0D0A0F98199B0422FDF7DCFD61
:101A40000B999DED0C0ADDED0D0A1098199B1A46B5
:101A5000FDF7D2FD0B999DED0C0ADDED0D0A1198F5
:101A6000199B0822FDF7C8FD0E989FED5A0AFDF755
:101A7000BFFE0F989FED580AFDF7BAFE10989FED34
:101A8000570AFDF7B5FE11989FED550AFDF7B0FE18
:101A9000DDED174A9DED185A20981C9900F68C60D0
:101AA000B3EE0E0A8DED120A9FED4E2A8DED132A2C
:101AB000DFED4D2ACDED142A9FED4C3A8DED163A0F
:101AC000F0EE450AB0EE451AF0EE451AF0EE453A52
:101AD000B0EE454A01F014F89DED120A9DED132A6F
:101AE000DDED142A9DED163ADDED174A9DED185AED
:101AF00020981C9900F6DC60F0EE450AB0EE451A1D
:101B0000F0EE451AF0EE453AB0EE454A00F0F8FF27
:101B10009DED152A9DED163ADDED174A9DED185AFB
:101B200020981C9900F63C60B1EE0C0AF2EE082AEF
:101B3000F0EE450AB0EE451AF0EE451AF0EE453AE1
:101B4000B0EE454A00F0DCFF199B20981C9A00F685
:101B500054701A901946ECF7D7FE1A98D0F8000185
:101B600040F22001C2F2004190221B92DEF7FFFBFF
:101B70001A981B9AD0F80C0140F2B001C2F2004151
:101B8000DEF7F5FB1A981B9AD0F8F80040F24011E6
:101B9000C2F20041DEF7EBFB1A981B9AD0F8140151
:101BA00040F2D011C2F20041DEF7E1FB1A981B9A15
:101BB000D0F8180140F26021C2F20041DEF7D7FBF5
:101BC00020991C9881F81C0E28B080BD00007A4432
:101BD0000000FA45AF47A13F53B8BE3F7B140E400B
:101BE000E27A8C40000016430000FA436F12033B78
:101BF00080B58AB008900898059009900830FAF7E7
:101C0000BBF905982430FAF7B7F905984030FAF790
:101C1000B3F905985C30FDF7D3FD059800F5067023
:101C2000FBF7C6FC059800F52570FDF719FA059835
:101C300000F54B70FDF7D0FD059901F5876001F6C1
:101C4000B80106910790FFE707980490FDF784FD1F
:101C50000498069A00F59071084691420790F3D1D6
:101C6000FFE7059901F6B80001F6B851029103901B
:101C7000FFE703980190FDF75BFE0198029A00F5DB
:101C8000A071084691420390F3D1FFE705984FF009
:101C90008141C0F8B81DC0F8BC1DC0F8C01D4FF090
:101CA0007C51C0F8C41D4FF08241C0F8C81D46F2F7
:101CB0000001C4F2EA61C0F8CC1D4FF08D41C0F8BC
:101CC000D01D00210091C0F8D41DC0F8081EC0F836
:101CD0000C1EC0F8101EC0F8141EC0F8181E80F8A4
:101CE0001C1EC0F8201EC0F8241EC0F8281EC0F814
:101CF0002C1EC0F8301EC0F8341EC0F8381E00F686
:101D00003C6000F04DFF059800F68C6000F048FF45
:101D1000059800F6DC6000F043FF00980599C1F8D3
:101D20002C0FC1F8300FC1F8340FC1F8380F4FF045
:101D30007E52C1F83C2FC1F8400F4CF6E530C4F29A
:101D40001600C1F8440F4CF6E530CCF21600C1F88D
:101D5000480F40F6DC70CBF64970C1F84C0F40F6E6
:101D6000DC70C3F64970C1F8500F09980AB080BD05
:101D700080B582B001900198009000F52570FDF7C4
:101D800097F9009802B080BD80B5A2B0219021984B
:101D9000039011A8019000F0E7F80199039800F171
:101DA000080219A8009000F013FF00990398103062
:101DB00000F04AF9009800F03FF9019800F03CF972
:101DC0000BA8029000F088F802990398303000F0D8
:101DD000BFF8029800F0B4F805A8049000F07CF871
:101DE00003980499483000F0B3F8049800F0A8F87C
:101DF00022B080BD0000000080B584B003908DED5E
:101E0000020ACDED010A03980090022101600199B8
:101E10004160029981600021C160103000F0FCF83F
:101E20000098303000F07CF80098483000F078F8E6
:101E30000098603000F050F80098FFF7A5FF009878
:101E400004B080BD0000000080B582B00190019810
:101E50000090603000F074F80098483000F070F89E
:101E60000098303000F06CF80098103000F0E4F882
:101E7000009802B080BD000081B00090009840F250
:101E80000111018001B0704781B0009000984FF4BB
:101E90008171018001B0704781B00090009840F2DC
:101EA0000311018001B0704781B0009000984FF499
:101EB0008271018001B0704781B0009000984FF4AA
:101EC0008071018001B0704781B0009000984FF49C
:101ED0008871018001B0704780B584B00390002103
:101EE0000291019101A900F003F804B080BD000047
:101EF00080B584B0039002910398019000F010F82F
:101F00000198029A116852684261034643F8101F13
:101F10000221012201F008F8019804B080BD000000
:101F200080B582B001900198009002218160012269
:101F3000C26000F1100300F0F7FF009802B080BD0E
:101F400081B00090009801B07047000000000000D0
:101F500082B00A460190009201981169526942616B
:101F6000016102B07047000080B58AB0039009900B
:101F7000002008900790069005900490FFE79DEDE3
:101F8000040AB8EEC00B8DED000B0221084600F0EC
:101F900077FEB0EE401B9DED000BB4EE410BF1EE71
:101FA00010FA0DDAFFE7049800EB400205A94FF0A4
:101FB0007E5041F82200FFE7049801300490DEE7EC
:101FC000039805A900F004F80AB080BD00000000E5
:101FD00080B584B0039002910398019000F01CF842
:101FE0000198DDF808C0DCF80010DCF80420DCF80B
:101FF0000830DCF80CC0C0F81CC0836142610346A5
:1020000043F8101F0222114600F08EFF019804B021
:1020100080BD00000000000080B582B001900198F2
:10202000009002228260C26000F11003114600F0AD
:102030007BFF009802B080BD81B00090009801B095
:10204000704700000000000082B08C460190CDF87F
:1020500000C00198DCF81010DCF81420DCF818300F
:10206000DCF81CC0C0F81CC083614261016102B091
:10207000704700000000000084B0039002918DF8CA
:102080000720ADF80430BDF8040002990968C96A58
:10209000884206D9FFE702980068C06AADF80400DC
:1020A000FFE7BDF80400B0F1FF3F04DCFFE70020CC
:1020B000ADF80400FFE79DF80700014600910C28E9
:1020C00021D80099DFE801F0071F1F1F0D1F1F1FF8
:1020D000131F1F1F1900BDF8040002990968486307
:1020E00011E0BDF804000299096888630BE0BDF8AF
:1020F000040002990968C86305E0BDF8040002996C
:1021000009680864FFE704B07047000000000000A1
:1021100081B00090009890ED290A01B0704700004E
:1021200081B00090009890ED2D0A01B0704700003A
:1021300081B00090009890ED2E0A01B07047000029
:1021400084B00390029101920093009890ED002AD0
:1021500090ED014A90ED026A90ED035AB6EE001A36
:10216000B0EE417AA6EE467AA5EE457A029822EEC6
:10217000050A94EE060AD0ED000AD0ED011A90EDA2
:10218000023A20EE210AA7EE200A22EE062AA4EE49
:10219000052AA2EE030A30EE000A019880ED000A3B
:1021A000009890ED002A90ED016A90ED024A90EDC2
:1021B000035A22EE057AA6EE047A0298B0EE410A9E
:1021C000A6EE460AA5EE450AD0ED000AD0ED011AAA
:1021D00090ED023A20EE210AA7EE200A22EE062A0E
:1021E00094EE052AA2EE030A30EE000A019880ED73
:1021F000010A009890ED000A90ED014A90ED023A34
:1022000090ED032A20EE035A94EE025A029820EE33
:10221000040AA3EE020A90ED006A90ED017A90EDB7
:10222000022A20EE070AA5EE060AA4EE441AA3EE3F
:10223000431AA1EE020A30EE000A019880ED020A6C
:1022400004B070470000000084B003900291019236
:102250000093009890ED002A90ED014A90ED026AFB
:1022600090ED035AB6EE001AB0EE417AA6EE467A29
:10227000A5EE457A029822EE050AA4EE060AD0EDF4
:10228000000AD0ED011A90ED023A20EE210AA7EEE5
:10229000200A22EE062A94EE052AA2EE030A30EE68
:1022A000000A019880ED000A009890ED002A90ED58
:1022B000016A90ED024A90ED035A22EE057A96EEFD
:1022C000047A0298B0EE410AA6EE460AA5EE450A47
:1022D000D0ED000AD0ED011A90ED023A20EE210A6D
:1022E000A7EE200A22EE062AA4EE052AA2EE030A91
:1022F00030EE000A019880ED010A009890ED000A86
:1023000090ED014A90ED023A90ED032A20EE035A37
:10231000A4EE025A029820EE040A93EE020A90ED0F
:10232000006A90ED017A90ED022A20EE070AA5EEF0
:10233000060AA4EE441AA3EE431AA1EE020A30EEF6
:10234000000A019880ED020A04B070470000000006
:1023500080B586B005900598029042F68562C2F27B
:10236000004211780131117000F56F70F4F788FEAA
:10237000029981EDED0A91EDED1A91EDEE0A30EE44
:10238000010A81EDEE0A01F1280001F53C71FBF72D
:10239000A7F90298D0F8F012C0F8A810D0F8F412FB
:1023A000C0F8AC10D0F8F812C0F8B010D0F8FC1299
:1023B000C0F89C10D0F80013C0F8A010D0F8041397
:1023C000C0F8A41090ED270AD0ED280A90ED291A44
:1023D000D0ED2A1A90ED2B2AD0ED2C2A90EDED3A73
:1023E00000F58870EBF748FF0298D0F86012D0F83B
:1023F0006422D0F86832D0F86CC2C0F898C0C0F837
:102400009430C0F89020034643F88C1F039300F5E6
:10241000567100F1D002FFF793FE0298039B00F57E
:10242000597100F1DC02FFF78BFE0298039B00F567
:102430005C7100F1E802FFF783FE0298039B00F550
:10244000697142F68C32C2F20042FFF7FDFE0020B5
:102450008DF81300FFE79DF8130002282CDCFFE73E
:1024600002999DF8133001EB830042F68C32C2F2E0
:10247000004202EB830292ED002A90ED2A0A90EDD1
:102480002D1A30EE420A91ED333A91EDED2A20EE0D
:10249000020A33EE022A80EE020A21EE031A81EECE
:1024A000021A30EE010A80ED2D0AFFE79DF81300B5
:1024B00001308DF81300CEE7029800F18C0300F193
:1024C000B40100F1C002FFF73BFE029800F0C0F833
:1024D00042F68560C2F2004000784BF65001C0F22F
:1024E0001E5145F62942CCF28F2200FB02104FEA22
:1024F0007000884235D8FFE7029901F13800019059
:1025000091EDC30A00F040FB01989FED190A00F01D
:102510008BF9019800F0A0F9019800F02DFBB5EEC1
:10252000400AF1EE10FA0ADCFFE7029845F62001B6
:10253000C2F200410C220023FFF79EFD10E002983A
:10254000383000F019FB0298BCEEC00A10EE103AC9
:1025500045F62001C2F200410C22FFF78DFDFFE796
:10256000FFE70299012081F8C40306B080BD00BFD7
:10257000000020420000000080B584B00390039961
:10258000019101F1280001F53C7245F24C71C2F253
:102590000041FCF76DF96420E2F7CAFA019800F5F2
:1025A0005F71FCF761FA019840F2A451C2F2004158
:1025B000D1ED002A00F58870B2EE040ADFED1A0AA8
:1025C000CDED020A9FED191ADFED191A9FED192AB8
:1025D000EBF7A6FD0198DDED024A4CF6CD41C3F6BE
:1025E0004C51C0F8CC1038309FED130ADFED130AC0
:1025F0009FED132ADFED132A9FED135A0021B0EE51
:10260000451AF0EE451AB0EE453AF0EE453AB0EE16
:10261000454A00F075FA45F62000C2F200400C2150
:10262000E9F796FE04B080BD6F12833A8096184B8E
:10263000C9E57F3FCDCC4C3D0000484300009643A8
:1026400000007A430000FA43000000000000000090
:1026500080B586B005900598039044F28872C2F266
:10266000004213685168013341F100011360516069
:10267000D0F8B812C0F80411D0F8B412C0F80011A4
:10268000D0F8B012C0F8FC10D0F8C012C0F8081191
:1026900090EDDF2A90EDE01A90EDE10A90EDE23A3C
:1026A00021EE000AA2EE030A30EE000A21EE011A22
:1026B000A2EE021AB0EE002A8DED022AFFEE000A09
:1026C000CDED010AE1EE020A01F0FAFB039880ED7C
:1026D000E30A90EDDF0A90EDE01A90EDE13A90ED1B
:1026E000E22A20EE030A91EE020AB8EE001A20EE6A
:1026F000010A01F04FFBDDED010A9DED022A03986E
:1027000080EDE40A90EDDF3A90EDE04A90EDE10AC9
:1027100090EDE21A20EE010AA3EE040A30EE000A60
:1027200021EE011AA3EE031AE1EE020A01F0C8FB42
:10273000039880EDE50A00200490FFE70498022842
:1027400015DCFFE70398049900EB810090EDE30AA4
:102750009FED081A20EE010A9FED071A80EE010A8C
:1027600080EDE60AFFE7049801300490E6E706B042
:1027700080BD00BF00003443DA0F49400000000074
:1027800080B582B0019001980090FCF77DF9009827
:102790002830FCF75DF90098383000F001FA009815
:1027A0004FF07E52C0F858230021C0F85C13C0F8E7
:1027B0006013C0F86413C0F86823C0F86C13C0F845
:1027C0007013C0F87413C0F87823C0F87C13C0F8F5
:1027D0008013C0F88413C0F88813C0F88C13C0F8B5
:1027E0009013C0F89413C0F89813C0F89C13C0F865
:1027F000A013C0F8A413C0F8A8134FF2C352C4F238
:102800001C12C0F8AC230022C4F22022C0F8B0236E
:1028100080F8C01380F8C11380F8C21380F8C31386
:1028200080F8C41302B080BD82B001908DED000A23
:1028300001990098486402B0704700000000000051
:1028400082B001908DED000A01990098C86402B031
:10285000704700000000000080B58AB00990099818
:1028600001900021089107910691059190ED110AC0
:1028700090ED121A30EE410A8DED040A9DED040A26
:10288000F8F75EFA01988DED030A9DED030A90EDCD
:10289000011AB4EE410AF1EE10FA07DAFFE70199E6
:1028A000886C4864002004900390FFE7019890ED45
:1028B000080A9DED041A20EE010A8DED080A90ED3C
:1028C0000E0AB5EE400AF1EE10FA0DD1FFE70198BD
:1028D00090ED0F0AB5EE400AF1EE10FA04D1FFE7D1
:1028E0004FF07E50029044E001989DED030A90ED78
:1028F0000E1AB4EE410AF1EE10FA04DCFFE74FF0D5
:102900007E50029026E0019890ED0E0A9DED031A8C
:10291000B4EE410AF1EE10FA1BDAFFE701989DEDE3
:10292000030A90ED0F1AB4EE410AF1EE10FA10DA34
:10293000FFE7019890ED0E2A90ED0F1A9DED030A26
:1029400031EE400A31EE421A80EE010A8DED020AA4
:10295000FFE7FFE701989DED030A90ED0F1AB4EE33
:10296000410AF1EE10FA03DBFFE700200290FFE7D7
:10297000FFE7019890ED0C0AB5EE400AF1EE10FA6F
:1029800010D0FFE7019901F14C0091ED092A91ED7A
:102990000C1AB1EE410A80EE020AC1EE020AF4F707
:1029A00077FEFFE7019890ED100AB5EE400AF1EED0
:1029B00010FA18D1FFE701989DED021A90ED002A58
:1029C00090ED130A21EE021A9DED042AA1EE020AEF
:1029D00080ED130A90ED090A90ED131A20EE010A1A
:1029E0008DED070A28E001989DED030A90ED101A7D
:1029F000B4EE410AF1EE10FA18DAFFE701989DED06
:102A0000021A90ED002A90ED130A21EE021A9DEDB4
:102A1000042AA1EE020A80ED130A90ED090A90ED56
:102A2000131A20EE010A8DED070A04E00199002037
:102A3000C8640790FFE7FFE70198007A90B9FFE7C5
:102A4000019890ED001A90ED063A90ED0A0A9DED7E
:102A5000042A32EE432A20EE020A80EE010A8DEDAE
:102A6000060A11E0019890ED001A90ED053A90EDFC
:102A7000072A90ED0A0A32EE432A20EE020A80EE7F
:102A8000010A8DED060AFFE7019890ED042A90ED0A
:102A90000B1A90ED110A30EE420A20EE010A8DED7C
:102AA000050A9DED080A9DED071A30EE010A9DED1D
:102AB000061A30EE010A9DED051A30EE010A80ED8E
:102AC000070A90ED0D0AB5EE400AF1EE10FA0AD0B1
:102AD000FFE7019901F11C00D1ED0D0AB1EE600A8A
:102AE000F4F7D6FDFFE70199886CC860486C08616F
:102AF000C8694861049888610AB080BD0000000080
:102B00008EB002AA0092024600980D9280ED0A0A49
:102B1000C0ED090A80ED081AC0ED071A80ED062AFB
:102B2000C0ED052A80ED043AC0ED033A80ED024A7B
:102B3000C0ED014A80ED005A8DF807100D990C98F0
:102B400008620B9848620A9888620998C8620898D7
:102B500008630798486303980860029848600698DD
:102B600088630598C863049808649DF80700087294
:102B70000EB070470000000081B00090009890ED0A
:102B8000070A01B07047000082B001908DED000A85
:102B900001990098886402B07047000000000000AE
:102BA00081B0009000980021C160016141618161A4
:102BB000C161016241628162C162016341638163FB
:102BC000C163016441648164C16401B07047000065
:102BD00080B586B00190059004910392049900910C
:102BE00000218DF80B10FFF717FA00980199039A4E
:102BF00092ED000A00F014FD01208DF80B009DF805
:102C00000B0020B9FFE70198FFF716FAFFE706B0BF
:102C100080BD00000000000080B582B08DED010A8B
:102C20009DED010A01F0A2FA02B080BD0000000093
:102C300080B582B08DED010A9DED010A01F0A2FF81
:102C400002B080BD0000000081B08DED000A9DED56
:102C5000000AB0EEC00A01B070470000000000009A
:102C600084B08DED020B8DED001B9DED020B9DEDF3
:102C7000001B80FE410B04B0704700000000000004
:102C800080B582B0019000919DED010AB8EEC00BB5
:102C90009DED001AB8EEC11BFFF7E2FF02B080BD48
:102CA00081B0ADF80200BDF9020000280ED4FFE7A4
:102CB000BDF9021001F01F02012090404A094EF2B6
:102CC0000011CEF2000141F82200FFE701B0704789
:102CD0004EF60C50CEF200000068C0F302207047A0
:102CE00082B0ADF806000091BDF9060000280AD4B4
:102CF000FFE700980001BDF906104EF20042CEF247
:102D0000000288540BE000980001BDF8061001F0A5
:102D10000F014EF61452CEF200028854FFE702B0C3
:102D2000704700000000000083B00290029800F09D
:102D3000070000904EF60C51CEF200010868019099
:102D400001984FF6FF02104001900198009A40EA66
:102D500002200022C0F2FA5210430190019808604C
:102D600003B070470000000080B582B042F6C86032
:102D7000C2F200400190F9F75FFD01994CF619107D
:102D8000C0F6010040F20002C0F60002DDF728FBA9
:102D900002B080BD000000004AF24000C4F2000012
:102DA000006840F28471C2F2004108607047000080
:102DB00070470000000000007047000000000000A5
:102DC00089B08DED080A9DED081A9FED3A2AB5EEFF
:102DD000000AA1EE020A8DED050A9DED050ABDEE81
:102DE000C00A8DED010A9DED050AB5EE400AF1EE2F
:102DF00010FA04DAFFE7019801380190FFE79DED32
:102E0000050A9DED011AB8EEC11A30EE410A8DEDAA
:102E1000050A9DED050A9FED281A20EE010A8DEDA9
:102E2000000A9DED000ABCEEC00A10EE100AADF8D3
:102E30001200BDF81200B0F5007F0CDBFFE70020A8
:102E4000ADF812009DED000A9FED1C1A30EE010A4C
:102E50008DED000AFFE79DED000ABDF8120001EEBE
:102E6000100AB8EE411A30EE410A8DED060ABDF89F
:102E7000121045F2F050C0F6020050F821100391F4
:102E8000BDF8121000EB8100406802909DED060A2B
:102E9000B7EE001A31EE401A9DED032A9DED023A7D
:102EA00020EE030AA1EE020A8DED070A9DED070A46
:102EB00009B0704783F9223E00000044000000C4BE
:102EC00089B0089007910692089840680590079885
:102ED00040680490069840680390089908884988DB
:102EE0004843029002980190FFE70198A8B1FFE7DC
:102EF0000598011D059190ED000A0498011D0491AB
:102F000090ED001A30EE010A0398011D039180ED47
:102F1000000A019801380190E7E700208DF80300CE
:102F20009DF9030009B0704783B00290ADF8061018
:102F3000ADF804200093BDF8060002990880BDF8A2
:102F400004000299488000980299486003B07047D5
:102F5000BBB03990389139984068379038984068BC
:102F60003690399800883490399840883390002002
:102F7000329031902B903698359034982C90FFE712
:102F80002C9858B3FFE734982C99401A2A90FFE701
:102F90002A9848B1FFE73599081D35900020086050
:102FA0002A9801382A90F3E73599081D35904FF09B
:102FB0007E5008602C9801382A90FFE72A9848B183
:102FC000FFE73599081D3590002008602A980138E0
:102FD0002A90F3E72C9801382C90D1E70020299013
:102FE000FFE729983399884280F04D82FFE700205F
:102FF0002B9029982F90399948684988299A01FB84
:10300000022100EB810035903598006832902998B4
:103010003090299801302D90FFE72D9834998842FF
:1030200025D2FFE73999486849882D9A299B01FBE9
:10303000023100EB810035903598006831909DEDAC
:10304000310AB0EEC00A9DED321AB0EEC11AB4EEEC
:10305000410AF1EE10FA05DDFFE72D983090319826
:103060003290FFE7FFE72D9801302D90D5E79DEDD9
:10307000320AB5EE400AF1EE10FA76D0FFE730984A
:103080002999884271D0FFE739984068259039988E
:103090004068249039984088239023982999401AB1
:1030A00022902F982399299A00FB0121259800EB63
:1030B0008100259030982399299A00FB01212498BA
:1030C00000EB8100249000202790FFE727982299A9
:1030D000884213DAFFE72598006826902498006854
:1030E00025990A1D25920860269824990A1D249284
:1030F0000860FFE7279801302790E7E73898406895
:103100001F90389840681E90389840881D901D98F0
:103110001C902F981D9941431F9800EB81001F9030
:1031200030981D9941431E9800EB81001E900020AD
:103130002190FFE721981C99884213DAFFE71F9836
:10314000006820901E9800681F990A1D1F92086051
:1031500020981E990A1D1E920860FFE721980130F1
:103160002190E7E701202B90FFE72B9801280CD056
:10317000FFE79DED320AB5EE400AF1EE10FA04D1F8
:10318000FFE7FB208DF8EB00BCE19DED321AB7EEB6
:10319000000A80EE010A8DED320A399840681A90D3
:1031A00039984088199019982999401A18902F98A1
:1031B0001999299A00FB01211A9800EB81001A90B5
:1031C00000201B90FFE71B981899884210DAFFE750
:1031D0009DED321A1A98011D1A9190ED000A20EE09
:1031E000010A80ED000AFFE71B9801301B90EAE717
:1031F0003898406816903898408815901598149023
:103200002F9815994143169800EB810016900020E5
:103210001790FFE717981499884210DAFFE79DEDA1
:10322000321A1698011D169190ED000A20EE010A3F
:1032300080ED000AFFE7179801301790EAE70020B9
:103240002D90FFE72D982F99884280F08780FFE727
:103250003999486849882D9A299B01FB023100EB76
:103260008100359035980068329039984068129006
:103270003998406811903998408810901098299991
:10328000401A0F9012982D99109A514300EB81002B
:10329000299900EB8100129011982F99109A5143AF
:1032A00000EB8100299900EB810011900020139020
:1032B000FFE713980F99884215DAFFE79DED321A60
:1032C0001198011D119190ED002A1298011D129183
:1032D00090ED000AA1EE420A80ED000AFFE7139884
:1032E00001301390E5E7389840680D9038984068B1
:1032F0000C90389840880B900B980A900D982D9957
:103300000B9A514300EB81000D900C982F990B9A6A
:10331000514300EB81000C9000200E90FFE70E98C7
:103320000A99884215DAFFE79DED321A0C98011DC3
:103330000C9190ED002A0D98011D0D9190ED000A61
:10334000A1EE420A80ED000AFFE70E9801300E90D0
:10335000E5E7FFE72D9801302D9073E72F980130B6
:103360002D90FFE72D983499884280F08780FFE701
:103370003999486849882D9A299B01FB023100EB55
:1033800081003590359800683290399840680890EF
:10339000399840680790399840880690069829998E
:1033A000401A059008982D99069A514300EB810028
:1033B000299900EB8100089007982F99069A5143AC
:1033C00000EB8100299900EB810007900020099013
:1033D000FFE709980599884215DAFFE79DED321A53
:1033E0000798011D079190ED002A0898011D08918A
:1033F00090ED000AA1EE420A80ED000AFFE709986D
:1034000001300990E5E738984068039038984068A3
:1034100002903898408801900198009003982D9967
:10342000019A514300EB8100039002982F99019A71
:10343000514300EB8100029000200490FFE70498C4
:103440000099884215DAFFE79DED321A0298011DB6
:10345000029190ED002A0398011D039190ED000A5E
:10346000A1EE420A80ED000AFFE7049801300490C3
:10347000E5E7FFE72D9801302D9073E7FFE72998E6
:1034800001302990ADE500208DF8A3002B9801288C
:1034900033D0FFE79DED320AB5EE400AF1EE10FAA7
:1034A0002BD1FFE739984068379000202E90FFE736
:1034B0002E983499339A5143884212D2FFE73798B5
:1034C0002E9900EB810090ED000AB5EE400AF1EE76
:1034D00010FA01D0FFE704E0FFE72E9801302E90AC
:1034E000E6E72E983499339A5143884204D1FFE796
:1034F000FB208DF8A300FFE7FFE79DF8A3008DF800
:10350000EB00FFE79DF9EB003BB0704700000000C7
:1035100092B008AB0093119010910F9211984068EF
:103520000E90109840680D90119840680C9010987B
:1035300040680B900F9840680A9011980088ADF889
:103540001E0010984088ADF81C0011984088ADF816
:103550001A0000200490BDF81E000390FFE70A98AF
:10356000049900EB81000990BDF81C0005901098AB
:1035700040680D90FFE7002008900C980E90BDF871
:103580001A000290FFE70298C8B1FFE700980E9971
:103590000A1D0E9291ED001A0D9991ED002A90ED01
:1035A000000AA1EE020A80ED000ABDF81C100D9879
:1035B00000EB81000D90029801380290E3E7089833
:1035C00009990A1D099208600598013805900B9821
:1035D000BDF81C10059A891A00EB81000D90FFE7D9
:1035E00005980028C7D1FFE70498BDF81C100844CF
:1035F00004900C98BDF81A1000EB81000C90039811
:1036000001380390FFE703980028A8D1FFE70020C6
:103610008DF807009DF9070012B070470000000008
:1036200089B007AA009202460098089280ED000A2D
:10363000069108984068059006984068049008999B
:10364000088849884843039003980290FFE702984E
:1036500098B1FFE7009805990A1D059291ED000ABF
:1036600090ED001A20EE010A0498011D049180EDEE
:10367000000A029801380290E9E700208DF807005F
:103680009DF9070009B0704789B00890079106922C
:10369000089840680590079840680490069840682C
:1036A000039008990888498848430290029801903D
:1036B000FFE70198A8B1FFE70598011D059190ED7E
:1036C000000A0498011D049190ED001A30EE410AA1
:1036D0000398011D039180ED000A019801380190C3
:1036E000E7E700208DF803009DF9030009B070475B
:1036F0008AB0099008910998406807900898406836
:10370000069009980088ADF8120009984088ADF835
:103710001000BDF81200029000200190FFE706980B
:10372000019900EB81000590BDF810000390FFE7C0
:10373000039880B1FFE70798011D0791006805997C
:103740000860BDF81210059800EB81000590039801
:1037500001380390ECE7019801300190029801389C
:103760000290FFE702980028D9D1FFE700208DF8EA
:1037700003009DF903000AB070470000000000003C
:1037800089B08DED080A9DED080A9FED391A20EEEB
:10379000010A8DED050A9DED050ABDEEC00A8DED0D
:1037A000010A9DED050AB5EE400AF1EE10FA04DAC1
:1037B000FFE7019801380190FFE79DED050A9DEDB7
:1037C000011AB8EEC11A30EE410A8DED050A9DEDE1
:1037D000050A9FED281A20EE010A8DED000A9DEDE5
:1037E000000ABCEEC00A10EE100AADF81200BDF8D7
:1037F0001200B0F5007F0CDBFFE70020ADF81200EF
:103800009DED000A9FED1C1A30EE010A8DED000AB5
:10381000FFE79DED000ABDF8120001EE100AB8EEB8
:10382000411A30EE410A8DED060ABDF8121045F23C
:10383000F050C0F6020050F821100391BDF81210AC
:1038400000EB8100406802909DED060AB7EE001A79
:1038500031EE401A9DED032A9DED023A20EE030A57
:10386000A1EE020A8DED070A9DED070A09B0704727
:1038700083F9223E00000044000000C40000000064
:1038800070B589B0109D0F9CDDF838E0DDF834C0CC
:1038900007950694CDF814E0CDF810C0039302927A
:1038A0000191009000990198029A039BDDF810C0E5
:1038B000DDF814E0069C4C61C1F810E0C1F80CC0C2
:1038C0008B604A60086007988861009940204877BB
:1038D000009943F67920C0F602000861009943F68A
:1038E0009120C0F60200C860009943F6D130C0F6BE
:1038F000020088609DF8230009B070BD0000000040
:10390000B0B58EB045F2D470C2F200400B900420E6
:103910000C90E5F7F5FE40000690069845F66C0120
:10392000C2F200410968896AB0FBF1F0C00842F2B6
:103930009501C0F64F11A0FB0110400800EE100ADF
:10394000B8EE400B8DED040B9FED210BBAEE061B7C
:1039500000F0B6FCB0EE401B9DED040B80EE010BB9
:103960009FED1D1BB4EE410BF1EE10FA08DAFFE7F4
:1039700045F66C00C2F200400168F0208862FFE763
:1039800045F66C00C2F200400168896AADF81C106F
:103990000068C06AADF81E000699079A089B09984E
:1039A000DDF828E00B9C0C9DEC46CCF80C50CCF8D4
:1039B0000840CCF804E0CCF8000042F69860C2F26F
:1039C0000040FFF75DFF9DF837000EB0B0BD00BFAF
:1039D0006379D9928FF3F03F00000000E0FFEF40E1
:1039E00083B001908DF803109DF803000199497F81
:1039F000884208DAFFE79DF8030001994877002024
:103A00008DF80B0003E001208DF80B00FFE79DF817
:103A10000B0003B07047000080B582B00020019019
:103A2000E2F762FEEDF718F9EBF76EFEEBF718FD23
:103A3000EBF7AAFDEBF7E8FDEBF726FEEBF720FF2F
:103A4000EBF7CAFFECF710F9ECF732FAECF7E4F910
:103A5000ECF776FAECF7B8F8ECF772F8ECF72CF82C
:103A6000ECF74AF9ECF790F9EBF746FFEEF720F8A0
:103A7000FFE7EEF785F8FCE780B582B00090E2F74B
:103A80001BFE009908609DF8070002B080BD000091
:103A90008BB009900891ADF81E2009980590BDF8EB
:103AA0001E00002806D4FFE7BDF81E00B0F5803FD9
:103AB00004DBFFE702208DF82B0083E0BDF81E0039
:103AC00005990968C862089878B9FFE7BDF81E0033
:103AD00045F25651C5F25551A0FB01104100084670
:103AE000059A12685163049066E0089804280FD183
:103AF000FFE7BDF81E0045F25651C5F25551A0FB37
:103B0000011041000846059A12689163039050E045
:103B1000089808280FD1FFE7BDF81E0045F256515E
:103B2000C5F25551A0FB011041000846059A1268E4
:103B3000D16302903AE008980C280FD1FFE7BDF856
:103B40001E0045F25651C5F25551A0FB011041002F
:103B50000846059A12681164019024E0089810281C
:103B60000FD1FFE7BDF81E0045F25651C5F2555181
:103B7000A0FB011041000846059A1268916500906B
:103B80000EE0BDF81E0045F25651C5F25551A0FB9E
:103B9000011041000846059A1268D1650090FFE7C0
:103BA00000980190FFE701980290FFE702980390C8
:103BB000FFE703980490FFE70498069006988DF8B5
:103BC0002B00FFE79DF82B000BB0704700000000B2
:103BD00080B588B0069005918DF813200698029064
:103BE0009DF813000146019120B1FFE701980128DB
:103BF00006D00BE002980599E8F7AAFB039009E0CC
:103C000002980599E8F7F8FC039003E002208DF88C
:103C10001F0003E003988DF81F00FFE79DF81F00C9
:103C200008B080BD03B401984100009850EAC1205B
:103C300018BF04204A0D18BF40F0010040F2FF7287
:103C4000B2EB515F08BF40F00200012808BF052019
:103C500002B070474100080218BF04200A0E18BFC6
:103C600040F001004FF07F4232EA010108BF40F00E
:103C70000200012808BF05207047000010B510EEB3
:103C8000104A4FF01A402DED028B00EB4400B0F1CA
:103C9000C85F4AD84FF0FC40B0EB440F22D2B0EEE0
:103CA000C00AF7EE000A30EEC00AF6EE000A20EE77
:103CB000208A18EE100A01F004FA00EE100A14F03F
:103CC000004F1DBF9FED281ADFED280AB1EE400A14
:103CD0009FED271A08BFF0EE410AF8EE001A20EE19
:103CE000210A05E020EE008A9FED221ADFED220A6C
:103CF000DFED221A9FED222A70EEC00A20EE080A9C
:103D000008EE212ADFED1F1A48EE021A9FED1E2A47
:103D100008EE212ADFED1D1A48EE021ABDEC028BD7
:103D200040EE610A30EE810A10BD4FF0CC40B0EB9E
:103D3000440F82BF9FED160ABDEC028B10BD4FF001
:103D40007F40B0EB440F05D2BDEC028BBDE81040C4
:103D500001F06AB8012001F037F9BDEC028BBDE833
:103D6000104001F067B800000000494022AA7D3AE7
:103D7000000000000000C93F22AAFD3924FE1C3DBE
:103D8000C78AD83C1E67383D1B93993DAFAA2A3E8F
:103D9000DB0FC93F10B54FF00E402DED028BB0EE9A
:103DA000408A18EE104A00EB4400B0F1506F4AD838
:103DB0004FF0FC40B0EB440F22D2B0EEC80AF7EE51
:103DC000000A30EEC00AF6EE000A60EE208A18EE15
:103DD000900A01F076F901EE100A14F0004F1DBFB1
:103DE000DFED2D0A9FED2D0AB1EE411ADFED2C0A11
:103DF00008BF9FED2C0AF8EE001A21EE218A05E09B
:103E0000DFED290A68EE088AB0EE600A9FED271AF6
:103E1000DFED271A30EE080A48EE811A9FED251AC9
:103E200008EEA11ADFED241A48EE811A9FED231A3D
:103E300008EEA11A68EE281ABDEC028B01EE810A89
:103E400030EE200A10BD4FF0E440B0EB440F0CD927
:103E500018EE100AFFF7FEFE042808BF00F0F2FF7C
:103E6000B0EE480ABDEC028B10BD4FF07F40B0EBC6
:103E7000440F07D2B0EE480ABDEC028BBDE81040FB
:103E800000F0D2BF012001F09FF8BDEC028BBDE82D
:103E9000104000F0CFBF00000000C9BF22AAFDB94A
:103EA0000000C93F22AAFD390000000024FE1C3D8D
:103EB000C78AD83C1E67383D1B93993DAFAA2A3E5E
:103EC00070B54FF068422DED048BF0EE408A18EE8D
:103ED000900AB0EE608A18EE101A02EB4003B3F1BC
:103EE000654F3CBF02EB4102B2F1654F7DD200BF8E
:103EF000C0F3C753C1F3C7529A1A1B2A09DD10F049
:103F0000004F14BF9FED830A9FED830ABDEC048B25
:103F100070BD12F11A0F36DA11F0004F09D010F00F
:103F2000004F0CBF9FED7D0A9FED7D0ABDEC048B19
:103F300070BD88EE889A19EE100AFFF78BFE0428F0
:103F400008BF00F07FFF18EE900AFFF783FE0546DA
:103F500018EE100AFFF77EFE044619EE100AFFF76E
:103F600079FE042D18BF052D08D1042C18BF052C8F
:103F700004D1002804BF022001F026F8B0EE490A5F
:103F8000BDEC048B70BD4200B2EB410F3AD910F08A
:103F9000004F19BFDFED630A9FED630ADFED630A8F
:103FA0009FED630AB0EE481A0A46B1EE688A80F0C7
:103FB0000041F0EE418A10460A1A5200B2F1807FA9
:103FC00034D2484010F0004FDFED5A1A9FED5A2AC4
:103FD0001DBFBEEE001A70EEE10A30EE420AB6EEE8
:103FE000001A08BF70EEA10A00E040E008BF30EE02
:103FF000020AB0EE682A01EE482A08EE818AC2EE73
:10400000081A15E011F0004F04BF9FED4C0AF0EEC6
:10401000400AD1D010F0004F19BFDFED490A9FEDE3
:10402000490ADFED490A9FED490AC5E7C8EE881A3B
:1040300021EEA11A9FED462ADFED462A41EE022A23
:104040009FED452A01EE222ADFED442A41EE022AA5
:104050009FED432ABDEC048B01EE222A21EE811A4A
:1040600001EE020A30EE210A30EE200A70BD4FF058
:104070007F42B2EB400F28BFB2EB410F09D2F0EE06
:10408000480AB0EE680ABDEC048BBDE8704000F051
:10409000CEBE40EA01035B0008BF41F0FF410BD0F8
:1040A000B2EB400F08BFB2EB410F08D120F08040C7
:1040B00008EE900A21F0804108EE101A18E7B2EBE2
:1040C000400F12BF5FEA410340F0FF4001F00041A2
:1040D0003FF40EAFB2EB410F12BF5FEA400200F0B7
:1040E000004041F0FF413FF403AF4A0092EA400331
:1040F0003FF5FEAE002AACBF9FED1A0A9FED1A0AEB
:1041000068EE808A28EE008A18EE900A18EE101ADF
:10411000EEE60000DB0FC9BFDB0FC93FDB0F4940F4
:10412000DB0F49C00000C9BF22AAFDB90000C93F8A
:1041300022AAFD390060ED3EC30ACE370000000020
:10414000000049C022AA7DBA0000494022AA7D3A57
:104150002DAD65BD8FB8D53D0FB511BE61C84C3EC4
:10416000A8AAAABE0000804F0000802F10EE101AEF
:1041700008B5444A6846B2EB410F28D94FF0E640F3
:10418000B0EB410F94BF00204FF0FF30009000983B
:10419000002861DB60EE000A10F0010F45D010F03E
:1041A000020FDFED391A9FED391A00EEA11ADFED8B
:1041B000381A40EE811A21EEA01AF0EE400A40EEC5
:1041C000010A08BFF1EE600AB0EE600A08BD314B8B
:1041D00021F0004293423CD911F0004FDFED2E0A4E
:1041E00020EE201ADFED2D0A19BF31EE601A71EEB4
:1041F000200A31EE201A71EE600ABDEEE01A11EECF
:10420000100A9FED271A00F0030000EEC10A9FED8F
:10421000251A009000EEC10A9FED231A00EEC10A94
:104220009FED221A00EEC10AB1E79FED211A9FED22
:10423000210A10F0020F00EE810A9FED1F1A00EE16
:10424000801AB7EE000A00EE810A18BFB1EE400AEC
:1042500008BD00F0FFFD9AE710EE100A4000B0F133
:104260007F4F3CBFB7EE000A08BD07D14FF00100F9
:1042700000F0AAFEBDE8084000F0DCBDBDE8084043
:1042800000F0D2BDB61F927E336D4CB9DA82083C85
:10429000A0AA2ABE490E494683F9223F0000004BDE
:1042A0000000C93F00A0FD390020A2331A61342C60
:1042B000B93AB2BACA9F2A3DDDFFFFBE0000000036
:1042C0002DE9F04D2DED040B2DED0A8B9AB0DDE9B3
:1042D0002550279CDDF890A025F0004624F00048EA
:1042E000BAF1000F14BF0121002101EB4502F8498A
:1042F00053184A10934228D3002814BF01230023E7
:1043000003EB44030B44F3498B421ED358EA0001EC
:1043100072D0DFF8C4B35D4503D1BAF1000F05D107
:1043200086E0BAF1000F08BF002100D0012101EBA7
:10433000450111F5001F08D8002814BF01210021F4
:1043400001EB440111F5001F0BD99DED261B9DEDDE
:10435000240B1AB0BDEC0A8B04B0BDE8F04D00F0A0
:104360003BBD0027002DBCBFDC49884521DADC4974
:104370008845A8BF02271CDAC3451ADCD94901EBDE
:104380002851142908DDC1F1340220FA02F101FAA2
:1043900002F282420DD108E058B9C1F1140228FAA4
:1043A00002F101FA02F2424503D101F00101C1F12B
:1043B000020756EA0A0120D1002C1EDA002D18BF90
:1043C000022F01D0012F0AD0022000F0FDFD1AB00B
:1043D000BDEC0A8B04B0BDE8F04D00F0F1BC02204A
:1043E00000F0F2FD00F0ECFCB1EE400B1AB0BDECB9
:1043F0000A8B04B0BDE8F08D1AE09FEDBB9B9FEDEA
:10440000BC8BB7EE00AB00287DD1B44880451CD1F1
:1044100005F1804010F5801008BFBAF1000F07D0F9
:10442000B34508DC002CA8BF9DED260BDEDA07E0C3
:10443000B7EE000BDAE7002CB8BF9DED260BD3DBFF
:10444000AD48784490ED000BD0E7D84548D1002C1A
:1044500043DA2EB186423AD1BAF1000F3DD126E0BF
:10446000BAF1000F13D0022000F0AEFD00F0C4FC42
:104470008DED020B9DED240B8DED000B10EE900ADF
:10448000039961F31E0003909DED020BAEE78DEDE5
:10449000029B9DED240B19EE901A10EE900A8DED03
:1044A000000B61F31E0003909DED020B9EE78DED66
:1044B000028B9DED240B18EE901A10EE900A8DEDF4
:1044C000000B61F31E0003909DED020B8EE704DAF2
:1044D0009DED241B8AEE010B88E79DED240B85E7FB
:1044E00086421ADAB4F1804F04BF9DED240B20EE12
:1044F000000B3FF47BAFA4F10050B0F1FF500CD1A2
:10450000002D0ADB00E008E09DED240B51EC100BC0
:1045100000F0A2FD41EC100B68E79DED240B51EC7F
:10452000100B00F057FDBAF1000FCDE90E0140D19C
:104530009FED730B46B3A6F1E040B0F17F600ED063
:104540005E4536D1002D00DA97B3022F0CBF012053
:104550004FF0FF3000EE100AB8EEC00B46E7002D1A
:1045600001DD002C0DDA002D01DD002C1DDB002DFE
:1045700014DA002C12DB012F08BF9FED630B3FF410
:1045800035AFB0EE490B31E7022F18BF002D0CD02C
:10459000012F0AD1002DFFF629AF06E0002DB8BF8C
:1045A000002C06DA012F3FF421AFB0EE480B1DE7D7
:1045B00019E0012000EBE57050EA070113D0B0EEDE
:1045C0004A8B791E084308BFBFEE008B5048002578
:1045D00080457ADD4F495048884514DDB0420DDBF7
:1045E000002C19DB2CE0012000F0EEFC1AB0BDEC31
:1045F0000A8B04B0BDE8F04D00F0F2BBB34502DC1D
:10460000002C09DC1CE0864202DA002C18DA03E0F8
:104610005E4528DD002C13DD022000F0D5FC00F003
:10462000EBFB8DED020B28EE090B8DED000B10EE70
:10463000900A039961F31E0003909DED020BD5E6ED
:10464000022000F0C1FC00F0E3FB10EE901A18EE1F
:10465000900A8DED020B8DED008B61F31E0003902F
:104660009DED020BC2E69DED0E0B30EE4A0B8DED7B
:10467000040B20EE002B9DED041B9FED290BB5EEE6
:10468000003B01EE430B9DED043BB6EE001B03EE39
:10469000401B22EE012B9DED040B9FED231B20EE12
:1046A000011B9FED233B20EE030B9FED233B02EE0E
:1046B000430B31EE002B8DED022B02959DED022B6D
:1046C00032EE411B30EE411B11E139E000000000E9
:1046D000FFFF1F00FFFF0F000000F03F0000F07F12
:1046E0000000404301FCFFFF000000000000F07FDD
:1046F0000000000000000000420D0000000000006B
:104700000000000000000080000000000000F0FF3A
:104710000000E0410000F043FFFFEF3F0000000019
:10472000555555555555D53F000000604715F73F85
:1047300044DF5DF80BAE543EFE822B654715F73F14
:104740000020B6F5801F0BDA9DED0E0B9FEDEC1BE4
:1047500020EE010B10EE906A8DED0E0B6FF0340021
:1047600000EB2650C6F31301A0F2FF37E64A41F0F2
:104770007F6040F040509142D8BF002408DDE34AFA
:104780008A42C8BF012403DC0024A0F580107F1CEE
:10479000DF49794401EBC4010F9091ED001B9DEDC1
:1047A0000E0B30EE410B9DED0E2B31EE023B8AEEEF
:1047B000032B20EE029BD7498DED029B7944029595
:1047C00091ED003B4FF0005141EA600000EB844066
:1047D0008DED043B00F5002005909DED043B33EE8C
:1047E000411B9DED0E3B33EE411B9DED023B9DEDCC
:1047F000044B03EE440B03EE410B20EE02BB29EE0B
:1048000009CBB0EE4C0BC4480621784400F09FFA67
:104810002CEE0C1B20EE010B9DED021B31EE091B53
:104820000BEE010B9DED021B21EE011BB0EE082BE0
:1048300031EE023B33EE003B8DED043B04959DEDE4
:10484000043B33EE422B32EE411B30EE412B9DED0B
:10485000020B9DED041B20EE011B9DED040B2BEEC6
:10486000000B02EE090B31EE002B8DED022B0295B1
:104870009DED022B32EE411B30EE411B9DED020BF4
:104880009FEDA72B20EE020B9DED022B9FEDA63B8B
:1048900022EE032B9FEDA63B01EE032BA6487844A6
:1048A00000EBC40090ED001B32EE011B02EE107A0B
:1048B000B8EEC22B8DED042B30EE013B9F487844BF
:1048C00000EBC40090ED002B33EE023B9DED044B5A
:1048D00033EE043B8DED023B02959DED023B33EE42
:1048E000443B33EE422B32EE400B31EE401B9DED4C
:1048F000260B8DED000B00959DED260B9DED002BFD
:1049000030EE420B9DED022B20EE020B9DED262B8F
:1049100002EE010B9DED001B9DED022B21EE021B13
:104920008DED021B30EE011B11EE900A11EE101AF4
:10493000834A8DED001B904224DB821A11430ED175
:104940009FED811B30EE011B9DED002B9DED023B89
:1049500032EE432BB4EEC21BF1EE10FA26DD02203C
:1049600000F032FB00F048FA10EE901A18EE900AB0
:104970008DED020B8DED008B61F31E0003909DED1C
:10498000020B33E5724B20F000429A420ED3714A7B
:10499000024411437FF454AE9DED022B31EE421BD5
:1049A000B4EEC01BF1EE10FABFF64AAE20F00041A3
:1049B000694A6A4B002402EB21529942D8BF9DED0F
:1049C000021B27DD511C4FF4801222FA01F1014431
:1049D000634BC1F30A527B44A2F2FF3293ED001BFA
:1049E000604B8DED041BD34021EA0303C1F3130197
:1049F00041F48011C2F1140221FA02F40593002857
:104A0000B8BF64429DED021B9DED042B31EE421BAD
:104A10008DED021B30EE011B8DED041B04959DED09
:104A2000041B9FED512B21EE021B9DED042B9DEDF0
:104A3000023B32EE432B30EE420B9FED4D2B20EE2E
:104A4000020B9DED042B9FED4C3B02EE030B31EE70
:104A5000002B8DED002B32EE411B30EE419B9DED86
:104A6000000B20EE000B46488DED040B0521784429
:104A700000F06DF99DED001B9DED042B02EE401B37
:104A80008DED021B9DED000B20EE010BB0EE002B17
:104A900031EE422B80EE021B9DED002BB0EE490B58
:104AA00002EE090B31EE400B9DED001B30EE410B89
:104AB0003AEE400B10EE900A8DED000B00EB045027
:104AC00001150029C8BF019013DC224651EC100BE0
:104AD000DBF7CEFCFFF7A6F8042808BF00F098F932
:104AE00022469DED000B51EC100BDBF7C1FCCDE92C
:104AF00000019DED000B28EE000B77E400000000A4
:104B000000000000000040438E9803007AB60B00BE
:104B10006A090000C8090000220900000000000026
:104B2000000000E009C7EE3FF5015B14E02F3EBE38
:104B3000FD033ADC09C7EE3F7E0800004E08000086
:104B40000000904000000000FE822B654715973C56
:104B500000CC904000346F3F01FCFFFF0000E03FBD
:104B6000AE070000FFFF0F0000000000432EE63FED
:104B7000EF39FAFE422EE63F396CA80C615C20BE8C
:104B8000EE06000000B510EE101A2DED028B81B07C
:104B9000524A6846B2EB410F2ED94FF0E640B0EBD7
:104BA000410F94BF00204FF0FF3000900098B0EE0E
:104BB000408A00286ADB10F0010F4BD068EE080A2B
:104BC0009FED471A9FED470A00EE810A9FED461AB6
:104BD00010F0020F00EE801AB7EE000A00EE810A14
:104BE00002BF01B0BDEC028B00BD00BF01B0B1EE51
:104BF000400ABDEC028B00BD3C4B21F000429342C9
:104C000041D911F0004FDFED3A0A20EE201ADFED16
:104C1000390A19BF31EE601A71EE200A31EE201AFE
:104C200071EE600ABDEEE01A11EE100A9FED321A25
:104C300000F0030000EEC10A9FED301A009000EE74
:104C4000C10A9FED2F1A00EEC10A9FED2E1A00EE49
:104C5000C10AABE728EE080A9FED2B1ADFED2B0AFD
:104C600010F0020F40EE010A9FED291A00EE201A03
:104C700061EE000AB0EE480A08EE200AB6D101B093
:104C8000BDEC028B00BD00F0E5F88FE718EE100ACE
:104C90004000B0F17F4F0DD218EE100AFEF7DAFF98
:104CA000042808BF00F0CEF8B0EE480A01B0BDEC11
:104CB000028B00BD09D1012000F086F901B0BDECE6
:104CC000028B5DF804EB00F0B5B801B0B0EE480A15
:104CD000BDEC028B5DF804EB00F0A6B8B61F927E27
:104CE000B93AB2BACA9F2A3DDDFFFFBE490E494616
:104CF00083F9223F0000004B0000C93F00A0FD39AE
:104D00000020A2331A61342C336D4CB9DA82083C8E
:104D1000A0AA2ABE10B52DED028BB1EEC08A18EE06
:104D2000100A20F00040C0F1FF40C00F0AD010EE82
:104D3000100A20F00040C0F1FF40C00F04BF012066
:104D400000F042F9B0EE480ABDEC028B10BDB0EEA7
:104D5000401B491E00EBC10292ED000B31F0060230
:104D60000DD0491E00EBC10292ED002BB0EE403B8E
:104D7000B0EE420B03EE010B31F00602F1D1022935
:104D800014D004290AD0062918BF704790ED0A2BC9
:104D900000EE012B90ED080B02EE010B90ED062BBF
:104DA00000EE012B90ED040B02EE010B90ED022BB7
:104DB00000EE012B90ED000B02EE010B704700009E
:104DC0009FED031BB7EE002B82EE010B7047000036
:104DD000000000000000000030EE010B70470000F2
:104DE0009FED031B81EE010B7047000000000000E7
:104DF00000000000000000009FED030B20EE000B00
:104E0000704700000000000000000000000000707B
:104E10009FED030B20EE000B704700000000000028
:104E2000000000000000001030EE000A704730EE75
:104E3000200A7047DFED020A80EEA00A70470000EA
:104E4000000000009FED020A20EE000A70470000FB
:104E5000000000102DE9F0014FF07F42B2EB410F4E
:104E60009FBF4FF0FF310160BDE8F00170474FF088
:104E7000004242EA0123C1F3C752783A551112F0B9
:104E80001F0C434CCCF120067C44C1F3C752A2F165
:104E900078024FEA621204EB820254F8254008BF00
:104EA000D2E9015612D0556804FA0CF425FA06F737
:104EB0003C43976805FA0CF527FA06F8D26807FA1A
:104EC0000CFCF24045EA08054CEA0206A4FB034C40
:104ED000A5FB0352A6FB03631D449D4234BF01267C
:104EE00000261319334416B1934202D903E09342CA
:104EF00001D2012200E00022624402F1200C92065D
:104F0000DC0C42EA443200EE102A5B03DFED210A9A
:104F1000F8EEC01A00EE103A4FEA9C1C11F0004F58
:104F2000B8EE400AC0F800C020EE201A00EE105A79
:104F3000DFED190AB8EE400A20EE200A71EE810A70
:104F400070EE800A10EE902A02F500626FF30B02F9
:104F500000EE902A70EEE11A31EEC11ADFED101A60
:104F600030EE411A9FED0D0A20EE800A01EE210A73
:104F70009FED0C1A00EE810A04BFBDE8F0017047F6
:104F8000CCF180510160BDE8F001B1EE400A7047FC
:104F900004030000000000360000802C22AAFD2936
:104FA000DB0FC92F0000C92F02E008C8121F08C17B
:104FB000002AFAD170477047002001E001C1121F9A
:104FC000002AFBD1704700000149086070470000CB
:104FD0000800002482B0CDE9000121F000400190DA
:104FE0009DED000B02B051EC100B7047F0B50B308B
:104FF000154D20F007010024144A0FE003688B428E
:105000000BD38B4205D95E1A43184768C3E9006782
:1050100000E04368136002C004E0021D106800282D
:10502000ECD12046002802D1286808B10020F0BD4C
:10503000064A07481060074A121A22F00702C0E920
:10504000002401202860D7E7040000240000002489
:10505000D45C0024D0BC002400B541EC100B2DED35
:10506000028B83B0B1EEC08B18EE100A18EE901AC6
:105070008DED008B002818BF0120084320F0004070
:10508000C0F17F6000F1E040C00F14D010EE101AA4
:1050900010EE900A8DED000B002918BF0121084386
:1050A00020F00040C0F17F6000F1E040C00F04BF7D
:1050B0000120FFF789FF51EC180B03B0BDEC028B08
:1050C00000BD10B500EE100A2DED028BB1EEC08AC6
:1050D00018EE100A20F00040C0F1FF40C00F0AD0C7
:1050E00010EE100A20F00040C0F1FF40C00F04BFD6
:1050F0000120FFF769FF18EE100ABDEC028B10BD0E
:10510000000000000000F03F000000000000F83F39
:1051100000000000000000000000004003B8E23F73
:10512000000000000000000006D0CF43EBFD4C3E25
:10513000033333333333E33FFFAB6FDBB66DDB3F1A
:105140004D268F515555D53F01411DA96074D13F62
:1051500065DBC9934A86CD3FEF4E454A287ECA3F5C
:105160003E5555555555C53F93BDBE166CC166BFDE
:105170002CDE25AF6A56113FF16BD2C541BDBBBED7
:10518000D0A4BE726937663E000000000000000037
:10519000000000006E83F9A22915444ED15727FC68
:1051A000C0DD34F5999562DB4190433CAB6351FE21
:1051B00000000000000000000000000000000000EF
:1051C00000000000010000000200000003000000D9
:1051D00004000000000000000500000000000000C6
:1051E00000000000000000000600000000000000B9
:1051F00000000000000000000700000000000000A8
:105200000102030401020304060708090001020366
:1052100004050607080C101418203040000610166C
:10522000000610160804020408010101010101032F
:1052300007010000010002000400060008000A0047
:105240000C001000200040008000000100008911C7
:1052500012239B322446AD573665BF74488CC19DDE
:105260005AAFD3BE6CCAE5DB7EE9F7F881100801BE
:1052700093331A22A5562C47B7753E64C99C408DBE
:10528000DBBF52AEEDDA64CBFFF976E802218B305A
:10529000100299132667AF763444BD554AADC3BC9E
:1052A000588ED19F6EEBE7FA7CC8F5D983310A207E
:1052B00091121803A7772E66B5543C45CBBD42AC7E
:1052C000D99E508FEFFB66EAFDD874C904428D5316
:1052D00016619F702004A9153227BB364CCEC5DF5E
:1052E0005EEDD7FC6888E1997AABF3BA85520C433E
:1052F00097711E60A1142805B3373A26CDDE44CF3E
:10530000DFFD56ECE9986089FBBB72AA06638F72D9
:1053100014409D512225AB343006B9174EEFC7FE1D
:105320005CCCD5DD6AA9E3B8788AF19B87730E62FD
:1053300095501C41A3352A24B1163807CFFF46EEFD
:10534000DDDC54CDEBB962A8F99A708B08848195A5
:105350001AA793B62CC2A5D33EE1B7F04008C919ED
:10536000522BDB3A644EED5F766DFF7C89940085AD
:105370009BB712A6ADD224C3BFF136E0C1184809CD
:10538000D33B5A2AE55E6C4FF77D7E6C0AA583B449
:10539000188691972EE3A7F23CC0B5D14229CB38AD
:1053A000500AD91B666FEF7E744CFD5D8BB502A46D
:1053B00099961087AFF326E2BDD034C1C3394A288D
:1053C000D11A580BE77F6E6EF55C7C4D0CC685D705
:1053D0001EE597F42880A1913AA3B3B2444ACD5B6D
:1053E0005669DF78600CE91D722FFB3E8DD604C72D
:1053F0009FF516E4A9902081BBB332A2C55A4C4B4D
:10540000D7795E68E11C680DF33F7A2E0EE787F6C8
:105410001CC495D52AA1A3B03882B193466BCF7A2C
:105420005448DD59622DEB3C700EF91F8FF706E6EC
:105430009DD414C5ABB122A0B9923083C77B4E6A0C
:10544000D5585C49E33D6A2CF11E780F0000803F7F
:10545000000000000000000000000000000000004C
:1054600000000000000000000000803F000000007D
:10547000000000000000000000000000000000002C
:10548000000000000000803F00000000000000005D
:10549000000000000000000000000000000000000C
:1054A0000000803F0000000000000000000000003D
:1054B0000000000000000000000000000000803F2D
:1054C00000000000000000000000000000000000DC
:1054D00000000000000000000000803F005EBCE211
:1054E000613FDD83C29C7E20A3FD1F419DC3217FC0
:1054F000FCA2401E5F01E3BD3E6082DC237D9FC1B4
:10550000421CFEA0E1BF5D0380DE3C62BEE0025CA7
:10551000DF81633D7C22C09E1D43A1FF4618FAA493
:1055200027799BC584DA3866E5BB5907DB8567397F
:10553000BAE406581947A5FB7826C49A653BD98773
:10554000045AB8E6A7F91B45C6987A24F8A6441A67
:1055500099C7257B3A6486D85B05E7B98CD2306E53
:10556000EDB3510F4E10F2AC2F7193CD114FADF33F
:10557000702ECC92D38D6F31B2EC0E50AFF1134D33
:10558000CE90722C6D33D18F0C52B0EE326C8ED027
:10559000530DEFB1F0AE4C1291CF2D73CA94762813
:1055A000ABF517490856B4EA6937D58B5709EBB5FF
:1055B00036688AD495CB2977F4AA4816E9B7550BF3
:1055C00088D6346A2B7597C94A14F6A8742AC896E7
:1055D000154BA9F7B6E80A54D7896B3540AC037D63
:1055E00004014103057C00026D0D026D09020000FB
:1055F00000000000900E493CB00AC93C2CC3163D87
:105600002FFB483D742B7B3D05A9963D80B6AF3DF1
:1056100036BDC83D2EBCE13D73B2FA3D86CF093E92
:105620008340163EB6AB223EA2102F3ECF6E3B3ECD
:10563000C2C5473E0115543E135C603E7F9A6C3EE6
:10564000CCCF783EC07D823E938E883E229A8E3E9D
:1056500031A0943E86A09A3EE59AA03E128FA63EC7
:10566000D47CAC3EEF63B23E2A44B83E4A1DBE3EF7
:1056700015EFC33E53B9C93ECA7BCF3E4136D53E36
:1056800080E8DA3E4F92E03E7533E63EBBCBEB3E20
:10569000EA5AF13ECBE0F63E275DFC3EE4E7003FF0
:1056A0003D9C033F824B063F9BF5083F6B9A0B3FA7
:1056B000DA390E3FCDD3103F2A68133FD9F6153F94
:1056C000C07F183FC6021B3FD17F1D3FCBF61F3F57
:1056D0009967223F25D2243F5636273F1594293F0C
:1056E0004AEB2B3FDE3B2E3FBB85303FC9C8323FE4
:1056F000F304353F233A373F4268393F3B8F3B3F06
:10570000F9AE3D3F67C73F3F70D8413F00E2433F9E
:1057100003E4453F65DE473F12D1493FF8BB4B3FAD
:10572000029F4D3F1F7A4F3F3D4D513F4918533F18
:1057300031DB543FE595563F5348583F6AF2593F95
:105740001A945B3F532D5D3F05BE5E3F2146603F8F
:1057500098C5613F5A3C633F59AA643F880F663F32
:10576000D86B673F3CBF683FA7096A3F0C4B6B3F54
:105770005E836C3F93B26D3F9ED86E3F73F56F3F73
:105780000809713F5213723F4714733FDD0B743F9A
:105790000BFA743FC6DE753F07BA763FC58B773F7D
:1057A000F853783F9812793F9DC7793F02737A3F4B
:1057B000BE147B3FCDAC7B3F283B7C3FC9BF7C3FC9
:1057C000AC3A7D3FCCAB7D3F24137E3FB0707E3F33
:1057D0006DC47E3F580E7F3F6D4E7F3FAB847F3F51
:1057E0000FB17F3F98D37F3F43EC7F3F11FB7F3F5B
:1057F0000000803F11FB7F3F43EC7F3F98D37F3F0A
:105800000FB17F3FAB847F3F6D4E7F3F580E7F3F90
:105810006DC47E3FB0707E3F24137E3FCCAB7D3F96
:10582000AC3A7D3FC9BF7C3F283B7C3FCDAC7B3F42
:10583000BE147B3F02737A3F9DC7793F9812793F30
:10584000F853783FC58B773F07BA763FC6DE753F82
:105850000BFA743FDD0B743F4714733F5213723FD2
:105860000809713F73F56F3F9ED86E3F93B26D3F4D
:105870005E836C3F0C4B6B3FA7096A3F3CBF683FA0
:10588000D86B673F880F663F59AA643F5A3C633F15
:1058900098C5613F2146603F05BE5E3F532D5D3F89
:1058A0001A945B3F6AF2593F5348583FE595563F7B
:1058B00031DB543F4918533F3D4D513F1F7A4F3F15
:1058C000029F4D3FF8BB4B3F12D1493F65DE473F3A
:1058D00003E4453F00E2433F70D8413F67C73F3F85
:1058E000F9AE3D3F3B8F3B3F4268393F233A373F5C
:1058F000F304353FC9C8323FBB85303FDE3B2E3F06
:105900004AEB2B3F1594293F5636273F25D2243F9B
:105910009967223FCBF61F3FD17F1D3FC6021B3F39
:10592000C07F183FD9F6153F2A68133FCDD3103FEB
:10593000DA390E3F6B9A0B3F9BF5083F824B063FCF
:105940003D9C033FE4E7003F275DFC3ECBE0F63E95
:10595000EA5AF13EBBCBEB3E7533E63E4F92E03E5A
:1059600080E8DA3E4136D53ECA7BCF3E53B9C93EC8
:1059700015EFC33E4A1DBE3E2A44B83EEF63B23E19
:10598000D47CAC3E128FA63EE59AA03E86A09A3EFD
:1059900031A0943E229A8E3E938E883EC07D823EF8
:1059A000CCCF783E7F9A6C3E135C603E0115543E2E
:1059B000C2C5473ECF6E3B3EA2102F3EB6AB223E45
:1059C0008340163E86CF093E73B2FA3D2EBCE13DC0
:1059D00036BDC83D80B6AF3D05A9963D742B7B3DD5
:1059E0002FFB483D2CC3163DB00AC93C900E493CE4
:1059F00000000000900E49BCB00AC9BC2CC316BD03
:105A00002FFB48BD742B7BBD05A996BD80B6AFBDED
:105A100036BDC8BD2EBCE1BD73B2FABD86CF09BE8E
:105A2000834016BEB6AB22BEA2102FBECF6E3BBEC9
:105A3000C2C547BE011554BE135C60BE7F9A6CBEE2
:105A4000CCCF78BEC07D82BE938E88BE229A8EBE99
:105A500031A094BE86A09ABEE59AA0BE128FA6BEC3
:105A6000D47CACBEEF63B2BE2A44B8BE4A1DBEBEF3
:105A700015EFC3BE53B9C9BECA7BCFBE4136D5BE32
:105A800080E8DABE4F92E0BE7533E6BEBBCBEBBE1C
:105A9000EA5AF1BECBE0F6BE275DFCBEE4E700BFEC
:105AA0003D9C03BF824B06BF9BF508BF6B9A0BBFA3
:105AB000DA390EBFCDD310BF2A6813BFD9F615BF90
:105AC000C07F18BFC6021BBFD17F1DBFCBF61FBF53
:105AD000996722BF25D224BF563627BF159429BF08
:105AE0004AEB2BBFDE3B2EBFBB8530BFC9C832BFE0
:105AF000F30435BF233A37BF426839BF3B8F3BBF02
:105B0000F9AE3DBF67C73FBF70D841BF00E243BF9A
:105B100003E445BF65DE47BF12D149BFF8BB4BBFA9
:105B2000029F4DBF1F7A4FBF3D4D51BF491853BF14
:105B300031DB54BFE59556BF534858BF6AF259BF91
:105B40001A945BBF532D5DBF05BE5EBF214660BF8B
:105B500098C561BF5A3C63BF59AA64BF880F66BF2E
:105B6000D86B67BF3CBF68BFA7096ABF0C4B6BBF50
:105B70005E836CBF93B26DBF9ED86EBF73F56FBF6F
:105B8000080971BF521372BF471473BFDD0B74BF96
:105B90000BFA74BFC6DE75BF07BA76BFC58B77BF79
:105BA000F85378BF981279BF9DC779BF02737ABF47
:105BB000BE147BBFCDAC7BBF283B7CBFC9BF7CBFC5
:105BC000AC3A7DBFCCAB7DBF24137EBFB0707EBF2F
:105BD0006DC47EBF580E7FBF6D4E7FBFAB847FBF4D
:105BE0000FB17FBF98D37FBF43EC7FBF11FB7FBF57
:105BF000000080BF11FB7FBF43EC7FBF98D37FBF06
:105C00000FB17FBFAB847FBF6D4E7FBF580E7FBF8C
:105C10006DC47EBFB0707EBF24137EBFCCAB7DBF92
:105C2000AC3A7DBFC9BF7CBF283B7CBFCDAC7BBF3E
:105C3000BE147BBF02737ABF9DC779BF981279BF2C
:105C4000F85378BFC58B77BF07BA76BFC6DE75BF7E
:105C50000BFA74BFDD0B74BF471473BF521372BFCE
:105C6000080971BF73F56FBF9ED86EBF93B26DBF49
:105C70005E836CBF0C4B6BBFA7096ABF3CBF68BF9C
:105C8000D86B67BF880F66BF59AA64BF5A3C63BF11
:105C900098C561BF214660BF05BE5EBF532D5DBF85
:105CA0001A945BBF6AF259BF534858BFE59556BF77
:105CB00031DB54BF491853BF3D4D51BF1F7A4FBF11
:105CC000029F4DBFF8BB4BBF12D149BF65DE47BF36
:105CD00003E445BF00E243BF70D841BF67C73FBF81
:105CE000F9AE3DBF3B8F3BBF426839BF233A37BF58
:105CF000F30435BFC9C832BFBB8530BFDE3B2EBF02
:105D00004AEB2BBF159429BF563627BF25D224BF97
:105D1000996722BFCBF61FBFD17F1DBFC6021BBF35
:105D2000C07F18BFD9F615BF2A6813BFCDD310BFE7
:105D3000DA390EBF6B9A0BBF9BF508BF824B06BFCB
:105D40003D9C03BFE4E700BF275DFCBECBE0F6BE91
:105D5000EA5AF1BEBBCBEBBE7533E6BE4F92E0BE56
:105D600080E8DABE4136D5BECA7BCFBE53B9C9BEC4
:105D700015EFC3BE4A1DBEBE2A44B8BEEF63B2BE15
:105D8000D47CACBE128FA6BEE59AA0BE86A09ABEF9
:105D900031A094BE229A8EBE938E88BEC07D82BEF4
:105DA000CCCF78BE7F9A6CBE135C60BE011554BE2A
:105DB000C2C547BECF6E3BBEA2102FBEB6AB22BE41
:105DC000834016BE86CF09BE73B2FABD2EBCE1BDBC
:105DD00036BDC8BD80B6AFBD05A996BD742B7BBDD1
:105DE0002FFB48BD2CC316BDB00AC9BC900E49BCE0
:105DF0000000008043444320496E7465726661630D
:105E0000650043444320436F6E6669670053544DF9
:105E10006963726F656C656374726F6E696373003A
:105E200053544D3332205669727475616C20436F40
:105E30006D506F7274000000605E02080000002464
:105E4000B00500003E05000878600208B005002497
:105E500020370100B84F02086110FFFF5510FFFF07
:105E60000114300CE7416B3A58A08B3A8281014310
:105E7000803F05126F12033B09201C0116093A1CD2
:105E8000095658092E1C698C098690491C05180A68
:105E9000D7233C091A1C0D32CDCCCC3D1C091A90DD
:105EA000256F12833A031A704109521C0318A0404F
:105EB00018129A99993E1B2FDD3C5C8F023E2146B9
:105EC000010891041AB1041AD904180A29470108D3
:105ED000D1450108410C512C50C347F8091204095F
:105EE000531C110B1AC8421C520A138C422C90D01E
:105EF0000304480B0939010839360108693CB01B15
:105F00002937C05E340108C935C0711E293801081F
:105F1000B91C1A99081AA108140902431302012591
:105F2000C03209041B01020B1305241610010524BD
:105F30000110090104240202052406170107058245
:105F4000030815100904012A02792E0705010240F1
:105F5000072A810711130A0632023340011A12235D
:105F60001302021E4083044057591B0203151311EC
:105F7000081B08090413A9071B0849081A990407F4
:105F800018040309041A03120F16081082091116C7
:105F90000A15800B1610090C18010D7D04017C16E2
:105FA0000240AB0341100B05530806580407474C49
:105FB000311C474C32041A330412341C504C460432
:105FC0001A47041A4804124912451A461812351A7B
:105FD0004C281A4C281C50494E18124A1A420C1AC6
:105FE00042343A42341A3104191C19103A50101A2A
:105FF00035041A36041A37041A38041A39041A41B7
:10600000041A42041A43041A4404124512301B2B8A
:1060100032041334301A2D081A2D081A534A1A5311
:106020004A1A534A1A534A1A534A1A534A1A534A93
:106030001A534A1A534A2B534C281A41041A420441
:106040001A430412441B5333381A33381A33381A9C
:1060500033381A33381A33381A33383904193C1A9A
:10606000333C1333411A433423701736E02D103B71
:086070000132100000000000E5
:04000005080002CD20
:00000001FF
